MSSubClass,MSZoning,LotFrontage,LotArea,Street,Alley,LotShape,LandContour,Utilities,LotConfig,LandSlope,Neighborhood,Condition1,Condition2,BldgType,HouseStyle,OverallQual,OverallCond,YearBuilt,YearRemodAdd,RoofStyle,RoofMatl,Exterior1st,Exterior2nd,MasVnrType,MasVnrArea,ExterQual,ExterCond,Foundation,BsmtQual,BsmtCond,BsmtExposure,BsmtFinType1,BsmtFinSF1,BsmtFinType2,BsmtFinSF2,BsmtUnfSF,TotalBsmtSF,Heating,HeatingQC,CentralAir,Electrical,1stFlrSF,2ndFlrSF,LowQualFinSF,GrLivArea,BsmtFullBath,BsmtHalfBath,FullBath,HalfBath,BedroomAbvGr,KitchenAbvGr,KitchenQual,TotRmsAbvGrd,Functional,Fireplaces,FireplaceQu,GarageType,GarageYrBlt,GarageFinish,GarageCars,GarageArea,GarageQual,GarageCond,PavedDrive,WoodDeckSF,OpenPorchSF,EnclosedPorch,3SsnPorch,ScreenPorch,PoolArea,PoolQC,Fence,MiscFeature,MiscVal,MoSold,SaleType,SaleCondition,LotFrontage_na,Alley_na,MasVnrType_na,MasVnrArea_na,BsmtQual_na,BsmtCond_na,BsmtExposure_na,BsmtFinType1_na,BsmtFinType2_na,Electrical_na,FireplaceQu_na,GarageType_na,GarageYrBlt_na,GarageFinish_na,GarageQual_na,GarageCond_na,PoolQC_na,Fence_na,MiscFeature_na
9,RL,4.290459441148391,9.872566282963348,Pave,,IR1,HLS,AllPub,Inside,Gtl,Timber,Norm,Norm,1Fam,1Story,8,5,2,2,Gable,CompShg,VinylSd,VinylSd,,0.0,4,3,PConc,,,,,16,,0,1450,1466,GasA,5,Y,,7.290292882446597,0,0,7.290292882446597,0,0,2,0,3,1,4,7,Typ,0,,,2.0,,3,610,,,Y,100,18,0,0,0,0,,,,0,7,WD,Normal,0,1,1,0,1,1,1,1,1,1,1,1,0,1,1,1,1,1,1
9,RL,4.276666119016055,10.007175775550873,Pave,,IR1,Lvl,AllPub,Inside,Gtl,NAmes,Norm,Norm,1Fam,1Story,5,7,49,2,Gable,CompShg,HdBoard,HdBoard,,54.0,4,3,CBlock,,,,,806,,0,247,1053,GasA,5,Y,,6.959398512133975,0,0,6.959398512133975,1,0,1,1,3,1,4,5,Typ,0,,,49.0,,1,312,,,Y,0,0,0,0,0,0,,,,0,8,WD,Normal,0,1,1,0,1,1,1,1,1,1,1,1,0,1,1,1,1,1,1
11,RL,4.110873864173311,9.692888573640326,Pave,,Reg,Lvl,AllPub,Inside,Gtl,NridgHt,Norm,Norm,TwnhsE,1Story,9,5,5,5,Hip,CompShg,MetalSd,MetalSd,,412.0,5,3,PConc,,,,,456,,0,1296,1752,GasA,5,Y,,7.468513271496337,0,0,7.468513271496337,1,0,2,0,2,1,5,6,Typ,1,,,5.0,,2,576,,,Y,196,82,0,0,0,0,,,,0,2,WD,Normal,0,1,1,0,1,1,1,1,1,1,1,1,0,1,1,1,1,1,1
9,RL,,10.576591315468816,Pave,,IR3,Low,AllPub,Inside,Gtl,SawyerW,Norm,Norm,1Fam,1Story,7,5,9,9,Gable,CompShg,VinylSd,VinylSd,,0.0,4,3,PConc,,,,,1443,,0,39,1482,GasA,5,Y,,7.309212365692763,0,0,7.309212365692763,1,0,2,0,3,1,4,5,Typ,1,,,9.0,,2,514,,,Y,402,25,0,0,0,0,,,,0,8,WD,Normal,1,1,1,0,1,1,1,1,1,1,1,1,0,1,1,1,1,1,1
9,RL,4.605170185988092,10.026783838997972,Pave,,IR1,Lvl,AllPub,Inside,Gtl,NAmes,Norm,Norm,1Fam,1Story,6,5,44,44,Gable,CompShg,HdBoard,Plywood,,272.0,3,3,CBlock,,,,,490,,0,935,1425,GasA,4,Y,,7.261927092702751,0,0,7.261927092702751,0,0,2,0,3,1,3,7,Typ,1,,,44.0,,2,576,,,Y,0,0,0,1,0,0,,,,0,7,WD,Normal,0,1,1,0,1,1,1,1,1,1,1,1,0,1,1,1,1,1,1
11,RL,4.174387269895637,9.85184727662383,Pave,,Reg,Lvl,AllPub,Corner,Gtl,NridgHt,Norm,Norm,TwnhsE,1Story,9,5,0,0,Hip,CompShg,MetalSd,MetalSd,,766.0,5,3,PConc,,,,,1540,,0,162,1702,GasA,5,Y,,7.43955930913332,0,0,7.43955930913332,1,0,1,1,1,1,5,7,Typ,1,,,0.0,,3,1052,,,Y,0,72,0,0,1,0,,,,0,10,New,Partial,0,1,1,0,1,1,1,1,1,1,1,1,0,1,1,1,1,1,1
9,RL,4.804021044733257,10.213789785828345,Pave,,IR1,Lvl,AllPub,Corner,Gtl,CollgCr,Norm,Norm,1Fam,1Story,9,5,2,2,Gable,CompShg,VinylSd,VinylSd,,0.0,4,3,PConc,,,,,0,,0,1800,1800,GasA,5,Y,,7.495541943884256,0,0,7.495541943884256,0,0,2,0,2,1,5,7,Typ,0,,,2.0,,2,702,,,Y,288,136,0,0,0,0,,,,0,5,WD,Normal,0,1,1,0,1,1,1,1,1,1,1,1,0,1,1,1,1,1,1
3,RL,4.204692619390966,9.852918564300682,Pave,,Reg,Lvl,AllPub,Inside,Gtl,Edwards,Feedr,Norm,Duplex,1.5Fin,5,7,108,5,Gable,CompShg,MetalSd,MetalSd,,0.0,3,3,CBlock,,,,,1084,,0,188,1272,GasA,4,Y,,7.148345743900068,928,0,7.696212639346407,2,0,2,2,4,2,3,9,Typ,0,,,,,0,0,,,N,0,70,0,0,0,0,,,,0,9,WD,Normal,0,1,1,0,1,1,1,1,1,1,1,1,1,1,1,1,1,1,1
7,RM,,9.218208329910267,Pave,,Reg,Lvl,AllPub,Inside,Gtl,OldTown,Norm,Norm,1Fam,2Story,8,7,83,12,Hip,CompShg,Stucco,Wd Shng,,0.0,3,4,PConc,,,,,0,,0,588,588,GasA,2,Y,,6.725033642166843,833,0,7.418180822726788,0,0,1,0,3,1,4,7,Typ,1,,,83.0,,1,228,,,Y,192,63,0,0,0,0,,,,0,6,WD,Normal,1,1,1,0,1,1,1,1,1,1,1,1,0,1,1,1,1,1,1
12,RL,4.382026634673881,10.612428834722964,Pave,,IR1,Lvl,AllPub,Inside,Gtl,NWAmes,RRAn,Norm,1Fam,2Story,7,5,28,28,Gable,CompShg,Plywood,Plywood,,184.0,3,3,CBlock,,,,,790,,1,133,1392,GasA,3,Y,,7.238496840894365,1392,0,7.931644021454311,1,0,3,1,5,1,4,12,Typ,2,,,28.0,,2,564,,,Y,0,112,0,0,1,519,,,,1,7,WD,Normal,0,1,1,0,1,1,1,1,1,1,1,1,0,1,1,1,1,1,1
0,RM,3.912023005428146,9.392890478215914,Pave,,Reg,Bnk,AllPub,Inside,Gtl,OldTown,Norm,Norm,1Fam,1Story,4,7,70,7,Hip,CompShg,Stucco,Stucco,,435.0,3,3,BrkTil,,,,,168,,0,739,907,GasA,3,Y,,7.030857476116121,0,0,7.030857476116121,0,0,1,0,2,1,3,7,Typ,0,,,12.0,,2,672,,,Y,0,72,0,0,0,0,,,,0,3,WD,Alloca,0,1,1,0,1,1,1,1,1,1,1,1,0,1,1,1,1,1,1
7,RL,,10.164443069078528,Pave,,IR1,HLS,AllPub,Corner,Mod,Crawfor,Norm,Norm,1Fam,2Story,8,7,77,56,Gable,CompShg,BrkFace,Stucco,,0.0,3,3,PConc,,,,,0,,0,792,792,GasA,2,Y,,6.674561391814426,725,0,7.324489979348532,0,0,1,0,3,1,4,7,Typ,2,,,75.0,,2,400,,,Y,0,0,0,0,0,0,,,,0,6,WD,Normal,1,1,1,0,1,1,1,1,1,1,1,1,0,1,1,1,1,1,1
9,RL,4.248495242049359,9.801640606604034,Pave,,Reg,Lvl,AllPub,Inside,Gtl,Mitchel,Feedr,Norm,1Fam,1Story,5,5,0,0,Gable,CompShg,VinylSd,VinylSd,,0.0,3,3,PConc,,,,,206,,0,914,1120,GasA,5,Y,,7.02108396428914,0,0,7.02108396428914,0,0,1,0,3,1,3,6,Typ,0,,,,,0,0,,,Y,0,30,0,0,0,0,,,,0,12,New,Partial,0,1,1,0,1,1,1,1,1,1,1,1,1,1,1,1,1,1,1
8,RL,,9.89861486228056,Pave,,IR1,Lvl,AllPub,Inside,Gtl,Gilbert,Norm,Norm,1Fam,SLvl,7,5,15,15,Gable,CompShg,HdBoard,HdBoard,,170.0,3,3,PConc,,,,,0,,0,384,384,GasA,4,Y,,6.699500340161678,670,0,7.301147805856032,0,0,2,1,3,1,4,7,Typ,1,,,15.0,,2,392,,,Y,100,25,0,0,0,0,,,,0,7,WD,Normal,1,1,1,0,1,1,1,1,1,1,1,1,0,1,1,1,1,1,1
9,RL,4.248495242049359,10.063829694942651,Pave,,Reg,Lvl,AllPub,FR2,Gtl,NAmes,Norm,Norm,1Fam,1Story,4,6,38,38,Gable,CompShg,HdBoard,HdBoard,,0.0,3,3,CBlock,,,,,524,,1,160,864,GasA,4,Y,,6.761572768804055,0,0,6.761572768804055,0,0,1,0,2,1,3,4,Typ,0,,,20.0,,2,576,,,Y,216,0,0,0,0,0,,,,0,3,WD,Abnorml,0,1,1,0,1,1,1,1,1,1,1,1,0,1,1,1,1,1,1
9,RL,,10.237043952963322,Pave,,IR1,Lvl,AllPub,Inside,Gtl,NAmes,Norm,Norm,1Fam,1Story,5,5,51,51,Hip,CompShg,Plywood,Plywood,,180.0,3,3,CBlock,,,,,1000,,0,188,1188,GasA,2,Y,,7.080026499922591,0,0,7.080026499922591,1,0,1,0,3,1,3,6,Typ,0,,,51.0,,2,531,,,Y,0,0,0,0,0,0,,,,0,5,COD,Abnorml,1,1,1,0,1,1,1,1,1,1,1,1,0,1,1,1,1,1,1
12,FV,4.174387269895637,9.76229871979014,Pave,,Reg,Lvl,AllPub,Inside,Gtl,Somerst,Norm,Norm,1Fam,2Story,7,5,0,0,Gable,CompShg,VinylSd,VinylSd,,0.0,4,3,PConc,,,,,0,,0,770,770,GasA,5,Y,,6.656726524178391,798,0,7.362645270417825,0,0,2,1,3,1,4,6,Typ,0,,,0.0,,2,614,,,Y,0,50,0,0,0,0,,,,0,8,New,Partial,0,1,1,0,1,1,1,1,1,1,1,1,0,1,1,1,1,1,1
2,RL,4.0943445622221,9.991302820829192,Pave,,Reg,Lvl,AllPub,Inside,Gtl,BrkSide,RRAn,Norm,2fmCon,1Story,4,5,36,36,Gable,CompShg,HdBoard,HdBoard,,160.0,3,3,CBlock,,,,,789,,0,171,960,GasW,3,N,,6.866933284461882,0,0,6.866933284461882,1,0,1,0,3,1,3,6,Typ,0,,,36.0,,2,576,,,Y,0,288,0,0,0,0,,,,0,5,WD,Normal,0,1,1,0,1,1,1,1,1,1,1,1,0,1,1,1,1,1,1
9,RL,4.31748811353631,10.217153574373746,Pave,,IR1,Lvl,AllPub,Inside,Gtl,Somerst,RRAn,Norm,1Fam,1Story,8,5,2,2,Gable,CompShg,VinylSd,VinylSd,,53.0,4,3,PConc,,,,,24,,0,1550,1574,GasA,5,Y,,7.3613754289773485,0,0,7.3613754289773485,0,0,2,0,3,1,4,7,Typ,1,,,2.0,,3,824,,,Y,144,104,0,0,0,0,,,,0,7,WD,Normal,0,1,1,0,1,1,1,1,1,1,1,1,0,1,1,1,1,1,1
5,RM,4.442651256490317,9.81525495090965,Pave,,Reg,Lvl,AllPub,Corner,Gtl,IDOTRR,Artery,Norm,1Fam,1.5Fin,5,7,88,2,Gable,CompShg,CemntBd,CmentBd,,0.0,3,3,CBlock,,,,,0,,0,793,793,GasW,3,N,,6.904750769961838,520,0,7.324489979348532,0,0,2,0,3,1,2,7,Typ,0,,,,,0,0,,,N,0,0,1,0,0,0,,,,0,8,WD,Normal,0,1,1,0,1,1,1,1,1,1,1,1,1,1,1,1,1,1,1
8,RL,4.248495242049359,10.305603788309105,Pave,,IR1,Lvl,AllPub,Inside,Gtl,Sawyer,Norm,Norm,1Fam,SLvl,5,6,46,10,Gable,CompShg,HdBoard,HdBoard,,0.0,3,3,CBlock,,,,,444,,0,76,520,GasA,5,Y,,7.288927694521257,0,0,7.288927694521257,0,1,2,0,3,1,3,6,Min2,1,,,12.0,,2,480,,,Y,302,0,0,0,1,0,,,,0,10,WD,Normal,0,1,1,0,1,1,1,1,1,1,1,1,0,1,1,1,1,1,1
12,RL,4.3694478524670215,10.030598034059064,Pave,,IR1,Lvl,AllPub,Inside,Gtl,NoRidge,Norm,Norm,1Fam,2Story,7,5,13,12,Gable,CompShg,VinylSd,VinylSd,,921.0,4,3,PConc,,,,,0,,0,1264,1264,GasA,5,Y,,7.152268856032539,1067,0,7.759614150696903,0,0,2,1,3,1,4,7,Typ,1,,,13.0,,3,889,,,Y,220,0,0,0,0,0,,,,0,7,WD,Normal,0,1,1,0,1,1,1,1,1,1,1,1,0,1,1,1,1,1,1
11,RM,4.07753744390572,9.772793156576435,Pave,,Reg,Lvl,AllPub,FR3,Gtl,NridgHt,Norm,Norm,TwnhsE,1Story,7,5,4,4,Gable,CompShg,VinylSd,VinylSd,,146.0,4,3,PConc,,,,,720,,0,638,1358,GasA,5,Y,,7.213768308118642,0,0,7.213768308118642,1,0,2,0,2,1,4,6,Typ,1,,,4.0,,2,484,,,Y,192,30,0,0,0,0,,,,0,7,WD,Normal,0,1,1,0,1,1,1,1,1,1,1,1,0,1,1,1,1,1,1
12,RL,,9.753312655475783,Pave,,Reg,Lvl,AllPub,Inside,Gtl,Gilbert,Norm,Norm,1Fam,2Story,6,5,7,7,Gable,CompShg,VinylSd,VinylSd,,0.0,3,3,PConc,,,,,0,,0,924,924,GasA,5,Y,,6.854354502255021,742,0,7.432483807917119,0,0,2,1,3,1,3,7,Typ,1,,,7.0,,2,463,,,Y,100,48,0,0,0,0,,,,0,11,WD,Abnorml,1,1,1,0,1,1,1,1,1,1,1,1,0,1,1,1,1,1,1
8,RL,4.787491742782046,10.784925709540063,Pave,,Reg,Lvl,AllPub,Corner,Gtl,NAmes,Artery,Norm,1Fam,SLvl,6,5,47,47,Gable,CompShg,Wd Sdng,Wd Sdng,,399.0,3,3,CBlock,,,,,672,,1,0,1362,GasA,3,Y,,7.231287004327616,0,0,7.231287004327616,1,0,1,0,3,1,3,6,Typ,1,,,18.0,,2,884,,,Y,0,0,1,0,0,0,,,,0,5,WD,Normal,0,1,1,0,1,1,1,1,1,1,1,1,0,1,1,1,1,1,1
12,RL,4.248495242049359,9.801361141894677,Pave,,Reg,Lvl,AllPub,Inside,Gtl,SawyerW,Norm,Norm,1Fam,2Story,6,6,30,29,Gable,CompShg,HdBoard,HdBoard,,130.0,3,3,CBlock,,,,,0,,0,650,650,GasA,3,Y,,6.78897174299217,676,0,7.355001921105257,0,0,2,1,3,1,3,7,Typ,1,,,30.0,,2,476,,,Y,0,50,0,0,1,0,,,,0,4,WD,Normal,0,1,1,0,1,1,1,1,1,1,1,1,0,1,1,1,1,1,1
11,RL,3.5263605246161616,9.280638293229277,Pave,,IR1,Lvl,AllPub,Inside,Gtl,NridgHt,Norm,Norm,Twnhs,1Story,6,5,4,4,Gable,CompShg,VinylSd,VinylSd,,135.0,4,3,PConc,,,,,900,,0,406,1306,GasA,5,Y,,7.174724309836376,0,0,7.174724309836376,1,0,2,0,1,1,4,5,Typ,1,,,4.0,,2,624,,,Y,170,63,0,0,0,0,,,,0,8,WD,Normal,0,1,1,0,1,1,1,1,1,1,1,1,0,1,1,1,1,1,1
9,RL,3.9889840465642745,10.387657072238477,Pave,,IR1,Lvl,AllPub,Inside,Gtl,Timber,Norm,Norm,1Fam,1Story,6,6,19,19,Gable,CompShg,HdBoard,HdBoard,,72.0,3,3,CBlock,,,,,980,,1,92,1112,GasA,4,Y,,7.036148493750536,0,0,7.036148493750536,1,0,2,0,2,1,4,5,Typ,1,,,19.0,,2,551,,,Y,125,0,0,0,0,0,,,,0,7,WD,Normal,0,1,1,0,1,1,1,1,1,1,1,1,0,1,1,1,1,1,1
9,RL,4.605170185988092,10.92771107780313,Pave,,Reg,HLS,AllPub,Inside,Mod,Mitchel,Artery,Norm,1Fam,1Story,5,5,54,54,Hip,CompShg,HdBoard,HdBoard,,0.0,3,3,CBlock,,,,,0,,0,988,988,GasA,5,Y,,6.895682697747868,0,0,6.895682697747868,0,0,1,0,2,1,3,4,Typ,0,,,54.0,,2,520,,,N,0,0,0,0,0,0,,,,0,2,WD,Normal,0,1,1,0,1,1,1,1,1,1,1,1,0,1,1,1,1,1,1
8,RL,4.248495242049359,10.063829694942651,Pave,,Reg,Lvl,AllPub,FR2,Gtl,NAmes,Norm,Norm,1Fam,SLvl,5,7,36,2,Gambrel,CompShg,MetalSd,AsphShn,,82.0,3,3,CBlock,,,,,349,,0,23,372,GasA,3,Y,,6.3561076606958915,533,0,7.011213987350367,0,1,1,0,3,1,3,5,Typ,0,,,36.0,,1,288,,,Y,35,0,0,0,0,0,,,,0,12,WD,Normal,0,1,1,0,1,1,1,1,1,1,1,1,0,1,1,1,1,1,1
9,RL,4.248495242049359,9.587684341669933,Pave,,Reg,Lvl,AllPub,Inside,Gtl,NAmes,Norm,Norm,1Fam,1Story,5,7,47,5,Gable,CompShg,Wd Sdng,Wd Sdng,,45.0,3,3,CBlock,,,,,588,,0,422,1010,GasA,5,Y,,7.033506484287697,0,0,7.033506484287697,0,0,1,0,2,1,3,6,Typ,0,,,47.0,,1,254,,,Y,0,16,0,0,0,0,,,,0,4,WD,Family,0,1,1,0,1,1,1,1,1,1,1,1,0,1,1,1,1,1,1
12,RL,4.499809670330265,10.09703958498912,Pave,,Reg,Lvl,AllPub,Inside,Gtl,NWAmes,Norm,Norm,1Fam,2Story,6,7,34,11,Gable,CompShg,HdBoard,HdBoard,,0.0,3,3,CBlock,,,,,956,,1,384,1522,GasA,3,Y,,7.344719054149673,1066,0,7.868636894184167,0,0,2,1,4,1,3,9,Typ,1,,,34.0,,2,624,,,Y,38,243,0,0,0,0,,,,0,6,WD,Normal,0,1,1,0,1,1,1,1,1,1,1,1,0,1,1,1,1,1,1
5,RL,3.912023005428146,9.587684341669933,Pave,,Reg,Lvl,AllPub,Corner,Gtl,OldTown,Artery,Norm,1Fam,1.5Fin,6,6,82,56,Gable,CompShg,MetalSd,MetalSd,,0.0,3,4,BrkTil,,,,,617,,0,0,617,GasA,4,Y,,6.762729506931879,445,0,7.177782416195197,0,0,2,0,2,1,3,6,Min1,0,,,82.0,,1,398,,,Y,0,0,1,0,0,0,,,,0,5,COD,Normal,0,1,1,0,1,1,1,1,1,1,1,1,0,1,1,1,1,1,1
9,RL,4.2626798770413155,9.906576149247746,Pave,,Reg,Bnk,AllPub,Corner,Gtl,Mitchel,Norm,Norm,1Fam,1Story,6,5,24,24,Gable,CompShg,VinylSd,VinylSd,,0.0,3,4,PConc,,,,,336,,0,748,1084,GasA,3,Y,,6.984716320118266,0,0,6.984716320118266,0,0,1,1,3,1,3,5,Typ,0,,,24.0,,2,484,,,Y,120,0,1,0,0,0,,,,0,6,WD,Normal,0,1,1,0,1,1,1,1,1,1,1,1,0,1,1,1,1,1,1
5,RL,4.3694478524670215,10.253163977358225,Pave,,IR1,Low,AllPub,Inside,Mod,SawyerW,Norm,Norm,1Fam,1.5Fin,8,8,26,0,Gable,CompShg,Wd Sdng,Wd Sdng,,0.0,4,3,CBlock,,,,,1441,,0,55,1496,GasA,5,Y,,7.310550158534422,636,0,7.664815785285735,1,0,1,1,1,1,4,5,Min2,1,,,26.0,,2,612,,,Y,349,40,0,0,0,0,,,,0,9,WD,Normal,0,1,1,0,1,1,1,1,1,1,1,1,0,1,1,1,1,1,1
8,RL,4.624972813284271,10.028750242154198,Pave,,IR1,Lvl,AllPub,Inside,Gtl,NWAmes,Norm,Norm,1Fam,SLvl,7,6,38,14,Gable,CompShg,MetalSd,MetalSd,,143.0,3,3,CBlock,,,,,0,,0,570,570,GasA,4,Y,,7.108244139731541,698,0,7.560080465021827,0,0,3,0,4,1,4,8,Typ,1,,,38.0,,2,487,,,Y,0,98,0,0,0,0,,,,0,9,WD,Normal,0,1,1,0,1,1,1,1,1,1,1,1,0,1,1,1,1,1,1
5,RM,3.6888794541139363,9.046669251903772,Pave,,Reg,Lvl,AllPub,Inside,Gtl,OldTown,Norm,Norm,1Fam,1.5Fin,6,8,86,56,Gable,CompShg,Stucco,Stucco,,0.0,3,3,BrkTil,,,,,0,,0,648,648,GasA,3,Y,,6.598509028614515,384,0,7.0192966537150445,0,0,1,0,2,1,3,6,Typ,0,,,16.0,,2,440,,,Y,0,0,0,0,0,0,,,,0,10,WD,Normal,0,1,1,0,1,1,1,1,1,1,1,1,0,1,1,1,1,1,1
9,RL,4.584967478670572,10.168873546642843,Pave,,Reg,Lvl,AllPub,Inside,Gtl,NridgHt,Norm,Norm,1Fam,1Story,8,5,3,2,Gable,CompShg,VinylSd,VinylSd,,200.0,4,3,PConc,,,,,1218,,0,486,1704,GasA,5,Y,,7.440733707389261,0,0,7.440733707389261,1,0,2,0,3,1,4,7,Typ,1,,,2.0,,3,772,,,Y,0,50,0,0,0,0,,,,0,5,WD,Normal,0,1,1,0,1,1,1,1,1,1,1,1,0,1,1,1,1,1,1
0,RL,,10.254601369860689,Pave,,IR1,Lvl,AllPub,Inside,Gtl,Edwards,Norm,Norm,1Fam,1Story,4,5,69,59,Gable,CompShg,VinylSd,VinylSd,,0.0,3,3,CBlock,,,,,262,,0,599,861,GasA,5,Y,,6.7580945044277305,0,0,6.7580945044277305,0,0,1,0,1,1,3,4,Typ,0,,,48.0,,2,539,,,Y,158,0,0,0,0,0,,,,0,3,WD,Normal,1,1,1,0,1,1,1,1,1,1,1,1,0,1,1,1,1,1,1
12,RL,4.499809670330265,10.19149094176524,Pave,,Reg,Lvl,AllPub,Inside,Gtl,NWAmes,Norm,Norm,1Fam,2Story,6,6,39,39,Mansard,CompShg,HdBoard,AsphShn,,365.0,4,3,CBlock,,,,,384,,1,143,702,GasA,4,Y,,6.947937068614969,702,0,7.463363045520021,0,1,1,2,3,1,3,7,Typ,1,,,39.0,,2,539,,,Y,224,0,0,0,0,0,,,,0,6,WD,Normal,0,1,1,0,1,1,1,1,1,1,1,1,0,1,1,1,1,1,1
4,RM,3.044522437723423,8.060804798239065,Pave,,Reg,Lvl,AllPub,Inside,Gtl,BrDale,Norm,Norm,Twnhs,2Story,6,6,38,38,Gable,CompShg,HdBoard,HdBoard,,127.0,3,3,CBlock,,,,,321,,0,162,483,GasA,3,Y,,6.180016653652572,504,0,6.894670039433482,0,0,1,1,2,1,3,5,Typ,0,,,21.0,,1,280,,,Y,0,0,0,0,0,0,,,,0,9,WD,Normal,0,1,1,0,1,1,1,1,1,1,1,1,0,1,1,1,1,1,1
9,RL,4.1588830833596715,9.65368643280217,Pave,,Reg,Lvl,AllPub,Inside,Gtl,CollgCr,Norm,Norm,1Fam,1Story,7,5,0,0,Gable,CompShg,VinylSd,VinylSd,,84.0,4,3,PConc,,,,,684,,0,515,1199,GasA,5,Y,,7.106606137727303,0,0,7.106606137727303,1,0,2,0,2,1,4,6,Typ,0,,,0.0,,2,632,,,Y,105,54,0,0,0,0,,,,0,7,New,Partial,0,1,1,0,1,1,1,1,1,1,1,1,0,1,1,1,1,1,1
11,RL,3.970291913552122,8.91336193514506,Pave,,Reg,Lvl,AllPub,Inside,Gtl,Blmngtn,Norm,Norm,TwnhsE,1Story,7,5,1,0,Gable,CompShg,VinylSd,VinylSd,,72.0,4,3,PConc,,,,,0,,0,1258,1258,GasA,5,Y,,7.2456550675945355,0,0,7.2456550675945355,0,2,0,2,2,1,4,7,Typ,1,,,1.0,,3,648,,,Y,120,16,0,0,0,0,,,,0,2,New,Partial,0,1,1,0,1,1,1,1,1,1,1,1,0,1,1,1,1,1,1
11,RM,3.6109179126442243,9.055863565872906,Pave,,Reg,Lvl,AllPub,Inside,Gtl,CollgCr,Norm,Norm,TwnhsE,1Story,6,5,2,2,Gable,CompShg,VinylSd,VinylSd,,169.0,4,3,PConc,,,,,662,,0,186,848,GasA,5,Y,,6.742880635791903,0,0,6.742880635791903,1,0,1,0,1,1,4,3,Typ,1,,,2.0,,2,420,,,Y,140,0,0,0,0,0,,,,0,5,WD,Normal,0,1,1,0,1,1,1,1,1,1,1,1,0,1,1,1,1,1,1
9,RL,4.0943445622221,9.75462128611549,Pave,,Reg,Lvl,AllPub,Inside,Gtl,CollgCr,Norm,Norm,1Fam,1Story,5,5,15,14,Gable,CompShg,VinylSd,VinylSd,,0.0,3,4,PConc,,,,,746,,0,244,990,GasA,5,Y,,6.897704943128636,0,0,6.897704943128636,1,0,1,0,3,1,3,5,Typ,0,,,9.0,,2,480,,,Y,0,64,0,0,0,0,,,,0,5,WD,Normal,0,1,1,0,1,1,1,1,1,1,1,1,0,1,1,1,1,1,1
8,RL,4.820281565605037,10.172365189325232,Pave,,IR1,Lvl,AllPub,Corner,Gtl,Edwards,Norm,Norm,1Fam,SLvl,6,7,49,2,Gable,CompShg,Plywood,Plywood,,84.0,3,3,CBlock,,,,,719,,0,300,1019,GasA,4,Y,,7.213031659834869,0,0,7.213031659834869,1,0,1,0,2,1,5,5,Typ,1,,,49.0,,1,312,,,Y,0,0,0,0,1,0,,,,0,5,WD,Normal,0,1,1,0,1,1,1,1,1,1,1,1,0,1,1,1,1,1,1
9,RL,4.248495242049359,10.026320686975403,Pave,,IR1,Lvl,AllPub,Inside,Gtl,NridgHt,Norm,Norm,1Fam,1Story,7,5,6,6,Gable,CompShg,VinylSd,VinylSd,,168.0,4,3,PConc,,,,,2,,0,1515,1517,GasA,5,Y,,7.336285660021297,0,0,7.336285660021297,0,0,2,0,3,1,4,7,Typ,0,,,6.0,,2,532,,,Y,0,0,0,0,0,0,,,,0,3,WD,Normal,0,1,1,0,1,1,1,1,1,1,1,1,0,1,1,1,1,1,1
6,RL,4.04305126783455,9.862118813819142,Pave,,IR1,Lvl,AllPub,CulDSac,Gtl,CollgCr,Norm,Norm,1Fam,SFoyer,5,5,10,10,Gable,CompShg,VinylSd,VinylSd,,0.0,4,3,PConc,,,,,298,,0,572,870,GasA,5,Y,,6.81783057145415,0,0,6.81783057145415,0,0,1,0,2,1,3,5,Typ,0,,,8.0,,2,576,,,Y,0,0,0,0,0,0,,,,0,7,WD,Normal,0,1,1,0,1,1,1,1,1,1,1,1,0,1,1,1,1,1,1
5,RL,4.5217885770490405,9.658736480947093,Pave,,IR1,Lvl,AllPub,Inside,Gtl,BrkSide,RRAn,Feedr,1Fam,1.5Fin,5,8,98,15,Gable,CompShg,AsbShng,Plywood,,0.0,3,3,PConc,,,,,0,,0,504,504,GasA,4,Y,,6.841615476477592,316,0,7.132497551660044,0,0,1,0,3,1,3,5,Typ,0,,,20.0,,2,576,,,Y,104,0,0,0,0,0,,,,0,6,WD,Normal,0,1,1,0,1,1,1,1,1,1,1,1,0,1,1,1,1,1,1
8,RL,3.6109179126442243,9.734839649722648,Pave,,IR1,Lvl,AllPub,CulDSac,Gtl,Mitchel,Norm,Norm,1Fam,SLvl,6,6,22,22,Gable,CompShg,HdBoard,HdBoard,,0.0,3,3,CBlock,,,,,819,,0,184,1003,GasA,3,Y,,6.910750787961936,0,0,6.910750787961936,1,0,1,0,3,1,3,6,Typ,0,,,22.0,,2,588,,,Y,120,0,0,0,0,0,,,,0,3,WD,Normal,0,1,1,0,1,1,1,1,1,1,1,1,0,1,1,1,1,1,1
1,RM,3.044522437723423,7.792447275398825,Pave,,Reg,Lvl,AllPub,Inside,Gtl,MeadowV,Norm,Norm,TwnhsE,SFoyer,4,4,39,39,Gable,CompShg,CemntBd,CmentBd,,0.0,3,3,CBlock,,,,,509,,0,121,630,GasA,3,Y,,6.4457198193855785,0,0,6.4457198193855785,1,0,1,0,1,1,3,3,Typ,0,,,39.0,,1,286,,,Y,0,0,0,0,0,0,,,,0,4,WD,Normal,0,1,1,0,1,1,1,1,1,1,1,1,0,1,1,1,1,1,1
8,RL,4.174387269895637,10.0618075747825,Pave,,Reg,Lvl,AllPub,Inside,Gtl,NAmes,Norm,Norm,1Fam,SLvl,6,8,49,49,Hip,CompShg,VinylSd,VinylSd,,63.0,3,4,CBlock,,,,,507,,0,81,588,GasA,5,Y,,7.037027614686276,0,0,7.037027614686276,0,1,1,0,3,1,3,6,Typ,0,,,49.0,,1,264,,,Y,224,0,0,0,0,0,,,,0,6,WD,Normal,0,1,1,0,1,1,1,1,1,1,1,1,0,1,1,1,1,1,1
12,RL,4.248495242049359,9.91423053641077,Pave,,IR1,Lvl,AllPub,Inside,Gtl,NAmes,Norm,Norm,1Fam,2Story,6,6,46,46,Gable,CompShg,HdBoard,HdBoard,,318.0,3,3,CBlock,,,,,319,,0,539,858,GasA,5,Y,,6.754604099487962,858,0,7.447751280047908,0,0,1,1,4,1,3,8,Typ,1,,,46.0,,2,490,,,Y,0,84,0,0,1,0,,,,0,3,WD,Normal,0,1,1,0,1,1,1,1,1,1,1,1,0,1,1,1,1,1,1
4,RM,3.1780538303479458,8.09157070720866,Pave,,Reg,Lvl,AllPub,Inside,Gtl,BrDale,Norm,Norm,TwnhsE,2Story,5,5,36,36,Gable,CompShg,HdBoard,HdBoard,,376.0,3,3,CBlock,,,,,471,,0,294,765,GasA,5,Y,,6.639875833826536,600,0,7.21890970761906,1,0,1,1,2,1,3,6,Min1,0,,,36.0,,2,440,,,Y,240,36,0,0,0,0,,,,0,8,WD,Normal,0,1,1,0,1,1,1,1,1,1,1,1,0,1,1,1,1,1,1
9,RL,4.248495242049359,9.677795994550392,Pave,,Reg,Lvl,AllPub,Inside,Gtl,NAmes,Norm,Norm,1Fam,1Story,5,6,51,44,Hip,CompShg,BrkFace,Plywood,,0.0,3,3,CBlock,,,,,504,,0,525,1029,GasA,3,Y,,7.199678345691172,0,0,7.199678345691172,0,0,1,0,3,1,3,6,Min1,0,,,51.0,,1,294,,,Y,0,0,0,0,0,0,,,,0,5,COD,Abnorml,0,1,1,0,1,1,1,1,1,1,1,1,0,1,1,1,1,1,1
11,RL,3.6888794541139363,9.116059960411414,Pave,,IR1,HLS,AllPub,Inside,Gtl,StoneBr,Norm,Norm,TwnhsE,1Story,8,5,20,19,Gable,CompShg,HdBoard,HdBoard,,0.0,4,3,PConc,,,,,767,,0,461,1228,GasA,4,Y,,7.113142108707088,0,0,7.113142108707088,1,0,2,0,2,1,4,5,Typ,1,,,20.0,,2,472,,,Y,168,120,0,0,0,0,,,,0,10,WD,Normal,0,1,1,0,1,1,1,1,1,1,1,1,0,1,1,1,1,1,1
0,RM,4.2626798770413155,9.57085071292799,Pave,,Reg,Lvl,AllPub,Inside,Gtl,IDOTRR,Norm,Norm,1Fam,1Story,5,6,68,53,Gable,CompShg,VinylSd,VinylSd,,0.0,3,3,CBlock,,,,,403,,1,212,740,GasA,5,Y,,6.656726524178391,0,0,6.656726524178391,0,0,1,0,2,1,3,4,Typ,1,,,42.0,,1,924,,,Y,0,25,0,0,0,0,,,,0,2,WD,Normal,0,1,1,0,1,1,1,1,1,1,1,1,0,1,1,1,1,1,1
9,RL,4.0943445622221,9.805546267209172,Pave,,Reg,HLS,AllPub,Inside,Mod,CollgCr,Norm,Norm,1Fam,1Story,5,5,31,31,Gable,CompShg,HdBoard,HdBoard,,136.0,3,3,CBlock,,,,,616,,0,424,1040,GasA,3,Y,,6.946975992135418,0,0,6.946975992135418,0,0,2,0,3,1,3,5,Typ,0,,,,,0,0,,,Y,0,0,0,0,0,0,,,,0,8,WD,Normal,0,1,1,0,1,1,1,1,1,1,1,1,1,1,1,1,1,1,1
2,RH,,9.601312609077167,Pave,,Reg,Lvl,AllPub,Inside,Gtl,SWISU,Norm,Norm,2fmCon,2Story,5,8,90,11,Gable,CompShg,VinylSd,VinylSd,,0.0,3,3,PConc,,,,,0,,0,686,686,GasA,4,Y,,6.854354502255021,980,0,7.564238475170491,0,0,2,0,5,2,3,10,Typ,0,,,,,0,0,,,N,0,0,1,0,0,0,,,,0,7,WD,Normal,1,1,1,0,1,1,1,1,1,1,1,1,1,1,1,1,1,1,1
3,RL,4.51085950651685,10.18572425147191,Pave,,Reg,Lvl,AllPub,Inside,Gtl,NAmes,Artery,Norm,Duplex,2Story,5,5,40,40,Gable,CompShg,MetalSd,MetalSd,,368.0,3,3,CBlock,,,,,500,,0,748,1248,GasA,3,Y,,7.198931240688173,1296,0,7.876258882303226,1,1,2,2,6,2,3,12,Typ,0,,,40.0,,4,968,,,Y,0,0,0,0,0,0,,,,0,8,WD,Normal,0,1,1,0,1,1,1,1,1,1,1,1,0,1,1,1,1,1,1
9,RL,4.382026634673881,9.855993182829993,Pave,,Reg,Lvl,AllPub,Inside,Gtl,NAmes,Norm,Norm,1Fam,1Story,6,6,42,42,Hip,CompShg,HdBoard,HdBoard,,425.0,3,3,CBlock,,,,,553,,0,698,1251,GasA,3,Y,,7.1316985104669115,0,0,7.1316985104669115,1,0,1,0,3,1,3,6,Typ,2,,,42.0,,1,461,,,Y,0,116,0,0,0,0,,,,1,3,WD,Normal,0,1,1,0,1,1,1,1,1,1,1,1,0,1,1,1,1,1,1
12,RL,,10.124029557466871,Pave,,Reg,Lvl,AllPub,Inside,Gtl,CollgCr,PosN,Norm,1Fam,2Story,9,5,9,9,Hip,CompShg,VinylSd,VinylSd,,204.0,4,3,PConc,,,,,904,,0,536,1440,GasA,5,Y,,7.297091005160418,677,0,7.674617497364363,1,0,2,1,3,1,5,8,Typ,2,,,9.0,,3,736,,,Y,253,142,0,0,0,0,,,,0,5,WD,Normal,1,1,1,0,1,1,1,1,1,1,1,1,0,1,1,1,1,1,1
9,RL,,10.468096287204121,Pave,,IR2,Lvl,AllPub,CulDSac,Gtl,CollgCr,Norm,Norm,1Fam,1Story,8,5,5,4,Hip,CompShg,VinylSd,VinylSd,,178.0,4,3,PConc,,,,,0,,0,1753,1753,GasA,5,Y,,7.488293515159428,0,0,7.488293515159428,0,0,2,0,3,1,4,7,Typ,1,,,5.0,,3,748,,,Y,198,150,0,0,0,0,,,,0,8,WD,Normal,1,1,1,0,1,1,1,1,1,1,1,1,0,1,1,1,1,1,1
0,RL,3.8066624897703196,9.779928300513122,Pave,,Reg,Lvl,AllPub,Inside,Gtl,Edwards,Norm,Norm,1Fam,1Story,3,3,94,58,Gable,CompShg,Stucco,Stucco,,0.0,3,3,BrkTil,,,,,41,,0,823,864,GasA,3,N,,6.761572768804055,0,0,6.761572768804055,1,0,1,0,2,1,3,5,Typ,0,,,,,0,0,,,N,0,0,1,0,0,0,,,,0,9,WD,Normal,0,1,1,0,1,1,1,1,1,1,1,1,1,1,1,1,1,1,1
9,RL,4.189654742026425,10.37766831075257,Pave,,Reg,Lvl,AllPub,Inside,Gtl,SawyerW,RRAe,Norm,1Fam,1Story,5,5,4,4,Gable,CompShg,VinylSd,VinylSd,,0.0,3,3,PConc,,,,,646,,0,468,1114,GasA,5,Y,,7.01571242048723,0,0,7.01571242048723,1,0,1,1,3,1,4,6,Typ,0,,,4.0,,2,576,,,Y,0,102,0,0,0,0,,,,0,6,WD,Normal,0,1,1,0,1,1,1,1,1,1,1,1,0,1,1,1,1,1,1
11,RL,3.713572066704308,9.269549081599669,Pave,,Reg,Lvl,AllPub,Inside,Gtl,StoneBr,Norm,Norm,TwnhsE,1Story,8,5,7,7,Gable,CompShg,CemntBd,CmentBd,,0.0,4,3,PConc,,,,,1196,,0,298,1494,GasA,5,Y,,7.409741954080923,0,0,7.409741954080923,1,0,2,0,2,1,5,6,Typ,0,,,7.0,,2,499,,,Y,96,48,0,0,0,0,,,,0,8,WD,Normal,0,1,1,0,1,1,1,1,1,1,1,1,0,1,1,1,1,1,1
3,RL,4.0943445622221,9.821317440955939,Pave,,Reg,Lvl,AllPub,Corner,Gtl,NAmes,Norm,Norm,Duplex,1Story,3,4,59,59,Gable,CompShg,BrkFace,BrkFace,,0.0,3,3,Slab,,,,,0,,0,0,0,Wall,2,N,,6.946975992135418,0,0,6.946975992135418,0,0,2,0,2,2,3,6,Typ,0,,,22.0,,2,400,,,Y,0,0,0,0,0,0,,,,0,6,WD,Normal,0,1,1,0,1,1,1,1,1,1,1,1,0,1,1,1,1,1,1
1,RM,3.912023005428146,9.432582673023576,Pave,,Reg,Lvl,AllPub,Inside,Gtl,BrkSide,Norm,Norm,1Fam,1.5Unf,5,6,84,58,Gable,CompShg,MetalSd,MetalSd,,0.0,3,3,BrkTil,,,,,784,,0,0,784,GasA,4,Y,,6.664409020350408,0,0,6.664409020350408,1,0,1,0,2,1,4,5,Typ,0,,,,,0,0,,,Y,0,0,1,0,0,0,,,,0,5,WD,Normal,0,1,1,0,1,1,1,1,1,1,1,1,1,1,1,1,1,1,1
9,RL,4.219507705176107,11.935531109409421,Pave,,IR1,Low,AllPub,Inside,Gtl,Veenker,Norm,Norm,1Fam,1Story,9,5,25,19,Gable,WdShngl,WdShing,Wd Shng,,0.0,4,3,CBlock,,,,,1810,,0,32,1842,GasA,4,Y,,7.518607216815252,0,0,7.518607216815252,2,0,0,1,0,1,4,5,Typ,1,,,25.0,,3,894,,,Y,857,72,0,0,0,0,,,,0,11,WD,Normal,0,1,1,0,1,1,1,1,1,1,1,1,0,1,1,1,1,1,1
12,RL,,10.73153107486539,Pave,,IR1,Lvl,AllPub,Inside,Gtl,NAmes,Norm,Norm,1Fam,2Story,6,5,42,28,Flat,Tar&Grv,Plywood,Plywood,,113.0,3,4,CBlock,,,,,187,,1,111,1021,GasA,3,Y,,7.289610521451167,915,0,7.77485576666552,0,0,2,1,3,1,3,7,Sev,1,,,42.0,,2,596,,,Y,0,265,0,0,0,0,,,,0,8,WD,Abnorml,1,1,1,0,1,1,1,1,1,1,1,1,0,1,1,1,1,1,1
9,RL,4.442651256490317,10.211508935379848,Pave,,Reg,Lvl,AllPub,Inside,Gtl,NWAmes,Norm,Norm,1Fam,1Story,7,5,32,32,Hip,CompShg,Plywood,Plywood,,209.0,3,4,CBlock,,,,,822,,0,564,1386,GasA,3,Y,,7.252053951852814,0,0,7.252053951852814,0,0,2,0,3,1,3,6,Typ,1,,,32.0,,2,544,,,Y,192,0,0,0,0,0,,,,0,4,WD,Family,0,1,1,0,1,1,1,1,1,1,1,1,0,1,1,1,1,1,1
12,RL,4.454347296253507,10.050284075740903,Pave,,IR1,Lvl,AllPub,Inside,Gtl,SawyerW,Norm,Norm,1Fam,2Story,7,5,21,20,Gable,CompShg,Plywood,Plywood,,172.0,4,3,CBlock,,,,,28,,1,0,1502,GasA,5,Y,,7.347943823148687,1177,0,7.912056888179006,1,0,2,1,4,1,4,8,Typ,1,,,20.0,,2,576,,,Y,201,96,0,0,0,0,,,,0,8,WD,Normal,0,1,1,0,1,1,1,1,1,1,1,1,0,1,1,1,1,1,1
9,FV,4.430816798843313,10.128930310912274,Pave,,Reg,Lvl,AllPub,Inside,Gtl,Somerst,Norm,Norm,1Fam,1Story,8,5,1,1,Gable,CompShg,VinylSd,VinylSd,,0.0,4,3,PConc,,,,,24,,0,1632,1656,GasA,5,Y,,7.412160334945205,0,0,7.412160334945205,0,0,2,0,3,1,4,7,Typ,0,,,1.0,,3,826,,,Y,0,146,0,0,0,0,,,,0,7,WD,Normal,0,1,1,0,1,1,1,1,1,1,1,1,0,1,1,1,1,1,1
1,RM,3.044522437723423,8.073571741888243,Pave,,Reg,Lvl,AllPub,Inside,Gtl,MeadowV,Norm,Norm,Twnhs,SFoyer,4,7,36,36,Gable,CompShg,CemntBd,CmentBd,,0.0,3,4,CBlock,,,,,495,,0,135,630,GasA,4,Y,,6.4457198193855785,0,0,6.4457198193855785,1,0,1,0,1,1,3,3,Typ,0,,,,,0,0,,,Y,88,0,0,0,0,0,,,,0,6,WD,Normal,0,1,1,0,1,1,1,1,1,1,1,1,1,1,1,1,1,1,1
8,RL,,10.413448623063568,Pave,,Reg,Lvl,AllPub,Inside,Gtl,NWAmes,Norm,Norm,1Fam,SLvl,7,5,29,29,Gable,CompShg,Plywood,Plywood,,225.0,3,3,CBlock,,,,,1036,,0,336,1372,GasA,3,Y,,7.294377299288821,0,0,7.294377299288821,1,0,2,0,3,1,3,6,Typ,2,,,29.0,,2,588,,,Y,233,48,0,0,0,0,,,,0,6,WD,Normal,1,1,1,0,1,1,1,1,1,1,1,1,0,1,1,1,1,1,1
9,RL,4.787491742782046,10.365938293506852,Pave,,Reg,Lvl,AllPub,Corner,Gtl,NAmes,Norm,Norm,1Fam,1Story,6,3,41,41,Hip,CompShg,Wd Sdng,Wd Sdng,,216.0,3,3,CBlock,,,,,0,,0,1392,1392,GasA,4,Y,,7.238496840894365,0,0,7.238496840894365,1,0,1,0,2,1,3,5,Maj2,2,,,41.0,,2,576,,,Y,0,0,1,0,0,0,,,,0,7,WD,Normal,0,1,1,0,1,1,1,1,1,1,1,1,0,1,1,1,1,1,1
5,RM,4.07753744390572,9.265171901964543,Pave,,Reg,Lvl,AllPub,Corner,Gtl,OldTown,Feedr,Norm,1Fam,1.5Fin,6,8,96,3,Hip,CompShg,VinylSd,VinylSd,,0.0,3,4,CBlock,,,,,0,,0,485,485,GasA,4,Y,,6.90875477931522,634,0,7.399398083331354,0,0,1,0,2,1,4,5,Typ,0,,,56.0,,1,255,,,Y,394,0,0,0,0,0,,,,0,6,WD,Normal,0,1,1,0,1,1,1,1,1,1,1,1,0,1,1,1,1,1,1
9,RL,4.787491742782046,9.953386372370868,Pave,,IR1,Lvl,AllPub,Corner,Gtl,CollgCr,Norm,Norm,1Fam,1Story,5,7,34,34,Hip,CompShg,MetalSd,MetalSd,,0.0,3,4,CBlock,,,,,360,,0,504,864,GasA,5,Y,,6.761572768804055,0,0,6.761572768804055,0,0,1,0,3,1,3,5,Typ,0,,,34.0,,1,288,,,Y,0,0,0,0,0,0,,,,0,6,WD,Normal,0,1,1,0,1,1,1,1,1,1,1,1,0,1,1,1,1,1,1
11,RL,3.7612001156935624,8.608770685132642,Pave,,Reg,Lvl,AllPub,Inside,Gtl,Blmngtn,Norm,Norm,TwnhsE,1Story,7,5,1,1,Gable,CompShg,VinylSd,VinylSd,,145.0,4,3,PConc,,,,,16,,0,1346,1362,GasA,5,Y,,7.317212408359839,0,0,7.317212408359839,0,0,2,0,2,1,4,6,Typ,1,,,1.0,,2,440,,,Y,142,20,0,0,0,0,,,,0,4,WD,Normal,0,1,1,0,1,1,1,1,1,1,1,1,0,1,1,1,1,1,1
12,RL,4.442651256490317,10.07777898526175,Pave,,Reg,Lvl,AllPub,Inside,Gtl,NridgHt,Norm,Norm,1Fam,2Story,7,5,5,4,Gable,CompShg,VinylSd,VinylSd,,292.0,4,3,PConc,,,,,866,,0,132,998,GasA,5,Y,,6.913737350659685,1040,0,7.6236419465115715,1,0,2,1,3,1,4,8,Typ,1,,,5.0,,3,871,,,Y,320,62,0,0,0,0,,,,0,8,WD,Normal,0,1,1,0,1,1,1,1,1,1,1,1,0,1,1,1,1,1,1
12,RL,4.663439094112067,10.13930484656709,Pave,,IR1,Lvl,AllPub,Corner,Gtl,Gilbert,Norm,Norm,1Fam,2Story,8,5,6,6,Gable,CompShg,VinylSd,VinylSd,,40.0,4,3,PConc,,,,,0,,0,1406,1406,GasA,5,Y,,7.282073658093465,482,0,7.568379267836522,0,0,2,1,3,1,4,7,Typ,1,,,6.0,,2,504,,,Y,188,124,0,0,0,0,,,,0,11,WD,Normal,0,1,1,0,1,1,1,1,1,1,1,1,0,1,1,1,1,1,1
9,RL,4.919980925828125,10.59810572314913,Pave,,IR1,Lvl,AllPub,Corner,Gtl,NAmes,PosA,Norm,1Fam,1Story,6,6,44,8,Gable,CompShg,BrkFace,Plywood,,0.0,4,3,CBlock,,,,,247,,1,557,1517,GasA,5,Y,,7.543273346705446,0,0,7.543273346705446,0,0,2,1,2,1,4,6,Mod,1,,,44.0,,2,578,,,Y,0,0,0,0,0,0,,,,0,6,WD,Normal,0,1,1,0,1,1,1,1,1,1,1,1,0,1,1,1,1,1,1
9,RL,4.174387269895637,9.586513699074477,Pave,,Reg,Lvl,AllPub,Inside,Gtl,Sawyer,Feedr,Norm,1Fam,1Story,5,7,45,12,Gable,CompShg,HdBoard,Plywood,,0.0,3,3,CBlock,,,,,465,,0,447,912,GasA,3,Y,,7.119635638017636,0,0,7.119635638017636,0,0,1,0,3,1,3,6,Typ,1,,,45.0,,1,288,,,Y,0,0,0,0,0,0,,,,0,6,WD,Normal,0,1,1,0,1,1,1,1,1,1,1,1,0,1,1,1,1,1,1
9,RL,4.382026634673881,10.052552325239192,Pave,,Reg,Lvl,AllPub,Inside,Gtl,NWAmes,Norm,Norm,1Fam,1Story,7,5,33,33,Gable,CompShg,HdBoard,HdBoard,,189.0,3,3,CBlock,,,,,0,,0,1090,1090,GasA,3,Y,,7.222566018822171,0,0,7.222566018822171,0,0,2,0,3,1,3,6,Typ,1,,,33.0,,2,479,,,Y,0,0,0,0,0,0,,,,0,6,WD,Family,0,1,1,0,1,1,1,1,1,1,1,1,0,1,1,1,1,1,1
3,RL,,9.821317440955939,Pave,,Reg,Lvl,AllPub,Inside,Gtl,NAmes,Norm,Norm,Duplex,1Story,3,4,57,56,Gable,CompShg,Stucco,Stucco,,340.0,3,3,Slab,,,,,0,,0,0,0,Wall,2,N,,6.946975992135418,0,0,6.946975992135418,0,0,2,0,2,2,3,6,Typ,0,,,57.0,,2,400,,,Y,0,0,0,0,0,0,,,,0,5,WD,Normal,1,1,1,0,1,1,1,1,1,1,1,1,0,1,1,1,1,1,1
7,RL,4.0943445622221,9.620654483038743,Pave,,Reg,Lvl,AllPub,Inside,Gtl,SWISU,Feedr,Norm,1Fam,2Story,7,9,73,2,Gable,CompShg,Wd Sdng,Wd Sdng,,0.0,4,4,PConc,,,,,350,,1,0,560,GasA,5,Y,,6.354370040797351,560,0,7.034387929915503,1,0,1,0,3,1,4,6,Typ,0,,,38.0,,2,576,,,Y,256,0,0,0,0,0,,,,0,4,WD,Normal,0,1,1,0,1,1,1,1,1,1,1,1,0,1,1,1,1,1,1
9,RL,4.248495242049359,10.063829694942651,Pave,,Reg,Lvl,AllPub,FR2,Gtl,NAmes,Norm,Norm,1Fam,1Story,4,5,39,39,Gable,CompShg,HdBoard,HdBoard,,0.0,3,3,CBlock,,,,,432,,0,432,864,GasA,3,Y,,6.761572768804055,0,0,6.761572768804055,0,0,1,0,3,1,3,5,Typ,1,,,,,0,0,,,Y,0,0,0,0,0,0,,,,0,4,ConLI,Normal,0,1,1,0,1,1,1,1,1,1,1,1,1,1,1,1,1,1,1
9,RL,4.31748811353631,9.94907095485396,Pave,,Reg,Lvl,AllPub,Inside,Gtl,CollgCr,Norm,Norm,1Fam,1Story,5,6,13,2,Gable,CompShg,VinylSd,VinylSd,,0.0,3,3,PConc,,,,,0,,0,1099,1099,GasA,5,Y,,7.002155954403621,0,0,7.002155954403621,0,0,1,1,3,1,4,6,Typ,0,,,9.0,,1,352,,,Y,278,0,0,0,0,0,,,,0,6,WD,Normal,0,1,1,0,1,1,1,1,1,1,1,1,0,1,1,1,1,1,1
12,RL,,11.311131766971313,Pave,,IR2,Lvl,AllPub,FR2,Gtl,NoRidge,Norm,Norm,1Fam,2Story,7,6,15,15,Gable,CompShg,HdBoard,HdBoard,,0.0,4,3,PConc,,,,,595,,0,378,973,GasA,5,Y,,6.88653164253051,871,0,7.52294091807237,0,0,2,1,3,1,4,7,Typ,1,,,15.0,,2,467,,,Y,168,98,0,0,0,0,,,,0,1,WD,Normal,1,1,1,0,1,1,1,1,1,1,1,1,0,1,1,1,1,1,1
5,RM,3.912023005428146,9.407566278407877,Pave,,Reg,Lvl,AllPub,Inside,Gtl,BrkSide,Norm,Norm,1Fam,1.5Fin,6,6,70,59,Gable,CompShg,MetalSd,MetalSd,,0.0,3,2,CBlock,,,,,0,,0,780,780,GasA,5,Y,,6.715383386334681,587,0,7.252762418053187,0,0,1,0,4,1,3,6,Typ,1,,,70.0,,1,280,,,Y,45,0,0,0,0,0,,,,0,5,WD,Normal,0,1,1,0,1,1,1,1,1,1,1,1,0,1,1,1,1,1,1
3,RL,4.0943445622221,9.882401061887073,Pave,,Reg,Lvl,AllPub,FR2,Gtl,NAmes,Norm,Norm,Duplex,2Story,5,5,35,35,Gable,CompShg,VinylSd,VinylSd,,0.0,3,3,CBlock,,,,,0,,0,896,896,GasA,3,Y,,6.79794041297493,896,0,7.491087593534876,0,0,2,2,4,2,3,8,Typ,0,,,,,0,0,,,Y,32,45,0,0,0,0,,,,0,9,WD,Normal,0,1,1,0,1,1,1,1,1,1,1,1,1,1,1,1,1,1,1
9,RL,4.499809670330265,9.284743197764715,Pave,,Reg,Lvl,AllPub,Inside,Gtl,OldTown,Norm,Norm,1Fam,1Story,5,7,52,6,Gable,CompShg,MetalSd,MetalSd,,0.0,3,4,CBlock,,,,,415,,0,418,833,GasA,5,Y,,6.725033642166843,0,0,6.725033642166843,0,0,1,0,2,1,4,4,Typ,0,,,51.0,,1,326,,,Y,0,0,0,0,0,0,,,,0,8,WD,Normal,0,1,1,0,1,1,1,1,1,1,1,1,0,1,1,1,1,1,1
3,RL,4.174387269895637,9.415319873033104,Pave,,Reg,Lvl,AllPub,Inside,Gtl,Edwards,Norm,Norm,Duplex,1Story,4,5,53,53,Gable,CompShg,AsbShng,Plywood,,0.0,3,3,PConc,,,,,0,,0,0,0,GasA,3,N,,7.049254841255837,0,0,7.049254841255837,0,0,2,0,2,2,2,6,Typ,0,,,,,0,0,,,N,0,0,0,0,0,0,,,,0,6,WD,AdjLand,0,1,1,0,1,1,1,1,1,1,1,1,1,1,1,1,1,1,1
9,RL,,10.675405107496651,Pave,,IR1,Lvl,AllPub,Inside,Gtl,NAmes,Norm,Norm,1Fam,1Story,6,5,49,49,Gable,CompShg,Wd Sdng,Wd Sdng,,30.0,3,3,CBlock,,,,,1270,,0,208,1478,GasA,5,Y,,7.298445101508147,0,0,7.298445101508147,1,0,2,0,3,1,3,6,Typ,2,,,49.0,,2,498,,,Y,0,40,0,0,0,0,,,,0,12,WD,Normal,1,1,1,0,1,1,1,1,1,1,1,1,0,1,1,1,1,1,1
5,RM,3.912023005428146,8.78167554000734,Pave,,Reg,Lvl,AllPub,Inside,Gtl,OldTown,Norm,Norm,1Fam,1.5Fin,5,7,62,59,Gable,CompShg,AsbShng,AsbShng,,0.0,3,3,CBlock,,,,,312,,0,408,720,GasA,3,Y,,6.579251212010101,564,0,7.157735484249907,0,0,1,1,2,1,3,5,Typ,0,,,61.0,,1,240,,,Y,0,35,0,0,0,0,,,,0,4,WD,Normal,0,1,1,0,1,1,1,1,1,1,1,1,0,1,1,1,1,1,1
12,RL,,11.078871508158974,Pave,,IR3,Lvl,AllPub,CulDSac,Gtl,Gilbert,RRAn,Norm,1Fam,2Story,6,5,10,10,Gable,CompShg,VinylSd,VinylSd,,0.0,3,3,PConc,,,,,0,,0,841,841,GasA,5,Y,,6.79346613258001,783,0,7.423568444259167,0,0,2,1,3,1,3,7,Typ,1,,,10.0,,2,502,,,Y,0,103,0,0,0,0,,,,0,6,WD,Normal,1,1,1,0,1,1,1,1,1,1,1,1,0,1,1,1,1,1,1
12,RL,4.174387269895637,10.40426428985237,Pave,,IR1,Lvl,AllPub,Inside,Gtl,CollgCr,Norm,Norm,1Fam,2Story,7,5,4,4,Gable,CompShg,VinylSd,VinylSd,,144.0,4,3,PConc,,,,,0,,0,936,936,GasA,5,Y,,6.841615476477592,840,0,7.4821189235521155,0,0,2,1,3,1,4,7,Typ,1,,,4.0,,2,474,,,Y,144,96,0,0,0,0,,,,0,2,WD,Normal,0,1,1,0,1,1,1,1,1,1,1,1,0,1,1,1,1,1,1
12,RL,4.219507705176107,10.145193173784754,Pave,,IR1,Lvl,AllPub,Inside,Gtl,CollgCr,Norm,Norm,1Fam,2Story,7,5,7,6,Gable,CompShg,VinylSd,VinylSd,,162.0,4,3,PConc,,,,,486,,0,434,920,GasA,5,Y,,6.824373670043086,866,0,7.487733761436444,1,0,2,1,3,1,4,6,Typ,1,,,7.0,,2,608,,,Y,0,42,0,0,0,0,,,,0,9,WD,Normal,0,1,1,0,1,1,1,1,1,1,1,1,0,1,1,1,1,1,1
9,RL,4.382026634673881,9.95829931831355,Pave,,Reg,Lvl,AllPub,FR2,Gtl,Veenker,Feedr,Norm,1Fam,1Story,6,8,31,31,Gable,CompShg,MetalSd,MetalSd,,0.0,3,3,CBlock,,,,,978,,0,284,1262,GasA,5,Y,,7.140453043101158,0,0,7.140453043101158,0,1,2,0,3,1,3,6,Typ,1,,,31.0,,2,460,,,Y,298,0,0,0,0,0,,,,0,5,WD,Normal,0,1,1,0,1,1,1,1,1,1,1,1,0,1,1,1,1,1,1
11,RL,,8.844672673831168,Pave,,Reg,Lvl,AllPub,Inside,Gtl,StoneBr,Norm,Norm,TwnhsE,1Story,8,5,21,21,Gable,CompShg,HdBoard,HdBoard,,0.0,4,3,CBlock,,,,,0,,0,1074,1074,GasA,5,Y,,6.992096427415888,0,0,6.992096427415888,0,0,1,1,2,1,4,5,Typ,0,,,20.0,,2,461,,,Y,0,74,1,0,0,0,,,,0,10,WD,Normal,1,1,1,0,1,1,1,1,1,1,1,1,0,1,1,1,1,1,1
11,RL,,9.370832004505665,Pave,,IR1,Lvl,AllPub,CulDSac,Gtl,StoneBr,Norm,Norm,TwnhsE,1Story,8,5,25,25,Gable,CompShg,HdBoard,HdBoard,,0.0,4,3,CBlock,,,,,1036,,0,184,1220,GasA,4,Y,,7.215239978730097,0,0,7.215239978730097,1,0,1,0,1,1,4,4,Typ,1,,,25.0,,2,565,,,Y,63,0,0,0,0,0,,,,0,8,COD,Abnorml,1,1,1,0,1,1,1,1,1,1,1,1,0,1,1,1,1,1,1
12,RL,4.1588830833596715,9.790128629122467,Pave,,Reg,Lvl,AllPub,Inside,Gtl,CollgCr,Norm,Norm,1Fam,2Story,7,5,4,4,Gable,CompShg,VinylSd,VinylSd,,0.0,4,3,PConc,,,,,490,,0,280,770,GasA,5,Y,,6.646390514847729,812,0,7.366445148327599,0,0,2,1,3,1,4,6,Typ,0,,,4.0,,2,520,,,Y,0,45,0,0,0,0,,,,0,9,WD,Normal,0,1,1,0,1,1,1,1,1,1,1,1,0,1,1,1,1,1,1
5,RL,4.867534450455582,9.95829931831355,Pave,,IR1,HLS,AllPub,Inside,Gtl,Crawfor,Norm,Norm,1Fam,1.5Fin,5,7,69,59,Gable,CompShg,MetalSd,MetalSd,,0.0,4,4,BrkTil,,,,,428,,0,300,728,GasA,5,Y,,6.883462586413092,332,0,7.176254532017144,1,0,1,1,2,1,3,7,Min2,2,,,69.0,,1,256,,,Y,0,70,0,0,0,0,,,,0,6,WD,Normal,0,1,1,0,1,1,1,1,1,1,1,1,0,1,1,1,1,1,1
9,RL,4.219507705176107,9.884619086308298,Pave,,IR1,Lvl,AllPub,Inside,Gtl,CollgCr,Norm,Norm,1Fam,1Story,7,5,10,10,Gable,CompShg,VinylSd,VinylSd,,0.0,4,3,PConc,,,,,560,,0,871,1431,GasA,5,Y,,7.266128779556451,0,0,7.266128779556451,1,0,2,0,3,1,4,6,Typ,0,,,10.0,,2,666,,,Y,0,35,0,0,0,0,,,,0,9,WD,Normal,0,1,1,0,1,1,1,1,1,1,1,1,0,1,1,1,1,1,1
9,RL,,10.45226913891283,Pave,,IR1,Lvl,AllPub,CulDSac,Gtl,NAmes,Norm,Norm,1Fam,1Story,6,6,47,20,Gable,CompShg,Wd Sdng,Wd Sdng,,85.0,3,3,CBlock,,,,,594,,1,331,1144,GasA,5,Y,,7.264730177929867,0,0,7.264730177929867,0,1,1,0,3,1,4,7,Typ,2,,,47.0,,2,572,,,Y,216,110,0,0,0,0,,,,0,6,WD,Normal,1,1,1,0,1,1,1,1,1,1,1,1,0,1,1,1,1,1,1
12,FV,4.430816798843313,10.089152604848257,Pave,,Reg,Lvl,AllPub,Inside,Gtl,Somerst,Norm,Norm,1Fam,2Story,8,5,0,0,Gable,CompShg,VinylSd,VinylSd,,0.0,4,3,PConc,,,,,0,,0,1095,1095,GasA,4,Y,,6.9985096422506015,844,0,7.569927655242652,0,0,2,1,3,1,4,8,Typ,1,,,0.0,,3,1053,,,Y,192,51,0,0,0,0,,,,0,8,New,Partial,0,1,1,0,1,1,1,1,1,1,1,1,0,1,1,1,1,1,1
0,RL,4.02535169073515,8.95341832963175,Pave,,Reg,Lvl,AllPub,Corner,Gtl,Edwards,Feedr,Norm,1Fam,1Story,5,8,87,59,Gable,CompShg,Wd Sdng,Wd Sdng,,0.0,3,3,PConc,,,,,0,,0,864,864,GasA,5,Y,,6.761572768804055,0,0,6.761572768804055,0,0,1,0,2,1,3,4,Typ,0,,,,,0,0,,,Y,0,96,0,0,0,0,,,,0,7,WD,Normal,0,1,1,0,1,1,1,1,1,1,1,1,1,1,1,1,1,1,1
12,RL,4.189654742026425,10.376543706506713,Pave,,IR2,HLS,AllPub,CulDSac,Gtl,StoneBr,Norm,Norm,1Fam,2Story,10,5,0,0,Hip,CompShg,VinylSd,VinylSd,,1031.0,5,3,PConc,,,,,0,,0,1410,1410,GasA,5,Y,,7.262628600974241,1519,0,7.987864096085687,0,0,3,1,3,1,4,10,Typ,1,,,0.0,,3,641,,,Y,192,0,1,0,0,0,,,,0,10,New,Partial,0,1,1,0,1,1,1,1,1,1,1,1,0,1,1,1,1,1,1
9,FV,4.276666119016055,9.834438950595139,Pave,,Reg,Lvl,AllPub,Inside,Gtl,Somerst,Norm,Norm,1Fam,1Story,8,5,0,0,Gable,CompShg,CemntBd,CmentBd,,72.0,4,3,PConc,,,,,936,,0,364,1300,GasA,5,Y,,7.1808311990445555,0,0,7.1808311990445555,1,0,2,0,3,1,4,6,Typ,0,,,0.0,,2,552,,,Y,135,112,0,0,0,0,,,,0,9,New,Partial,0,1,1,0,1,1,1,1,1,1,1,1,0,1,1,1,1,1,1
9,RL,4.248495242049359,9.895389625936653,Pave,,Reg,Lvl,AllPub,Inside,Gtl,CollgCr,Norm,Norm,1Fam,1Story,7,5,2,1,Hip,CompShg,VinylSd,VinylSd,,0.0,4,3,PConc,,,,,24,,0,1836,1860,GasA,5,Y,,7.515344571180436,0,0,7.515344571180436,0,0,2,0,3,1,4,8,Typ,1,,,2.0,,2,484,,,Y,120,33,0,0,0,0,,,,0,10,WD,Normal,0,1,1,0,1,1,1,1,1,1,1,1,0,1,1,1,1,1,1
0,RM,3.6888794541139363,8.900895810609692,Pave,,Reg,Lvl,AllPub,Inside,Gtl,OldTown,Norm,Norm,1Fam,1Story,5,9,62,10,Gable,CompShg,VinylSd,VinylSd,,0.0,3,4,CBlock,,,,,329,,0,357,686,GasA,4,Y,,6.763884908562435,0,0,6.763884908562435,0,0,1,0,2,1,4,4,Typ,0,,,,,0,0,,,Y,58,42,0,0,0,0,,,,0,8,WD,Normal,0,1,1,0,1,1,1,1,1,1,1,1,1,1,1,1,1,1,1
11,RL,3.9318256327243257,8.825425222953402,Pave,,Reg,Lvl,AllPub,Inside,Gtl,Blmngtn,Norm,Norm,TwnhsE,1Story,7,5,2,2,Hip,CompShg,VinylSd,VinylSd,,130.0,4,3,PConc,,,,,988,,0,398,1386,GasA,5,Y,,7.358193752733032,0,0,7.358193752733032,0,1,2,0,1,1,4,7,Typ,1,,,2.0,,3,660,,,Y,143,20,0,0,0,0,,,,0,5,WD,Normal,0,1,1,0,1,1,1,1,1,1,1,1,0,1,1,1,1,1,1
12,RL,3.8501476017100584,12.011108205607343,Pave,,IR2,HLS,AllPub,CulDSac,Mod,StoneBr,Norm,Norm,1Fam,2Story,8,5,7,7,Hip,CompShg,CemntBd,Wd Shng,,603.0,5,3,PConc,,,,,1416,,0,234,1650,GasA,5,Y,,7.432483807917119,1589,0,8.095293776844649,1,0,3,1,4,1,5,12,Mod,1,,,7.0,,3,841,,,Y,503,36,0,0,1,0,,,,0,6,WD,Normal,0,1,1,0,1,1,1,1,1,1,1,1,0,1,1,1,1,1,1
12,RL,5.746203190540153,12.22662757063826,Pave,,IR3,Bnk,AllPub,Corner,Gtl,Edwards,Feedr,Norm,1Fam,2Story,10,5,0,0,Hip,ClyTile,Stucco,Stucco,,796.0,5,3,PConc,,,,,5644,,0,466,6110,GasA,5,Y,,8.453614209773367,950,0,8.637993891561942,2,0,2,1,3,1,5,12,Typ,3,,,0.0,,2,1418,,,Y,214,292,0,0,0,480,,,,0,1,New,Partial,0,1,1,0,1,1,1,1,1,1,1,1,0,1,1,1,1,1,1
4,FV,3.1780538303479458,8.458820615594938,Pave,,Reg,Lvl,AllPub,Inside,Gtl,Somerst,Norm,Norm,Twnhs,2Story,8,5,10,9,Gable,CompShg,MetalSd,MetalSd,,456.0,4,3,PConc,,,,,649,,0,321,970,GasA,5,Y,,6.890609120147166,756,0,7.461065514354283,1,0,2,1,3,1,4,7,Typ,0,,,10.0,,2,480,,,Y,115,0,0,0,0,0,,,,0,8,WD,Abnorml,0,1,1,0,1,1,1,1,1,1,1,1,0,1,1,1,1,1,1
7,RL,4.0943445622221,9.893320904547664,Pave,,Reg,Lvl,AllPub,Inside,Gtl,Edwards,Artery,Norm,1Fam,2Story,4,5,69,59,Gable,CompShg,MetalSd,MetalSd,,0.0,3,3,CBlock,,,,,0,,0,755,755,GasA,3,Y,,6.626717749249025,755,0,7.31986492980897,1,0,1,0,4,1,3,7,Typ,1,,,69.0,,1,296,,,P,120,0,0,0,0,0,,,,0,10,WD,Normal,0,1,1,0,1,1,1,1,1,1,1,1,0,1,1,1,1,1,1
5,RM,4.394449154672439,10.236071794366538,Pave,,Reg,Lvl,AllPub,Inside,Gtl,OldTown,Norm,Norm,1Fam,1.5Fin,5,5,54,54,Gable,CompShg,MetalSd,MetalSd,,335.0,3,3,BrkTil,,,,,0,,0,1050,1050,GasA,5,N,,6.956545443151569,745,0,7.492760300922379,0,0,2,0,4,1,3,7,Typ,0,,,54.0,,1,352,,,Y,0,0,0,0,0,0,,,,0,11,WD,Normal,0,1,1,0,1,1,1,1,1,1,1,1,0,1,1,1,1,1,1
2,RL,4.0943445622221,10.09703958498912,Pave,,Reg,Lvl,AllPub,Inside,Gtl,OldTown,Norm,Norm,2fmCon,2Story,4,7,108,8,Gable,CompShg,MetalSd,MetalSd,,0.0,3,3,BrkTil,,,,,0,,0,0,0,GasA,3,N,,6.542471960506805,600,0,7.165493475060845,0,0,2,0,3,2,3,7,Typ,0,,,,,0,0,,,N,220,114,1,0,0,0,,,,0,8,WD,Normal,0,1,1,0,1,1,1,1,1,1,1,1,1,1,1,1,1,1,1
9,RL,4.736198448394496,10.46985992025417,Pave,,Reg,Lvl,AllPub,Inside,Gtl,NridgHt,PosN,PosN,1Fam,1Story,10,5,1,0,Hip,CompShg,CemntBd,CmentBd,,816.0,5,3,PConc,,,,,1636,,0,442,2078,GasA,5,Y,,7.642044402873258,0,0,7.642044402873258,1,0,2,0,2,1,5,7,Typ,1,,,1.0,,3,1220,,,Y,188,45,0,0,0,0,,,,0,6,New,Partial,0,1,1,0,1,1,1,1,1,1,1,1,0,1,1,1,1,1,1
9,FV,4.442651256490317,9.906576149247746,Pave,,Reg,Lvl,AllPub,Inside,Gtl,Somerst,Norm,Norm,1Fam,1Story,9,5,0,0,Gable,CompShg,CemntBd,CmentBd,,162.0,5,3,PConc,,,,,1121,,0,645,1766,GasA,5,Y,,7.476472381163905,0,0,7.476472381163905,1,0,2,1,2,1,5,7,Typ,1,,,0.0,,3,478,,,Y,195,130,0,0,0,0,,,,0,10,New,Partial,0,1,1,0,1,1,1,1,1,1,1,1,0,1,1,1,1,1,1
8,RL,4.31748811353631,10.391851730236546,Pave,,Reg,Lvl,AllPub,Inside,Gtl,NAmes,Norm,Norm,1Fam,SLvl,8,7,37,14,Gable,CompShg,Plywood,Wd Sdng,,0.0,4,3,CBlock,,,,,1410,,0,542,1952,GasA,4,Y,,7.600902459542082,704,0,7.902487437162855,1,0,2,1,4,1,5,9,Typ,3,,,37.0,,2,538,,,Y,269,111,0,0,0,0,,,,0,7,WD,Normal,0,1,1,0,1,1,1,1,1,1,1,1,0,1,1,1,1,1,1
0,RM,4.0943445622221,9.46896229147299,Pave,,IR1,Lvl,AllPub,Inside,Gtl,BrkSide,Feedr,RRNn,1Fam,1Story,4,6,81,58,Gable,CompShg,MetalSd,MetalSd,,0.0,3,3,BrkTil,,,,,0,,0,520,520,GasA,2,N,,6.253828811575473,0,0,6.253828811575473,0,0,1,0,1,1,2,4,Typ,0,,,88.0,,1,240,,,Y,49,0,1,0,0,0,,,,0,5,WD,Normal,0,1,1,0,1,1,1,1,1,1,1,1,0,1,1,1,1,1,1
5,RL,4.454347296253507,10.171134002754286,Pave,,IR1,Lvl,AllPub,Inside,Gtl,Crawfor,Norm,Norm,1Fam,1.5Fin,7,7,70,19,Gable,CompShg,BrkFace,BrkFace,,0.0,4,3,CBlock,,,,,223,,0,794,1017,GasA,4,Y,,6.927557906278317,1037,0,7.6290038896529575,0,0,1,1,3,1,4,6,Typ,1,,,70.0,,1,180,,,Y,0,0,0,0,1,0,,,,0,6,WD,Normal,0,1,1,0,1,1,1,1,1,1,1,1,0,1,1,1,1,1,1
9,RL,4.1588830833596715,10.06102027354608,Pave,,IR1,Lvl,AllPub,Corner,Gtl,CollgCr,Norm,Norm,1Fam,1Story,8,5,2,2,Gable,CompShg,VinylSd,VinylSd,,72.0,4,3,PConc,,,,,0,,0,1694,1694,GasA,5,Y,,7.434847875211999,0,0,7.434847875211999,0,0,2,0,3,1,4,7,Typ,0,,,2.0,,3,776,,,Y,160,33,0,0,0,0,,,,0,2,WD,Normal,0,1,1,0,1,1,1,1,1,1,1,1,0,1,1,1,1,1,1
5,RM,4.0943445622221,9.95829931831355,Pave,,Reg,Lvl,AllPub,Inside,Gtl,OldTown,Norm,Norm,1Fam,1.5Fin,5,8,82,13,Gambrel,CompShg,VinylSd,VinylSd,,0.0,3,3,PConc,,,,,0,,0,702,702,GasA,4,Y,,6.7357800142423265,630,0,7.294377299288821,0,0,1,0,3,1,4,6,Typ,0,,,82.0,,1,250,,,P,0,0,1,0,0,0,,,,0,7,WD,Normal,0,1,1,0,1,1,1,1,1,1,1,1,0,1,1,1,1,1,1
7,RL,3.970291913552122,10.109854472614467,Pave,,Reg,Lvl,AllPub,Inside,Gtl,Crawfor,Norm,Norm,1Fam,2Story,7,9,83,5,Gambrel,CompShg,MetalSd,MetalSd,,0.0,4,3,BrkTil,,,,,0,,0,1276,1276,GasA,5,Y,,7.151485463904735,804,0,7.640123172695364,0,0,1,1,3,1,4,9,Typ,2,,,83.0,,1,282,,,Y,0,0,0,0,1,0,,,,0,6,WD,Normal,0,1,1,0,1,1,1,1,1,1,1,1,0,1,1,1,1,1,1
5,RL,,9.901060243051553,Pave,,Reg,Lvl,AllPub,Inside,Gtl,BrkSide,Norm,Norm,1Fam,1.5Fin,5,5,68,26,Gable,CompShg,MetalSd,MetalSd,,0.0,3,3,CBlock,,,,,399,,0,484,883,GasA,4,Y,,6.895682697747868,517,0,7.316548177182976,1,0,1,0,3,1,3,8,Typ,0,,,68.0,,1,240,,,N,0,0,0,0,0,0,,,,0,7,WD,Normal,1,1,1,0,1,1,1,1,1,1,1,1,0,1,1,1,1,1,1
9,RL,3.871201010907891,10.637163159570779,Pave,,IR1,Lvl,AllPub,CulDSac,Gtl,NWAmes,Norm,Norm,1Fam,1Story,6,5,30,11,Gable,CompShg,HdBoard,HdBoard,,0.0,3,4,CBlock,,,,,0,,0,1362,1362,GasA,3,Y,,7.368970402194793,0,0,7.368970402194793,0,0,2,0,3,1,3,7,Typ,1,,,30.0,,2,435,,,Y,192,0,0,0,0,0,,,,0,1,WD,Normal,0,1,1,0,1,1,1,1,1,1,1,1,0,1,1,1,1,1,1
10,RM,4.5217885770490405,9.310345763035631,Pave,,Reg,Lvl,AllPub,Corner,Gtl,OldTown,Norm,Norm,1Fam,2.5Fin,6,6,97,59,Gable,CompShg,Wd Sdng,Wd Sdng,,0.0,3,3,CBlock,,,,,0,,0,755,755,GasA,5,Y,,6.834108738813838,929,1,7.709308333385869,0,0,1,0,5,1,3,8,Typ,0,,,,,0,0,,,Y,0,198,1,0,0,0,,,,0,7,WD,Abnorml,0,1,1,0,1,1,1,1,1,1,1,1,1,1,1,1,1,1,1
12,RL,4.330733340286331,10.02295747500878,Pave,,IR1,Lvl,AllPub,Inside,Gtl,SawyerW,Norm,Norm,1Fam,2Story,7,5,6,6,Gable,CompShg,VinylSd,VinylSd,,0.0,4,3,PConc,,,,,656,,0,300,956,GasA,5,Y,,6.862757913051401,1128,0,7.642044402873258,1,0,2,1,4,1,4,8,Typ,0,,,6.0,,2,618,,,Y,0,45,0,0,0,0,,,,0,1,WD,Normal,0,1,1,0,1,1,1,1,1,1,1,1,0,1,1,1,1,1,1
5,RL,5.0238805208462765,10.234514704829618,Pave,,IR1,Bnk,AllPub,Inside,Mod,Gilbert,Norm,Norm,1Fam,1.5Fin,8,7,22,5,Gable,CompShg,Wd Sdng,Wd Sdng,,0.0,4,3,Wood,,,,,427,,0,132,559,GasA,4,Y,,6.984716320118266,672,0,7.468513271496337,0,0,2,0,4,1,3,8,Typ,0,,,22.0,,2,492,,,Y,325,12,0,0,0,0,,,,0,6,WD,Normal,0,1,1,0,1,1,1,1,1,1,1,1,0,1,1,1,1,1,1
7,RL,4.31748811353631,10.32734574458579,Pave,,Reg,Lvl,AllPub,Inside,Gtl,Crawfor,Norm,Norm,1Fam,2Story,7,6,67,23,Gable,CompShg,Wd Sdng,Wd Sdng,,0.0,3,3,CBlock,,,,,410,,0,390,800,GasA,3,Y,,6.866933284461882,780,0,7.461640392208575,0,0,1,1,3,1,3,6,Typ,2,,,67.0,,1,240,,,Y,0,0,0,0,0,0,,,,0,7,CWD,Normal,0,1,1,0,1,1,1,1,1,1,1,1,0,1,1,1,1,1,1
12,RL,3.713572066704308,10.259475702515083,Pave,,IR2,Lvl,AllPub,FR2,Gtl,CollgCr,Norm,Norm,1Fam,2Story,7,5,2,1,Gable,CompShg,VinylSd,VinylSd,,0.0,4,3,PConc,,,,,0,,0,847,847,GasA,5,Y,,6.741700694652055,1101,0,7.5745584842024805,0,0,2,1,4,1,4,8,Typ,1,,,2.0,,2,434,,,Y,100,48,0,0,0,0,,,,0,9,WD,Normal,0,1,1,0,1,1,1,1,1,1,1,1,0,1,1,1,1,1,1
5,C (all),4.0943445622221,10.1229615251312,Pave,,Reg,Low,AllPub,Inside,Mod,IDOTRR,Norm,Norm,1Fam,1.5Fin,4,6,86,56,Gable,CompShg,MetalSd,MetalSd,,0.0,3,3,CBlock,,,,,637,,0,0,637,GasA,4,Y,,6.799055862058796,439,0,7.197435354096591,0,0,1,1,3,1,3,7,Typ,0,,,12.0,,1,570,,,Y,0,47,1,0,0,0,,,,0,9,COD,Normal,0,1,1,0,1,1,1,1,1,1,1,1,0,1,1,1,1,1,1
9,RL,4.248495242049359,9.982566350607952,Pave,,Reg,Lvl,AllPub,Corner,Gtl,CollgCr,Norm,Norm,1Fam,1Story,5,7,34,34,Gable,CompShg,VinylSd,VinylSd,,0.0,3,3,PConc,,,,,894,,0,0,894,GasA,3,Y,,6.795705775173514,0,0,6.795705775173514,1,0,1,0,3,1,3,5,Typ,0,,,31.0,,2,552,,,Y,256,0,0,0,0,0,,,,0,7,WD,Abnorml,0,1,1,0,1,1,1,1,1,1,1,1,0,1,1,1,1,1,1
9,RL,4.859812404361672,10.615628299183408,Pave,,Reg,Lvl,AllPub,FR3,Gtl,NridgHt,Norm,Norm,1Fam,1Story,9,5,2,1,Hip,CompShg,VinylSd,VinylSd,,66.0,4,3,PConc,,,,,1447,,0,533,1980,GasA,5,Y,,7.590852123688581,0,0,7.590852123688581,1,0,2,0,3,1,5,8,Typ,1,,,2.0,,3,770,,,Y,194,45,0,0,0,0,,,,0,9,WD,Normal,0,1,1,0,1,1,1,1,1,1,1,1,0,1,1,1,1,1,1
7,RL,,9.668460516349608,Pave,,IR1,Bnk,AllPub,Inside,Gtl,Crawfor,Norm,Norm,1Fam,2Story,6,7,67,59,Gable,CompShg,Wd Sdng,Wd Sdng,,0.0,3,3,CBlock,,,,,547,,0,224,771,GasA,2,Y,,6.6240652277998935,741,0,7.309212365692763,0,0,1,0,3,1,4,7,Typ,2,,,67.0,,1,213,,,P,0,0,0,0,1,0,,,,0,11,WD,Normal,1,1,1,0,1,1,1,1,1,1,1,1,0,1,1,1,1,1,1
5,RL,4.0943445622221,10.111150052864806,Pave,,Reg,Bnk,AllPub,Inside,Gtl,NAmes,Artery,Norm,1Fam,1.5Fin,5,6,63,58,Gable,CompShg,MetalSd,MetalSd,,0.0,3,3,CBlock,,,,,580,,0,333,913,GasA,3,Y,,6.954638864880987,510,0,7.351158226430694,1,0,1,1,3,1,3,6,Typ,1,,,46.0,,1,288,,,Y,0,0,0,0,0,0,,,,0,4,WD,Normal,0,1,1,0,1,1,1,1,1,1,1,1,0,1,1,1,1,1,1
9,RL,4.1588830833596715,9.547222537381385,Pave,,Reg,Lvl,AllPub,Inside,Gtl,CollgCr,Norm,Norm,1Fam,1Story,7,5,0,0,Gable,CompShg,VinylSd,VinylSd,,0.0,4,3,PConc,,,,,0,,0,1286,1286,GasA,5,Y,,7.165493475060845,0,0,7.165493475060845,0,0,2,0,2,1,4,6,Typ,1,,,0.0,,2,662,,,Y,168,55,0,0,0,0,,,,0,7,New,Partial,0,1,1,0,1,1,1,1,1,1,1,1,0,1,1,1,1,1,1
9,RL,4.48863636973214,10.08386568308358,Pave,,Reg,Lvl,AllPub,Inside,Gtl,NAmes,Norm,Norm,1Fam,1Story,5,3,55,55,Hip,CompShg,Wd Sdng,Wd Sdng,,44.0,3,3,CBlock,,,,,756,,0,1380,2136,GasA,3,N,,7.666690200080086,0,0,7.666690200080086,0,0,2,0,4,1,3,7,Mod,0,,,55.0,,2,528,,,Y,0,30,0,0,0,0,,,,0,10,WD,Normal,0,1,1,0,1,1,1,1,1,1,1,1,0,1,1,1,1,1,1
4,RM,3.044522437723423,7.939120540700647,Pave,,Reg,Lvl,AllPub,Inside,Gtl,BrDale,Norm,Norm,Twnhs,2Story,6,7,34,34,Gable,CompShg,HdBoard,HdBoard,,281.0,3,3,CBlock,,,,,317,,0,355,672,GasA,4,Y,,6.51025834052315,546,0,7.1049654482698426,0,1,1,1,3,1,3,7,Typ,0,,,34.0,,1,264,,,Y,0,28,0,0,0,0,,,,0,5,WD,Normal,0,1,1,0,1,1,1,1,1,1,1,1,0,1,1,1,1,1,1
11,RL,3.4657359027997265,10.102051498185114,Pave,,IR1,Lvl,AllPub,CulDSac,Gtl,Veenker,Norm,Norm,TwnhsE,1Story,8,5,15,15,Gable,CompShg,BrkFace,BrkFace,,0.0,4,3,PConc,,,,,1619,,0,100,1719,GasA,5,Y,,7.449498005382849,0,0,7.449498005382849,2,0,1,1,1,1,4,6,Typ,2,,,15.0,,2,473,,,Y,122,30,0,0,0,0,,,,0,5,Con,Normal,0,1,1,0,1,1,1,1,1,1,1,1,0,1,1,1,1,1,1
9,RL,4.653960350157523,10.519147264389025,Pave,,Reg,Lvl,AllPub,Inside,Gtl,NridgHt,Norm,Norm,1Fam,1Story,10,5,1,1,Hip,CompShg,VinylSd,VinylSd,,200.0,5,3,PConc,,,,,1767,,1,788,3094,GasA,5,Y,,7.784057002639929,0,0,7.784057002639929,1,0,2,0,2,1,5,10,Typ,2,,,1.0,,3,672,,,Y,0,72,0,0,1,0,,,,0,4,WD,Normal,0,1,1,0,1,1,1,1,1,1,1,1,0,1,1,1,1,1,1
5,RM,4.0943445622221,9.818014439778864,Pave,,Reg,Lvl,AllPub,Inside,Gtl,OldTown,Artery,Norm,1Fam,1.5Fin,6,7,91,57,Gable,CompShg,Stucco,Stucco,,0.0,3,4,BrkTil,,,,,168,,1,0,714,GasW,3,N,,7.416979621381154,862,0,7.8343923029104365,0,0,2,0,5,1,4,10,Typ,1,,,91.0,,1,216,,,Y,88,15,0,0,0,0,,,,0,8,CWD,Family,0,1,1,0,1,1,1,1,1,1,1,1,0,1,1,1,1,1,1
0,RL,3.912023005428146,9.269549081599669,Pave,,Reg,HLS,AllPub,Inside,Gtl,BrkSide,Norm,Norm,1Fam,1Story,4,7,69,59,Hip,CompShg,VinylSd,VinylSd,,0.0,2,3,CBlock,,,,,280,,0,140,420,GasA,4,Y,,6.56244409369372,0,0,6.56244409369372,0,0,1,0,2,1,2,5,Typ,0,,,,,0,0,,,Y,164,0,0,0,0,0,,,,0,12,WD,Normal,0,1,1,0,1,1,1,1,1,1,1,1,1,1,1,1,1,1,1
10,RM,4.0943445622221,9.620654483038743,Pave,,Reg,Lvl,AllPub,Inside,Gtl,IDOTRR,Norm,Norm,1Fam,2.5Unf,5,7,87,11,Gable,CompShg,MetalSd,MetalSd,,0.0,3,3,BrkTil,,,,,0,,0,530,530,GasA,3,N,,6.364750756851911,530,0,7.01301578963963,0,0,1,0,3,1,2,6,Typ,0,,,72.0,,1,288,,,N,0,0,1,0,0,0,,,,0,3,WD,Normal,0,1,1,0,1,1,1,1,1,1,1,1,0,1,1,1,1,1,1
9,RL,4.499809670330265,10.19088522264249,Pave,,Reg,Lvl,AllPub,Inside,Gtl,NridgHt,Norm,Norm,1Fam,1Story,9,5,0,0,Hip,CompShg,CemntBd,CmentBd,,452.0,5,3,PConc,,,,,48,,0,1774,1822,GasA,5,Y,,7.510977752014095,0,0,7.510977752014095,0,0,2,0,3,1,4,9,Typ,1,,,0.0,,3,774,,,Y,0,108,0,0,1,0,,,,0,7,New,Partial,0,1,1,0,1,1,1,1,1,1,1,1,0,1,1,1,1,1,1
9,RL,4.0943445622221,9.51887321713622,Pave,,Reg,Lvl,AllPub,Inside,Gtl,NAmes,PosN,Norm,1Fam,1Story,5,5,47,47,Hip,CompShg,MetalSd,MetalSd,,0.0,3,3,CBlock,,,,,0,,0,894,894,GasA,4,N,,6.795705775173514,0,0,6.795705775173514,0,0,1,0,2,1,3,5,Typ,0,,,47.0,,1,308,,,Y,0,0,0,0,0,0,,,,0,8,WD,Normal,0,1,1,0,1,1,1,1,1,1,1,1,0,1,1,1,1,1,1
0,RL,4.382026634673881,10.348347939799785,Pave,,IR1,HLS,AllPub,Inside,Gtl,Crawfor,Norm,Norm,1Fam,1Story,5,7,88,3,Gable,CompShg,Wd Sdng,Wd Sdng,,0.0,3,4,BrkTil,,,,,713,,0,163,876,GasA,5,Y,,6.871091294610546,0,0,6.871091294610546,1,0,1,0,2,1,3,5,Typ,0,,,88.0,,2,432,,,Y,0,0,1,0,0,0,,,,0,8,WD,Normal,0,1,1,0,1,1,1,1,1,1,1,1,0,1,1,1,1,1,1
9,RL,,10.339901721192437,Pave,,IR1,Lvl,AllPub,CulDSac,Gtl,Mitchel,Norm,Norm,1Fam,1Story,8,5,6,6,Hip,CompShg,CemntBd,CmentBd,,148.0,4,3,PConc,,,,,1218,,0,350,1568,GasA,5,Y,,7.4318919168078,0,0,7.4318919168078,1,0,2,0,3,1,4,7,Typ,2,,,6.0,,3,857,,,Y,150,59,0,0,0,0,,,,0,7,WD,Normal,1,1,1,0,1,1,1,1,1,1,1,1,0,1,1,1,1,1,1
9,RL,4.770684624465665,10.378446268879745,Pave,,IR1,Lvl,AllPub,Corner,Gtl,CollgCr,Norm,Norm,1Fam,1Story,7,5,5,4,Gable,CompShg,VinylSd,VinylSd,,150.0,4,3,PConc,,,,,0,,0,1541,1541,GasA,5,Y,,7.340186835320115,0,0,7.340186835320115,0,0,2,0,3,1,4,6,Typ,1,,,5.0,,3,843,,,Y,468,81,0,0,0,0,,,,0,1,WD,Normal,0,1,1,0,1,1,1,1,1,1,1,1,0,1,1,1,1,1,1
9,FV,4.127134385045092,9.668460516349608,Pave,,Reg,Lvl,AllPub,Inside,Gtl,Somerst,Norm,Norm,1Fam,1Story,7,5,5,4,Gable,CompShg,VinylSd,VinylSd,,0.0,4,3,PConc,,,,,410,,0,811,1221,GasA,5,Y,,7.107425474110705,0,0,7.107425474110705,1,0,2,0,2,1,4,6,Typ,0,,,5.0,,2,400,,,Y,0,113,0,0,0,0,,,,0,10,WD,Normal,0,1,1,0,1,1,1,1,1,1,1,1,0,1,1,1,1,1,1
9,RL,4.430816798843313,9.836883284415078,Pave,,Reg,Lvl,AllPub,Inside,Gtl,NAmes,Norm,Norm,1Fam,1Story,6,5,41,41,Gable,CompShg,Wd Sdng,Wd Sdng,,101.0,3,3,CBlock,,,,,643,,0,445,1088,GasA,5,Y,,7.188412736496954,0,0,7.188412736496954,0,0,2,0,3,1,3,6,Typ,1,,,41.0,,2,440,,,Y,0,138,0,0,0,0,,,,0,12,WD,Abnorml,0,1,1,0,1,1,1,1,1,1,1,1,0,1,1,1,1,1,1
4,FV,3.1780538303479458,8.42665024546412,Pave,,Reg,Lvl,AllPub,FR2,Gtl,Somerst,Norm,Norm,Twnhs,2Story,7,5,11,11,Hip,CompShg,MetalSd,MetalSd,,0.0,4,3,PConc,,,,,604,,0,92,696,GasA,5,Y,,6.54534966033442,720,0,7.255591274253665,1,0,2,1,3,1,4,6,Typ,0,,,11.0,,2,484,,,Y,0,44,0,0,0,0,,,,0,5,WD,Normal,0,1,1,0,1,1,1,1,1,1,1,1,0,1,1,1,1,1,1
1,RM,3.044522437723423,7.8806590902705285,Pave,,Reg,Lvl,AllPub,Inside,Gtl,MeadowV,Norm,Norm,Twnhs,SLvl,4,5,36,36,Gable,CompShg,CemntBd,CmentBd,,0.0,3,3,CBlock,,,,,462,,0,0,462,GasA,3,Y,,6.26530121273771,462,0,6.895682697747868,1,0,1,0,2,1,3,5,Typ,0,,,36.0,,1,297,,,Y,120,101,0,0,0,0,,,,0,11,WD,Normal,0,1,1,0,1,1,1,1,1,1,1,1,0,1,1,1,1,1,1
5,RM,4.0943445622221,9.407566278407877,Pave,,Reg,Lvl,AllPub,Inside,Gtl,BrkSide,Norm,Norm,1Fam,1.5Fin,6,6,66,57,Gable,CompShg,Wd Sdng,Wd Sdng,,0.0,3,4,BrkTil,,,,,375,,0,360,735,GasA,5,Y,,6.767343125265392,349,0,7.1049654482698426,0,1,1,0,3,1,3,6,Typ,1,,,4.0,,2,440,,,Y,0,0,0,0,0,0,,,,0,3,WD,Normal,0,1,1,0,1,1,1,1,1,1,1,1,0,1,1,1,1,1,1
12,RL,4.0943445622221,9.576094624905753,Pave,,Reg,Lvl,AllPub,Inside,Gtl,Edwards,Norm,Norm,1Fam,2Story,7,5,5,4,Gable,CompShg,VinylSd,VinylSd,,92.0,4,3,PConc,,,,,0,,0,746,746,GasA,5,Y,,6.633318433280377,896,0,7.412160334945205,0,0,2,1,3,1,4,7,Typ,1,,,5.0,,2,397,,,Y,178,128,0,0,0,0,,,,0,7,WD,Normal,0,1,1,0,1,1,1,1,1,1,1,1,0,1,1,1,1,1,1
11,RL,4.110873864173311,9.680427819236836,Pave,,IR1,Lvl,AllPub,Corner,Gtl,NridgHt,Norm,Norm,TwnhsE,1Story,6,5,2,1,Gable,CompShg,VinylSd,VinylSd,,256.0,4,3,PConc,,,,,20,,0,1342,1362,GasA,5,Y,,7.216709486709457,0,0,7.216709486709457,0,0,2,0,2,1,4,6,Typ,1,,,2.0,,2,460,,,Y,192,28,0,0,0,0,,,,0,6,WD,Normal,0,1,1,0,1,1,1,1,1,1,1,1,0,1,1,1,1,1,1
12,RL,4.248495242049359,9.699298837828964,Pave,,Reg,Lvl,AllPub,Inside,Gtl,NAmes,PosN,Norm,1Fam,2Story,6,5,44,44,Gable,CompShg,MetalSd,MetalSd,,351.0,3,3,CBlock,,,,,0,,0,756,756,GasA,3,Y,,6.957497370876951,788,0,7.516977224604321,0,0,1,1,4,1,3,7,Typ,1,,,44.0,,2,442,,,Y,0,124,1,0,0,0,,,,0,6,WD,Normal,0,1,1,0,1,1,1,1,1,1,1,1,0,1,1,1,1,1,1
9,RL,4.31748811353631,10.151470235387142,Pave,,Reg,Lvl,AllPub,Inside,Gtl,NAmes,Norm,Norm,1Fam,1Story,6,5,52,52,Hip,CompShg,Wd Sdng,BrkFace,,0.0,3,3,CBlock,,,,,0,,0,1367,1367,GasA,5,Y,,7.226209010100671,0,0,7.226209010100671,0,0,1,0,2,1,3,5,Typ,1,,,52.0,,2,451,,,Y,0,30,0,0,0,0,,,,0,6,WD,Normal,0,1,1,0,1,1,1,1,1,1,1,1,0,1,1,1,1,1,1
9,RM,4.605170185988092,10.221394349294162,Pave,,Reg,Lvl,AllPub,Inside,Gtl,OldTown,Norm,Norm,1Fam,1Story,5,7,60,3,Gable,CompShg,MetalSd,MetalSd,,0.0,3,3,CBlock,,,,,144,,1,172,924,GasA,5,Y,,7.022868086082641,0,0,7.022868086082641,1,0,1,0,2,1,4,6,Typ,0,,,60.0,,2,528,,,Y,0,36,0,0,0,0,,,,0,5,WD,Normal,0,1,1,0,1,1,1,1,1,1,1,1,0,1,1,1,1,1,1
8,RL,,10.573727895653803,Pave,,IR1,Lvl,AllPub,FR2,Gtl,Veenker,Feedr,Norm,1Fam,SLvl,5,7,29,29,Gable,CompShg,Plywood,Plywood,,0.0,3,3,PConc,,,,,680,,1,289,1360,GasA,5,Y,,7.266827347520591,0,0,7.266827347520591,1,0,1,1,2,1,4,5,Typ,1,,,29.0,,2,588,,,Y,168,180,0,0,0,0,,,,0,6,WD,Normal,1,1,1,0,1,1,1,1,1,1,1,1,0,1,1,1,1,1,1
12,RL,4.174387269895637,9.884749430401895,Pave,,IR1,Lvl,AllPub,Inside,Gtl,Gilbert,Norm,Norm,1Fam,2Story,7,5,0,0,Hip,CompShg,VinylSd,VinylSd,,0.0,4,3,PConc,,,,,0,,0,728,728,GasA,5,Y,,6.590301048196686,728,0,7.283448228756631,0,0,2,1,3,1,4,8,Typ,1,,,0.0,,2,400,,,Y,100,24,0,0,0,0,,,,0,7,New,Partial,0,1,1,0,1,1,1,1,1,1,1,1,0,1,1,1,1,1,1
8,RL,,10.000094453875889,Pave,,IR1,Lvl,AllPub,CulDSac,Gtl,Mitchel,Norm,Norm,1Fam,SLvl,7,5,19,18,Gable,CompShg,HdBoard,HdBoard,,0.0,3,3,PConc,,,,,611,,0,577,1188,GasA,5,Y,,7.104144092987527,0,0,7.104144092987527,1,0,2,0,3,1,4,6,Typ,0,,,19.0,,2,497,,,Y,168,27,0,0,0,0,,,,0,6,WD,Normal,1,1,1,0,1,1,1,1,1,1,1,1,0,1,1,1,1,1,1
9,RL,4.0943445622221,9.620654483038743,Pave,,Reg,Lvl,AllPub,Inside,Gtl,NAmes,Norm,Norm,1Fam,1Story,5,7,56,56,Hip,CompShg,Wd Sdng,Wd Sdng,,0.0,3,3,CBlock,,,,,0,,0,0,0,GasA,3,Y,,6.946975992135418,0,0,6.946975992135418,0,0,1,0,2,1,3,5,Typ,0,,,56.0,,2,625,,,Y,0,0,0,0,0,0,,,,0,6,WD,Normal,0,1,1,0,1,1,1,1,1,1,1,1,0,1,1,1,1,1,1
4,FV,3.4011973816621555,8.603787627621768,Pave,,Reg,Lvl,AllPub,Inside,Gtl,Somerst,Norm,Norm,TwnhsE,2Story,6,5,0,0,Gable,CompShg,VinylSd,VinylSd,,76.0,4,3,PConc,,,,,294,,0,318,612,GasA,5,Y,,6.416732282512326,612,0,7.1098794630722715,0,0,2,1,2,1,4,4,Typ,0,,,0.0,,2,528,,,Y,0,234,0,0,0,0,,,,0,6,New,Partial,0,1,1,0,1,1,1,1,1,1,1,1,0,1,1,1,1,1,1
5,RM,3.9318256327243257,9.430676920124982,Pave,,Reg,Lvl,AllPub,Inside,Gtl,OldTown,Artery,Norm,1Fam,1.5Fin,7,5,77,58,Gable,CompShg,BrkFace,Wd Shng,,0.0,3,3,BrkTil,,,,,0,,0,952,952,GasA,4,Y,,6.92951677076365,752,0,7.480992162869525,0,0,2,0,2,2,3,8,Min1,2,,,77.0,,2,468,,,Y,90,0,1,0,0,0,,,,0,4,WD,Abnorml,0,1,1,0,1,1,1,1,1,1,1,1,0,1,1,1,1,1,1
5,RL,3.912023005428146,9.802059681189938,Pave,,Reg,Lvl,AllPub,Inside,Gtl,Edwards,Norm,Norm,1Fam,1.5Fin,5,8,108,58,Gable,CompShg,MetalSd,MetalSd,,0.0,3,3,BrkTil,,,,,241,,1,229,861,GasA,5,Y,,6.8679744089702925,406,0,7.220373836723949,1,0,1,0,4,1,3,7,Typ,0,,,30.0,,1,384,,,Y,0,130,1,0,0,0,,,,0,4,WD,Normal,0,1,1,0,1,1,1,1,1,1,1,1,0,1,1,1,1,1,1
5,RM,4.0943445622221,9.620654483038743,Pave,,Reg,Lvl,AllPub,Corner,Gtl,IDOTRR,Norm,Norm,1Fam,1.5Fin,5,6,68,11,Gable,CompShg,Wd Sdng,Wd Sdng,,0.0,3,3,CBlock,,,,,0,,0,803,803,GasA,5,Y,,6.688354713946762,557,0,7.215239978730097,0,0,1,1,2,1,4,6,Typ,0,,,55.0,,1,297,,,Y,0,65,1,0,0,0,,,,0,7,WD,Normal,0,1,1,0,1,1,1,1,1,1,1,1,0,1,1,1,1,1,1
11,RM,,9.053506137589956,Pave,,Reg,Lvl,AllPub,Inside,Gtl,CollgCr,Norm,Norm,TwnhsE,1Story,6,5,4,4,Gable,CompShg,VinylSd,VinylSd,,147.0,4,3,PConc,,,,,697,,0,151,848,GasA,5,Y,,6.742880635791903,0,0,6.742880635791903,1,0,1,0,1,1,4,3,Typ,1,,,4.0,,2,420,,,Y,149,0,0,0,0,0,,,,0,5,WD,Normal,1,1,1,0,1,1,1,1,1,1,1,1,0,1,1,1,1,1,1
12,RL,4.442651256490317,10.245179221436398,Pave,,Reg,Lvl,AllPub,Inside,Gtl,Timber,Norm,Norm,1Fam,2Story,8,5,5,5,Hip,CompShg,VinylSd,VinylSd,,226.0,4,3,PConc,,,,,871,,0,611,1482,GasA,5,Y,,7.301147805856032,780,0,7.724004656676065,1,0,2,1,4,1,4,10,Typ,2,,,5.0,,3,749,,,Y,168,0,0,0,0,0,,,,0,8,WD,Normal,0,1,1,0,1,1,1,1,1,1,1,1,0,1,1,1,1,1,1
9,RL,4.204692619390966,9.866229335937655,Pave,,Reg,Lvl,AllPub,Inside,Gtl,Edwards,Norm,Norm,1Fam,1Story,4,5,55,55,Gable,CompShg,Wd Sdng,Wd Sdng,,0.0,3,3,CBlock,,,,,836,,0,0,836,GasA,3,Y,,7.106606137727303,0,0,7.106606137727303,0,0,1,0,2,1,3,6,Typ,0,,,55.0,,2,396,,,Y,0,0,0,0,0,0,,,,0,4,COD,Normal,0,1,1,0,1,1,1,1,1,1,1,1,0,1,1,1,1,1,1
11,RM,,8.631123963503367,Pave,,Reg,Lvl,AllPub,Inside,Gtl,Blmngtn,Norm,Norm,TwnhsE,1Story,7,5,2,2,Hip,CompShg,VinylSd,VinylSd,,18.0,4,3,PConc,,,,,0,,0,1375,1375,GasA,5,Y,,7.254177846456518,0,0,7.254177846456518,0,0,2,0,2,1,4,6,Typ,1,,,2.0,,2,398,,,Y,144,20,0,0,0,0,,,,0,5,WD,Normal,1,1,1,0,1,1,1,1,1,1,1,1,0,1,1,1,1,1,1
10,RM,4.0943445622221,9.95829931831355,Pave,,Reg,Lvl,AllPub,Inside,Gtl,OldTown,Norm,Norm,1Fam,2.5Unf,6,5,91,58,Gable,CompShg,AsbShng,AsbShng,,0.0,3,3,BrkTil,,,,,319,,0,416,735,OthW,2,N,,7.033506484287697,924,0,7.629489916393995,0,0,1,1,3,1,3,8,Typ,1,,,58.0,,2,396,,,P,0,0,1,0,0,0,,,,0,4,WD,Normal,0,1,1,0,1,1,1,1,1,1,1,1,0,1,1,1,1,1,1
5,RM,4.0943445622221,9.324195153146771,Pave,,IR1,Bnk,AllPub,Inside,Gtl,OldTown,Feedr,Norm,1Fam,1.5Fin,6,7,88,10,Gable,CompShg,MetalSd,MetalSd,,0.0,3,3,BrkTil,,,,,0,,0,901,901,GasA,4,Y,,6.992096427415888,110,0,7.088408778675395,0,0,1,0,4,1,3,7,Typ,0,,,,,0,0,,,N,0,98,0,0,0,0,,,,0,9,ConLD,Abnorml,0,1,1,0,1,1,1,1,1,1,1,1,1,1,1,1,1,1,1
11,RL,3.6888794541139363,9.34035691051374,Pave,,IR1,Lvl,AllPub,Inside,Gtl,StoneBr,Norm,Norm,TwnhsE,1Story,8,5,9,9,Gable,CompShg,CemntBd,CmentBd,,0.0,4,3,PConc,,,,,1158,,0,343,1501,GasA,5,Y,,7.413970290190444,0,0,7.413970290190444,1,0,2,0,2,1,5,5,Typ,1,,,9.0,,2,499,,,Y,212,59,0,0,0,0,,,,0,10,WD,Normal,0,1,1,0,1,1,1,1,1,1,1,1,0,1,1,1,1,1,1
0,RM,4.07753744390572,9.782060561381979,Pave,,Reg,Bnk,AllPub,Inside,Mod,IDOTRR,Norm,Norm,1Fam,1Story,6,5,87,57,Gable,CompShg,BrkFace,BrkFace,,0.0,3,3,BrkTil,,,,,0,,0,1012,1012,GasA,3,Y,,6.919683849847411,0,0,6.919683849847411,0,0,1,0,2,1,3,6,Typ,1,,,87.0,,1,308,,,Y,0,22,1,0,0,0,,,,0,5,WD,Normal,0,1,1,0,1,1,1,1,1,1,1,1,0,1,1,1,1,1,1
10,RL,4.624972813284271,10.551921062495563,Pave,,Reg,Lvl,AllPub,Corner,Gtl,SWISU,Norm,Norm,1Fam,2.5Fin,7,3,89,39,Gable,CompShg,Wd Sdng,Plywood,,0.0,3,3,BrkTil,,,,,523,,0,301,824,GasA,5,Y,,7.430707082545968,998,1,8.033334015880062,1,0,2,1,5,1,3,12,Typ,2,,,39.0,,2,672,,,Y,136,63,0,0,0,0,,,,0,8,WD,Normal,0,1,1,0,1,1,1,1,1,1,1,1,0,1,1,1,1,1,1
2,RM,4.330733340286331,9.688595853297477,Pave,,Reg,Lvl,AllPub,Inside,Gtl,OldTown,Feedr,Norm,2fmCon,2Story,5,9,110,14,Gable,CompShg,Wd Sdng,Wd Sdng,,0.0,3,4,BrkTil,,,,,0,,0,360,360,GasA,4,Y,,6.939253946041508,780,0,7.502186486602924,0,0,2,0,4,2,4,8,Typ,1,,,11.0,,2,672,,,N,344,0,1,0,0,0,,,,0,5,WD,Normal,0,1,1,0,1,1,1,1,1,1,1,1,0,1,1,1,1,1,1
12,FV,,9.596012790856388,Pave,,Reg,Lvl,AllPub,Inside,Gtl,Somerst,Norm,Norm,1Fam,2Story,7,5,6,6,Gable,CompShg,VinylSd,VinylSd,,0.0,4,3,PConc,,,,,738,,0,319,1057,GasA,5,Y,,6.963189985870238,872,0,7.564757012905729,1,0,2,1,3,1,4,7,Typ,1,,,6.0,,2,650,,,Y,0,235,0,0,0,0,,,,0,5,WD,Normal,1,1,1,0,1,1,1,1,1,1,1,1,0,1,1,1,1,1,1
8,RL,4.007333185232471,10.094853949495288,Pave,,IR1,Lvl,AllPub,Inside,Gtl,CollgCr,Norm,Norm,1Fam,SLvl,5,5,30,30,Gable,CompShg,MetalSd,MetalSd,,0.0,3,3,CBlock,,,,,483,,0,428,911,GasA,4,Y,,6.860663671448287,0,0,6.860663671448287,0,0,1,0,3,1,3,6,Typ,0,,,30.0,,2,576,,,Y,0,0,0,0,0,0,,,,0,7,WD,Normal,0,1,1,0,1,1,1,1,1,1,1,1,0,1,1,1,1,1,1
9,RL,4.442651256490317,10.453568958190244,Pave,,Reg,Lvl,AllPub,Inside,Gtl,Timber,Norm,Norm,1Fam,1Story,9,5,3,3,Hip,CompShg,VinylSd,VinylSd,,584.0,5,3,PConc,,,,,1260,,0,578,1838,GasA,5,Y,,7.516433302915632,0,0,7.516433302915632,1,0,2,0,2,1,5,8,Typ,1,,,3.0,,3,765,,,Y,270,68,0,0,0,0,,,,0,3,WD,Normal,0,1,1,0,1,1,1,1,1,1,1,1,0,1,1,1,1,1,1
9,RL,,10.467855592054269,Pave,,IR1,Low,AllPub,CulDSac,Gtl,Crawfor,PosN,Norm,1Fam,1Story,6,7,54,2,Hip,CompShg,HdBoard,HdBoard,,72.0,4,3,CBlock,,,,,728,,0,568,1296,GasA,5,Y,,7.402451520818244,0,0,7.402451520818244,1,0,1,0,3,1,4,7,Typ,1,,,15.0,,2,924,,,Y,108,0,0,1,0,0,,,,0,11,WD,Normal,1,1,1,0,1,1,1,1,1,1,1,1,0,1,1,1,1,1,1
9,RL,4.248495242049359,9.733952814325196,Pave,,Reg,Lvl,AllPub,Inside,Gtl,NAmes,Norm,Norm,1Fam,1Story,5,5,50,50,Hip,CompShg,BrkFace,Plywood,,0.0,3,3,CBlock,,,,,1148,,0,0,1148,GasA,3,Y,,7.045776576879511,0,0,7.045776576879511,1,0,1,0,3,1,3,6,Typ,0,,,50.0,,1,672,,,Y,0,0,0,0,0,0,,,,0,7,WD,Normal,0,1,1,0,1,1,1,1,1,1,1,1,0,1,1,1,1,1,1
9,RL,4.110873864173311,9.97751087723029,Pave,,IR1,Lvl,AllPub,Inside,Gtl,NAmes,Norm,Norm,1Fam,1Story,5,5,36,36,Gable,CompShg,HdBoard,MetalSd,,0.0,3,3,CBlock,,,,,412,,1,251,950,GasA,3,Y,,6.856461984594587,0,0,6.856461984594587,0,0,1,0,3,1,3,5,Typ,0,,,26.0,,1,280,,,Y,0,0,0,0,0,0,,,,0,7,WD,Normal,0,1,1,0,1,1,1,1,1,1,1,1,0,1,1,1,1,1,1
12,RL,4.382026634673881,9.952647689676033,Pave,,IR1,Lvl,AllPub,Inside,Gtl,SawyerW,Norm,Norm,1Fam,2Story,8,5,13,12,Gable,CompShg,VinylSd,VinylSd,,125.0,4,3,PConc,,,,,380,,0,397,777,GasA,5,Y,,6.970730078143525,846,0,7.555381944240273,0,0,2,1,3,1,4,8,Typ,1,,,13.0,,2,471,,,Y,182,81,0,0,0,0,,,,0,9,WD,Normal,0,1,1,0,1,1,1,1,1,1,1,1,0,1,1,1,1,1,1
5,RL,4.248495242049359,9.847552505420285,Pave,,IR1,Bnk,AllPub,Inside,Gtl,BrkSide,Norm,Norm,1Fam,1.5Fin,6,7,84,57,Gable,CompShg,BrkFace,Wd Sdng,,0.0,3,3,BrkTil,,,,,300,,0,765,1065,GasA,5,Y,,6.818924065275521,720,0,7.399398083331354,0,0,1,1,3,1,3,6,Typ,1,,,57.0,,2,440,,,Y,0,38,0,1,0,0,,,,0,5,WD,Normal,0,1,1,0,1,1,1,1,1,1,1,1,0,1,1,1,1,1,1
9,RL,4.634728988229636,10.13730044614121,Pave,,IR1,Lvl,AllPub,Corner,Gtl,CollgCr,Norm,Norm,1Fam,1Story,7,5,0,0,Gable,CompShg,VinylSd,VinylSd,,0.0,4,3,PConc,,,,,0,,0,1316,1316,GasA,5,Y,,7.182352111885263,0,0,7.182352111885263,0,0,2,0,3,1,4,6,Typ,1,,,0.0,,2,440,,,Y,0,20,0,0,0,0,,,,0,10,New,Partial,0,1,1,0,1,1,1,1,1,1,1,1,0,1,1,1,1,1,1
9,RL,,10.193205490616709,Pave,,IR1,Lvl,AllPub,Inside,Gtl,NWAmes,PosA,Norm,1Fam,1Story,6,6,39,39,Hip,CompShg,HdBoard,HdBoard,,571.0,3,3,CBlock,,,,,0,,0,1442,1442,GasA,3,Y,,7.273786317844895,0,0,7.273786317844895,0,0,2,0,2,1,3,6,Typ,1,,,39.0,,2,615,,,Y,371,0,0,0,0,0,,,,0,2,WD,Normal,1,1,1,0,1,1,1,1,1,1,1,1,0,1,1,1,1,1,1
9,RL,,10.273132914234358,Pave,,IR1,Lvl,AllPub,CulDSac,Gtl,NAmes,Norm,Norm,1Fam,1Story,5,6,39,2,Gable,CompShg,VinylSd,VinylSd,,0.0,3,3,CBlock,,,,,734,,0,344,1078,GasA,5,Y,,6.982862751468942,0,0,6.982862751468942,1,0,1,1,3,1,3,6,Typ,1,,,39.0,,2,500,,,Y,0,0,0,0,0,0,,,,0,4,WD,Normal,1,1,1,0,1,1,1,1,1,1,1,1,0,1,1,1,1,1,1
9,RL,4.442651256490317,9.582659182826143,Pave,,Reg,Lvl,AllPub,Corner,Gtl,Sawyer,Feedr,Norm,1Fam,1Story,4,5,46,46,Gable,CompShg,VinylSd,VinylSd,,0.0,3,3,CBlock,,,,,932,,0,108,1040,GasA,3,Y,,7.02108396428914,0,0,7.02108396428914,1,0,1,1,3,1,2,5,Typ,0,,,46.0,,2,544,,,Y,168,0,0,0,0,0,,,,1,5,WD,Normal,0,1,1,0,1,1,1,1,1,1,1,1,0,1,1,1,1,1,1
8,RL,,9.706885480501949,Pave,,Reg,Lvl,AllPub,Inside,Gtl,Gilbert,Norm,Norm,1Fam,SLvl,8,5,7,7,Hip,CompShg,VinylSd,VinylSd,,0.0,4,3,PConc,,,,,353,,0,55,408,GasA,5,Y,,6.658011045870748,640,0,7.257707677160043,1,0,2,1,3,1,4,7,Typ,1,,,7.0,,2,527,,,Y,120,0,0,0,0,0,,,,0,3,WD,Normal,1,1,1,0,1,1,1,1,1,1,1,1,0,1,1,1,1,1,1
12,RM,4.0943445622221,8.740689182719018,Pave,,Reg,HLS,AllPub,Inside,Gtl,OldTown,Norm,Norm,1Fam,2Story,7,8,63,17,Gable,CompShg,HdBoard,HdBoard,,0.0,3,4,CBlock,,,,,0,,0,651,651,GasA,4,Y,,6.561030665896573,682,0,7.236339342754344,0,0,1,1,3,1,3,6,Typ,2,,,62.0,,1,240,,,P,0,0,1,0,0,0,,,,0,9,WD,Normal,0,1,1,0,1,1,1,1,1,1,1,1,0,1,1,1,1,1,1
9,RL,4.382026634673881,9.996894161789411,Pave,,Reg,Lvl,AllPub,Inside,Gtl,NAmes,Norm,Norm,1Fam,1Story,5,5,56,56,Gable,CompShg,HdBoard,HdBoard,,110.0,3,3,CBlock,,,,,354,,1,412,1056,GasA,3,Y,,6.968850378341948,0,0,6.968850378341948,1,0,1,0,3,1,3,6,Typ,0,,,56.0,,1,280,,,Y,0,0,1,0,0,0,,,,0,2,WD,Normal,0,1,1,0,1,1,1,1,1,1,1,1,0,1,1,1,1,1,1
9,RL,4.276666119016055,10.206136833522763,Pave,,IR1,HLS,AllPub,Inside,Gtl,NridgHt,Norm,Norm,1Fam,1Story,9,5,3,2,Hip,CompShg,VinylSd,VinylSd,,562.0,4,3,PConc,,,,,1567,,0,225,1792,GasA,5,Y,,7.491087593534876,0,0,7.491087593534876,1,0,2,0,2,1,5,6,Typ,1,,,3.0,,3,874,,,Y,206,49,0,0,0,0,,,,0,8,WD,Normal,0,1,1,0,1,1,1,1,1,1,1,1,0,1,1,1,1,1,1
11,RM,3.4657359027997265,9.07275123664154,Pave,,Reg,Lvl,AllPub,FR2,Gtl,Mitchel,Norm,Norm,Twnhs,1Story,6,5,8,8,Hip,CompShg,VinylSd,VinylSd,,116.0,3,3,PConc,,,,,897,,0,319,1216,GasA,5,Y,,7.103322062526113,0,0,7.103322062526113,1,0,2,0,2,1,3,5,Typ,0,,,8.0,,2,402,,,Y,0,125,0,0,0,0,,,,0,5,WD,Normal,0,1,1,0,1,1,1,1,1,1,1,1,0,1,1,1,1,1,1
7,RM,4.0943445622221,9.620654483038743,Pave,,Reg,Lvl,AllPub,Corner,Gtl,OldTown,Norm,Norm,1Fam,2Story,7,7,86,56,Hip,CompShg,Wd Sdng,Wd Sdng,,0.0,3,3,BrkTil,,,,,0,,0,596,596,GasA,5,Y,,6.905753276311464,764,0,7.474204806496124,1,0,1,1,4,1,4,8,Typ,0,,,17.0,,2,576,,,N,36,0,1,0,0,0,,,,0,10,WD,Normal,0,1,1,0,1,1,1,1,1,1,1,1,0,1,1,1,1,1,1
12,RL,4.07753744390572,10.201141176313719,Pave,,IR1,Lvl,AllPub,Inside,Gtl,Gilbert,Norm,Norm,1Fam,2Story,7,5,3,2,Gable,CompShg,VinylSd,VinylSd,,0.0,4,3,PConc,,,,,0,,0,847,847,GasA,5,Y,,6.741700694652055,1112,0,7.580189417944541,0,0,2,1,4,1,4,8,Typ,1,,,3.0,,2,434,,,Y,100,48,0,0,0,0,,,,0,7,WD,Normal,0,1,1,0,1,1,1,1,1,1,1,1,0,1,1,1,1,1,1
9,RL,,10.145193173784754,Pave,,IR1,Lvl,AllPub,Inside,Gtl,Veenker,Norm,Norm,1Fam,1Story,6,6,29,29,Gable,CompShg,Plywood,Plywood,,0.0,4,3,CBlock,,,,,767,,0,441,1208,GasA,3,Y,,7.0967213784947605,0,0,7.0967213784947605,1,0,1,1,3,1,3,6,Typ,1,,,29.0,,2,546,,,Y,198,42,0,0,0,0,,,,0,6,WD,Normal,1,1,1,0,1,1,1,1,1,1,1,1,0,1,1,1,1,1,1
5,RL,4.356708826689592,10.155012734883906,Pave,,Reg,Lvl,AllPub,Inside,Gtl,NAmes,Feedr,Norm,1Fam,1.5Fin,5,5,49,49,Gable,CompShg,MetalSd,MetalSd,,180.0,3,3,CBlock,,,,,460,,0,414,874,GasW,3,Y,,6.773080375655535,650,0,7.329093736246592,0,0,1,1,3,1,3,7,Typ,0,,,49.0,,1,315,,,Y,0,0,0,0,0,0,,,,0,7,WD,Normal,0,1,1,0,1,1,1,1,1,1,1,1,0,1,1,1,1,1,1
5,RM,3.6888794541139363,9.292482160740422,Pave,,Reg,Lvl,AllPub,Inside,Gtl,IDOTRR,Norm,Norm,1Fam,1.5Fin,4,8,88,3,Gable,CompShg,VinylSd,VinylSd,,0.0,3,4,BrkTil,,,,,735,,0,61,796,GasA,4,Y,,6.679599185844383,358,0,7.050989447068045,1,0,1,0,3,1,4,7,Typ,0,,,88.0,,1,240,,,N,0,96,0,0,0,0,,,,0,5,WD,Normal,0,1,1,0,1,1,1,1,1,1,1,1,0,1,1,1,1,1,1
9,RL,4.0943445622221,9.620654483038743,Pave,,Reg,Lvl,AllPub,Inside,Gtl,NAmes,Norm,Norm,1Fam,1Story,5,5,58,58,Hip,CompShg,MetalSd,MetalSd,,0.0,3,3,CBlock,,,,,0,,0,0,0,GasA,4,Y,,6.954638864880987,0,0,6.954638864880987,0,0,1,0,3,1,3,7,Min1,0,,,58.0,,2,420,,,Y,0,27,0,0,0,0,,,,0,7,WD,Normal,0,1,1,0,1,1,1,1,1,1,1,1,0,1,1,1,1,1,1
0,RM,3.912023005428146,9.364799244976302,Pave,,Reg,Lvl,AllPub,Inside,Gtl,OldTown,Artery,Norm,1Fam,1Story,5,8,71,13,Gable,CompShg,MetalSd,MetalSd,,0.0,3,3,BrkTil,,,,,0,,0,190,190,GasA,4,Y,,6.786716950605081,0,0,6.786716950605081,0,0,1,0,2,1,3,4,Typ,0,,,71.0,,1,273,,,Y,144,20,1,0,0,0,,,,0,12,WD,Normal,0,1,1,0,1,1,1,1,1,1,1,1,0,1,1,1,1,1,1
3,RL,,9.59302125128467,Pave,,IR1,Lvl,AllPub,Corner,Gtl,NAmes,Norm,Norm,Duplex,SFoyer,5,5,27,27,Gable,CompShg,MetalSd,MetalSd,,0.0,3,3,CBlock,,,,,943,,0,0,943,GasA,3,Y,,6.849066282633458,0,0,6.849066282633458,1,0,1,0,2,1,3,4,Typ,2,,,27.0,,2,600,,,Y,42,0,0,0,0,0,,,,0,12,WD,Normal,1,1,1,0,1,1,1,1,1,1,1,1,0,1,1,1,1,1,1
12,FV,4.31748811353631,9.982926641156395,Pave,,Reg,Lvl,AllPub,Inside,Gtl,Somerst,Norm,Norm,1Fam,2Story,7,5,3,3,Gable,CompShg,VinylSd,VinylSd,,0.0,4,3,PConc,,,,,400,,0,466,866,GasA,4,Y,,6.763884908562435,902,0,7.477604243197589,0,0,2,1,3,1,4,7,Typ,0,,,3.0,,2,603,,,Y,0,108,0,0,0,0,,,,0,2,WD,Normal,0,1,1,0,1,1,1,1,1,1,1,1,0,1,1,1,1,1,1
12,RL,4.68213122712422,10.467534590523783,Pave,,IR1,Lvl,AllPub,Corner,Gtl,NoRidge,Norm,Norm,1Fam,2Story,9,5,11,11,Gable,CompShg,VinylSd,VinylSd,,165.0,4,3,PConc,,,,,0,,0,1393,1393,GasA,5,Y,,7.259819610363186,1177,0,7.8628820346414905,0,0,2,1,4,1,4,10,Typ,1,,,11.0,,3,779,,,Y,668,30,0,0,0,0,,,,0,5,WD,Normal,0,1,1,0,1,1,1,1,1,1,1,1,0,1,1,1,1,1,1
9,RL,4.248495242049359,10.023886200056769,Pave,,Reg,Lvl,AllPub,Inside,Gtl,NAmes,Feedr,Norm,1Fam,1Story,5,5,49,49,Gable,CompShg,Wd Sdng,Wd Sdng,,1.0,3,3,CBlock,,,,,456,,0,456,912,GasA,5,Y,,6.815639990074331,0,0,6.815639990074331,0,0,1,0,2,1,3,5,Typ,0,,,49.0,,1,275,,,Y,0,0,0,0,0,0,,,,0,7,COD,Normal,0,1,1,0,1,1,1,1,1,1,1,1,0,1,1,1,1,1,1
9,RM,4.248495242049359,10.288593657159227,Pave,,Reg,Lvl,AllPub,Inside,Gtl,OldTown,Norm,Norm,1Fam,1Story,5,5,52,52,Gable,CompShg,BrkFace,BrkFace,,0.0,3,3,PConc,,,,,0,,0,0,0,GasA,4,Y,,6.782192056006791,0,0,6.782192056006791,0,0,1,0,2,1,3,4,Typ,0,,,52.0,,1,308,,,Y,0,45,0,0,0,0,,,,0,12,WD,Normal,0,1,1,0,1,1,1,1,1,1,1,1,0,1,1,1,1,1,1
11,RH,3.5263605246161616,8.95341832963175,Pave,,Reg,Lvl,AllPub,Inside,Gtl,NAmes,Norm,Norm,TwnhsE,1Story,6,5,10,9,Gable,CompShg,MetalSd,MetalSd,,0.0,4,3,PConc,,,,,266,,0,1139,1405,GasA,5,Y,,7.198183577101943,0,0,7.198183577101943,1,0,2,0,2,1,4,5,Typ,0,,,10.0,,2,511,,,Y,144,68,0,0,0,0,,,,0,8,COD,Abnorml,0,1,1,0,1,1,1,1,1,1,1,1,0,1,1,1,1,1,1
9,RL,4.672828834461906,10.394497977808905,Pave,,Reg,Lvl,AllPub,Inside,Gtl,NridgHt,Norm,Norm,1Fam,1Story,10,5,0,0,Gable,CompShg,VinylSd,VinylSd,,,5,3,PConc,,,,,1386,,0,690,2076,GasA,5,Y,,7.638198244285779,0,0,7.638198244285779,1,0,2,1,2,1,5,7,Typ,1,,,0.0,,3,850,,,Y,216,229,0,0,0,0,,,,0,9,New,Partial,0,1,1,1,1,1,1,1,1,1,1,1,0,1,1,1,1,1,1
12,RL,4.174387269895637,10.246433350578892,Pave,,IR1,Lvl,AllPub,Inside,Gtl,NoRidge,Norm,Norm,1Fam,2Story,8,5,12,12,Gable,CompShg,VinylSd,VinylSd,,513.0,4,3,PConc,,,,,56,,1,1198,1318,GasA,5,Y,,7.191429330036379,1203,0,7.836369760545124,0,0,2,1,4,1,4,9,Typ,1,,,12.0,,3,752,,,Y,222,98,0,0,0,0,,,,0,11,WD,Normal,0,1,1,0,1,1,1,1,1,1,1,1,0,1,1,1,1,1,1
5,RL,4.0943445622221,9.620654483038743,Pave,,Reg,Lvl,AllPub,Corner,Gtl,SWISU,Feedr,Norm,1Fam,1.5Fin,5,7,70,57,Gable,CompShg,Wd Sdng,Wd Sdng,,252.0,3,3,BrkTil,,,,,569,,0,162,731,GasA,5,Y,,6.8885724595653635,787,0,7.477604243197589,1,0,1,1,3,1,4,7,Typ,2,,,68.0,,1,240,,,Y,0,0,1,0,0,0,,,,0,6,WD,Normal,0,1,1,0,1,1,1,1,1,1,1,1,0,1,1,1,1,1,1
11,RM,3.784189633918261,9.135544800163663,Pave,,IR1,HLS,AllPub,Inside,Mod,Crawfor,Norm,Norm,TwnhsE,1Story,8,5,1,0,Hip,CompShg,VinylSd,VinylSd,,481.0,4,3,PConc,,,,,1573,,0,0,1573,GasA,5,Y,,7.393263094763838,0,0,7.393263094763838,1,1,2,0,2,1,4,5,Typ,1,,,1.0,,2,538,,,Y,123,0,0,0,1,0,,,,0,12,WD,Family,0,1,1,0,1,1,1,1,1,1,1,1,0,1,1,1,1,1,1
5,RL,,13.345376649523592,Pave,,IR2,Low,AllPub,CulDSac,Sev,ClearCr,Norm,Norm,1Fam,1.5Fin,6,7,49,1,Gable,CompShg,Wd Sdng,HdBoard,,472.0,4,3,CBlock,,,,,697,,0,747,1444,GasA,4,Y,,7.275172319452771,700,0,7.670428522190693,0,1,2,0,4,1,4,7,Typ,2,,,49.0,,2,389,,,Y,0,98,0,0,0,0,,,,1,6,WD,Normal,1,1,1,0,1,1,1,1,1,1,1,1,0,1,1,1,1,1,1
10,RM,4.31748811353631,10.360688089636996,Pave,,Reg,Lvl,AllPub,Inside,Gtl,OldTown,Artery,PosA,1Fam,2.5Unf,10,9,115,8,Gable,CompShg,Wd Sdng,Wd Sdng,,0.0,5,5,BrkTil,,,,,0,,0,1237,1237,GasA,4,Y,,7.327123292259293,1254,0,7.928406026180535,0,0,3,1,3,1,4,9,Typ,1,,,20.0,,2,880,,,Y,105,502,0,0,0,0,,,,0,7,WD,Normal,0,1,1,0,1,1,1,1,1,1,1,1,0,1,1,1,1,1,1
8,RL,4.356708826689592,10.230222288016106,Pave,,Reg,Lvl,AllPub,Inside,Gtl,NWAmes,Norm,Norm,1Fam,SLvl,6,7,23,4,Hip,CompShg,VinylSd,VinylSd,,74.0,3,3,CBlock,,,,,0,,0,585,585,GasA,5,Y,,7.038783541388542,728,0,7.532623618788788,0,0,3,1,3,1,3,7,Typ,1,,,23.0,,2,477,,,Y,268,112,0,0,1,0,,,,0,1,WD,Abnorml,0,1,1,0,1,1,1,1,1,1,1,1,0,1,1,1,1,1,1
9,RL,4.248495242049359,9.895389625936653,Pave,,Reg,Lvl,AllPub,Inside,Gtl,CollgCr,Norm,Norm,1Fam,1Story,7,5,6,6,Gable,CompShg,VinylSd,VinylSd,,244.0,4,3,PConc,,,,,1400,,0,125,1525,GasA,5,Y,,7.329749689041512,0,0,7.329749689041512,1,0,2,0,3,1,4,6,Typ,0,,,6.0,,2,541,,,Y,219,36,0,0,0,0,,,,0,9,WD,Normal,0,1,1,0,1,1,1,1,1,1,1,1,0,1,1,1,1,1,1
9,RL,4.48863636973214,10.117714393870385,Pave,,IR1,HLS,AllPub,Inside,Gtl,Timber,Norm,Norm,1Fam,1Story,8,5,0,0,Gable,CompShg,VinylSd,VinylSd,,80.0,4,3,PConc,,,,,0,,0,1571,1571,GasA,5,Y,,7.359467638255621,0,0,7.359467638255621,0,0,2,0,3,1,4,7,Typ,1,,,0.0,,3,722,,,Y,100,36,0,0,0,0,,,,0,12,New,Partial,0,1,1,0,1,1,1,1,1,1,1,1,0,1,1,1,1,1,1
0,RL,4.204692619390966,9.852918564300682,Pave,,Reg,Lvl,AllPub,Inside,Gtl,Edwards,Feedr,Norm,1Fam,1Story,5,7,98,58,Gable,CompShg,MetalSd,Wd Sdng,,0.0,3,3,CBlock,,,,,0,,0,796,796,GasA,4,Y,,6.679599185844383,0,0,6.679599185844383,0,0,1,0,2,1,3,4,Typ,0,,,,,0,0,,,P,328,0,1,0,0,0,,,,0,5,WD,Normal,0,1,1,0,1,1,1,1,1,1,1,1,1,1,1,1,1,1,1
7,RM,4.0943445622221,9.51887321713622,Pave,,Reg,Lvl,AllPub,Corner,Gtl,OldTown,Norm,Norm,1Fam,2Story,5,4,117,44,Gable,CompShg,Wd Sdng,Wd Sdng,,0.0,3,3,Stone,,,,,0,,0,994,994,GasA,3,N,,7.228388451573604,994,0,7.771488760117616,0,0,2,0,4,2,3,11,Min2,0,,,24.0,,1,432,,,Y,0,287,0,0,0,0,,,,0,12,WD,Normal,0,1,1,0,1,1,1,1,1,1,1,1,0,1,1,1,1,1,1
8,RL,,10.09529139502499,Pave,,IR1,Lvl,AllPub,FR2,Gtl,Gilbert,Norm,Norm,1Fam,SLvl,7,5,16,15,Gable,CompShg,HdBoard,HdBoard,,76.0,4,3,PConc,,,,,0,,0,384,384,GasA,4,Y,,6.687108607866515,670,0,7.294377299288821,0,0,2,1,3,1,4,7,Typ,1,,,16.0,,2,402,,,Y,164,0,0,0,0,0,,,,0,5,WD,Normal,1,1,1,0,1,1,1,1,1,1,1,1,0,1,1,1,1,1,1
8,RL,,10.034975164458103,Pave,,IR1,Lvl,AllPub,CulDSac,Gtl,Sawyer,Norm,Norm,1Fam,SLvl,4,9,41,5,Gable,CompShg,VinylSd,VinylSd,,0.0,3,4,CBlock,,,,,648,,0,0,648,GasA,5,Y,,6.866933284461882,0,0,6.866933284461882,1,1,0,0,0,1,3,3,Typ,0,,,41.0,,1,364,,,Y,88,0,0,0,0,0,,,,0,5,WD,Normal,1,1,1,0,1,1,1,1,1,1,1,1,0,1,1,1,1,1,1
12,RL,4.0943445622221,10.937552290943898,Pave,,IR3,Lvl,AllPub,Inside,Gtl,Gilbert,RRAn,Norm,1Fam,2Story,5,5,1,1,Gable,CompShg,VinylSd,VinylSd,,0.0,4,3,PConc,,,,,0,,0,732,732,GasA,5,Y,,6.598509028614515,1104,0,7.516433302915632,0,0,2,1,4,1,3,7,Typ,1,,,1.0,,2,372,,,Y,100,40,0,0,0,0,,,,0,7,WD,Normal,0,1,1,0,1,1,1,1,1,1,1,1,0,1,1,1,1,1,1
9,RL,4.356708826689592,10.022725181325429,Pave,,Reg,Lvl,AllPub,Inside,Gtl,NWAmes,Norm,Norm,1Fam,1Story,6,6,32,7,Hip,CompShg,HdBoard,HdBoard,,99.0,3,3,CBlock,,,,,663,,1,0,1040,GasA,2,Y,,7.1770187659099,0,0,7.1770187659099,1,0,1,1,3,1,4,5,Typ,1,,,32.0,,2,484,,,Y,265,0,0,0,0,648,,,,0,1,WD,Normal,0,1,1,0,1,1,1,1,1,1,1,1,0,1,1,1,1,1,1
12,RL,4.653960350157523,10.37749536297796,Pave,,Reg,Lvl,AllPub,Inside,Gtl,NridgHt,Norm,Norm,1Fam,2Story,9,5,1,1,Hip,CompShg,VinylSd,VinylSd,,772.0,5,3,PConc,,,,,0,,0,2153,2153,GasA,5,Y,,7.634820677745543,574,0,7.879669914604289,0,0,2,1,3,1,5,9,Typ,1,,,1.0,,3,694,,,Y,414,84,0,0,0,0,,,,0,3,WD,Normal,0,1,1,0,1,1,1,1,1,1,1,1,0,1,1,1,1,1,1
5,RM,3.9512437185814275,9.35182598773882,Pave,,Reg,Lvl,AllPub,Inside,Gtl,OldTown,Artery,Norm,1Fam,1.5Fin,5,6,68,59,Gable,CompShg,Wd Sdng,Wd Sdng,,0.0,3,3,CBlock,,,,,0,,0,676,676,GasA,5,Y,,6.516193076042964,455,0,7.030857476116121,0,0,1,1,3,1,3,5,Typ,0,,,68.0,,1,200,,,Y,26,0,0,0,0,0,,,,0,8,WD,Abnorml,0,1,1,0,1,1,1,1,1,1,1,1,0,1,1,1,1,1,1
3,RM,4.0943445622221,9.683362416332363,Pave,,Reg,Lvl,AllPub,Inside,Gtl,OldTown,Artery,Norm,Duplex,2Story,5,5,57,57,Hip,CompShg,Wd Sdng,Wd Sdng,,360.0,3,3,CBlock,,,,,0,,0,960,960,GasA,4,Y,,6.866933284461882,1000,0,7.580699752224563,0,0,2,0,4,2,3,10,Typ,0,,,57.0,,2,400,,,N,0,0,0,0,0,0,,,,0,7,COD,Normal,0,1,1,0,1,1,1,1,1,1,1,1,0,1,1,1,1,1,1
9,RL,4.2626798770413155,9.90874986546819,Pave,,Reg,Lvl,AllPub,Inside,Gtl,NAmes,Norm,Norm,1Fam,1Story,5,5,45,45,Gable,CompShg,HdBoard,HdBoard,,0.0,3,3,CBlock,,,,,25,,1,247,1144,GasA,3,Y,,7.042286171939743,0,0,7.042286171939743,1,0,1,1,3,1,3,6,Typ,0,,,46.0,,1,336,,,Y,0,88,0,0,0,0,,,,0,8,COD,Normal,0,1,1,0,1,1,1,1,1,1,1,1,0,1,1,1,1,1,1
3,RL,4.1588830833596715,9.584168957366506,Pave,,Reg,Lvl,AllPub,Inside,Gtl,OldTown,Norm,Norm,Duplex,SFoyer,6,5,30,30,Gable,CompShg,Plywood,Plywood,,0.0,3,3,CBlock,,,,,1056,,0,0,1056,GasA,4,Y,,6.962243464266207,0,0,6.962243464266207,2,0,0,0,0,2,3,4,Typ,0,,,30.0,,2,576,,,Y,264,56,0,0,0,0,,,,1,6,WD,Normal,0,1,1,0,1,1,1,1,1,1,1,1,0,1,1,1,1,1,1
0,RM,5.030437921392435,8.969855989071423,Pave,,IR1,Bnk,AllPub,Corner,Mod,OldTown,Feedr,Norm,1Fam,1Story,4,4,65,56,Gable,CompShg,Wd Sdng,Wd Sdng,,0.0,3,3,CBlock,,,,,0,,0,693,693,Grav,2,N,,6.541029999189903,0,0,6.541029999189903,0,0,1,0,2,1,2,4,Typ,0,,,,,0,0,,,N,0,20,0,0,0,0,,,,0,3,WD,Normal,0,1,1,0,1,1,1,1,1,1,1,1,1,1,1,1,1,1,1
9,RL,4.3694478524670215,9.912830890661219,Pave,,IR1,Lvl,AllPub,Inside,Gtl,CollgCr,Norm,Norm,1Fam,1Story,6,5,9,9,Gable,CompShg,VinylSd,VinylSd,,0.0,3,4,PConc,,,,,1200,,0,279,1479,GasA,5,Y,,7.309212365692763,0,0,7.309212365692763,1,0,2,0,3,1,4,6,Typ,0,,,9.0,,2,576,,,Y,168,27,0,0,0,0,,,,0,7,WD,Normal,0,1,1,0,1,1,1,1,1,1,1,1,0,1,1,1,1,1,1
11,RM,3.784189633918261,8.88950221933256,Pave,,IR1,HLS,AllPub,Inside,Mod,Crawfor,Norm,Norm,TwnhsE,1Story,8,5,4,3,Hip,CompShg,CemntBd,CmentBd,,174.0,4,3,PConc,,,,,1373,,0,221,1594,GasA,5,Y,,7.406103381237015,0,0,7.406103381237015,1,1,2,0,2,1,4,5,Typ,1,,,4.0,,2,482,,,Y,128,53,0,0,1,0,,,,0,1,WD,Normal,0,1,1,0,1,1,1,1,1,1,1,1,0,1,1,1,1,1,1
9,RL,4.0943445622221,9.617398212551633,Pave,,IR1,Lvl,AllPub,Inside,Gtl,CollgCr,Norm,Norm,1Fam,1Story,5,7,36,36,Hip,CompShg,HdBoard,HdBoard,,0.0,3,3,CBlock,,,,,390,,0,474,864,GasA,3,Y,,6.761572768804055,0,0,6.761572768804055,0,0,1,0,3,1,3,5,Typ,0,,,19.0,,1,352,,,Y,0,0,0,0,0,0,,,,0,5,WD,Normal,0,1,1,0,1,1,1,1,1,1,1,1,0,1,1,1,1,1,1
9,FV,4.31748811353631,9.882401061887073,Pave,,Reg,Lvl,AllPub,Inside,Gtl,Somerst,Norm,Norm,1Fam,1Story,8,5,2,2,Gable,CompShg,VinylSd,VinylSd,,36.0,4,3,PConc,,,,,1078,,0,488,1566,GasA,5,Y,,7.356279876550748,0,0,7.356279876550748,1,0,2,0,3,1,4,7,Typ,0,,,2.0,,2,750,,,Y,144,168,0,0,0,0,,,,0,4,WD,Normal,0,1,1,0,1,1,1,1,1,1,1,1,0,1,1,1,1,1,1
12,RL,,10.310184891240938,Pave,,IR1,Lvl,AllPub,CulDSac,Gtl,NWAmes,Norm,Norm,1Fam,2Story,6,6,37,37,Gable,CompShg,HdBoard,Plywood,,0.0,3,3,CBlock,,,,,593,,0,130,723,GasA,3,Y,,6.5998704992128365,660,0,7.240649694255466,0,1,1,1,3,1,3,6,Typ,1,,,37.0,,2,497,,,Y,294,116,0,0,0,0,,,,0,12,WD,Normal,1,1,1,0,1,1,1,1,1,1,1,1,0,1,1,1,1,1,1
0,RM,3.9512437185814275,9.453346746460348,Pave,,Reg,Lvl,AllPub,Inside,Gtl,IDOTRR,Norm,Norm,1Fam,1.5Fin,4,5,84,59,Gable,CompShg,MetalSd,MetalSd,,0.0,3,3,CBlock,,,,,152,,0,628,780,GasA,3,Y,,6.742880635791903,0,1,7.0967213784947605,0,0,1,0,2,1,3,5,Typ,0,,,47.0,,2,539,,,Y,0,23,1,0,0,0,,,,0,1,WD,Normal,0,1,1,0,1,1,1,1,1,1,1,1,0,1,1,1,1,1,1
7,RM,3.9318256327243257,9.430676920124982,Pave,,Reg,Lvl,AllPub,Inside,Gtl,BrkSide,Norm,Norm,1Fam,2Story,5,8,87,3,Gable,CompShg,MetalSd,MetalSd,,0.0,3,3,BrkTil,,,,,0,,0,939,939,GasA,5,Y,,6.844815479208263,574,0,7.321849713788356,0,0,1,1,4,1,3,8,Typ,0,,,74.0,,1,180,,,N,24,0,1,0,0,0,,,,0,5,WD,Normal,0,1,1,0,1,1,1,1,1,1,1,1,0,1,1,1,1,1,1
5,RM,3.9512437185814275,9.453346746460348,Pave,,Reg,Lvl,AllPub,Inside,Gtl,BrkSide,Norm,Norm,1Fam,1.5Fin,6,6,76,57,Gable,CompShg,Wd Sdng,Wd Sdng,,0.0,3,3,BrkTil,,,,,425,,0,459,884,GasA,3,Y,,6.8658910748834385,408,0,7.220373836723949,0,0,1,0,3,1,3,6,Typ,1,,,29.0,,1,560,,,Y,0,0,0,0,1,0,,,,0,11,WD,Normal,0,1,1,0,1,1,1,1,1,1,1,1,0,1,1,1,1,1,1
9,RL,4.189654742026425,9.705674853787459,Pave,,Reg,Lvl,AllPub,Inside,Gtl,Sawyer,Norm,Norm,1Fam,1Story,5,7,41,41,Gable,CompShg,HdBoard,HdBoard,,0.0,3,3,CBlock,,,,,763,,0,192,955,GasA,5,Y,,6.86171134048073,0,0,6.86171134048073,1,0,1,0,3,1,3,6,Typ,0,,,41.0,,1,386,,,Y,0,0,0,0,0,0,,,,0,1,WD,Normal,0,1,1,0,1,1,1,1,1,1,1,1,0,1,1,1,1,1,1
0,RM,4.0943445622221,9.980883561156958,Pave,,Reg,Lvl,AllPub,Inside,Gtl,IDOTRR,Norm,Norm,1Fam,1Story,3,4,84,56,Hip,CompShg,Wd Sdng,Wd Sdng,,0.0,3,3,BrkTil,,,,,0,,0,1007,1007,GasA,2,N,,6.981934677156389,0,0,6.981934677156389,0,0,1,0,3,1,3,6,Typ,1,,,84.0,,1,210,,,P,0,100,1,0,0,0,,,,0,5,WD,Normal,0,1,1,0,1,1,1,1,1,1,1,1,0,1,1,1,1,1,1
2,RL,4.605170185988092,11.486035199397614,Pave,,Reg,Bnk,AllPub,Inside,Gtl,Gilbert,Norm,Norm,2fmCon,1Story,5,5,51,51,Hip,CompShg,Wd Sdng,Wd Sdng,,0.0,3,3,CBlock,,,,,1056,,0,0,1056,GasA,3,N,,6.962243464266207,0,0,6.962243464266207,1,0,1,0,3,1,3,5,Typ,0,,,51.0,,2,572,,,Y,264,0,0,0,0,0,,,,0,1,WD,Normal,0,1,1,0,1,1,1,1,1,1,1,1,0,1,1,1,1,1,1
12,FV,4.174387269895637,9.76229871979014,Pave,,Reg,Lvl,AllPub,Inside,Gtl,Somerst,Norm,Norm,1Fam,2Story,7,5,1,0,Gable,CompShg,VinylSd,VinylSd,,0.0,4,3,PConc,,,,,0,,0,756,756,GasA,5,Y,,6.628041376179533,797,0,7.347943823148687,0,0,2,1,3,1,4,6,Typ,0,,,1.0,,2,615,,,Y,0,45,0,0,0,0,,,,0,3,New,Partial,0,1,1,0,1,1,1,1,1,1,1,1,0,1,1,1,1,1,1
9,RL,4.454347296253507,10.140990172716359,Pave,,IR1,Lvl,AllPub,Inside,Gtl,CollgCr,Norm,Norm,1Fam,1Story,7,5,1,0,Gable,CompShg,VinylSd,VinylSd,,240.0,4,3,PConc,,,,,20,,0,1594,1614,GasA,5,Y,,7.3864708488298945,0,0,7.3864708488298945,0,0,2,0,3,1,4,7,Typ,0,,,1.0,,3,865,,,Y,144,59,0,0,0,0,,,,0,7,New,Partial,0,1,1,0,1,1,1,1,1,1,1,1,0,1,1,1,1,1,1
9,RL,4.584967478670572,10.288779847572334,Pave,,Reg,Lvl,AllPub,Inside,Gtl,NridgHt,Norm,Norm,1Fam,1Story,8,5,1,0,Hip,CompShg,VinylSd,VinylSd,,306.0,5,3,PConc,,,,,0,,0,2042,2042,GasA,5,Y,,7.621684998724611,0,0,7.621684998724611,0,0,2,1,3,1,5,8,Typ,1,,,0.0,,3,1390,,,Y,0,90,0,0,0,0,,,,0,8,New,Partial,0,1,1,0,1,1,1,1,1,1,1,1,0,1,1,1,1,1,1
0,RL,4.0943445622221,9.284743197764715,Pave,,Reg,Lvl,AllPub,Corner,Sev,OldTown,Norm,Norm,1Fam,1Story,5,6,85,38,Gable,CompShg,MetalSd,MetalSd,,0.0,3,3,BrkTil,,,,,0,,0,1073,1073,GasA,5,Y,,6.9782137426306985,0,0,6.9782137426306985,0,0,1,0,2,1,3,4,Typ,0,,,38.0,,1,326,,,Y,0,0,1,0,0,0,,,,0,12,WD,Abnorml,0,1,1,0,1,1,1,1,1,1,1,1,0,1,1,1,1,1,1
5,RM,3.912023005428146,9.833759081364457,Pave,,Reg,Lvl,AllPub,Inside,Gtl,BrkSide,Norm,Norm,1Fam,1.5Fin,5,5,60,7,Gable,CompShg,Wd Sdng,Wd Sdng,,0.0,3,3,CBlock,,,,,336,,1,295,672,GasA,3,Y,,6.977281341630747,213,0,7.158513997329321,1,0,1,0,2,1,3,6,Min1,0,,,60.0,,1,240,,,Y,0,0,0,0,0,0,,,,0,1,WD,Normal,0,1,1,0,1,1,1,1,1,1,1,1,0,1,1,1,1,1,1
9,RL,,10.309178542568679,Pave,,IR1,Lvl,AllPub,Corner,Gtl,NAmes,Norm,Norm,1Fam,1Story,6,7,38,38,Gable,CompShg,BrkFace,Plywood,,0.0,3,3,CBlock,,,,,865,,0,340,1205,GasA,5,Y,,7.6577552711348655,0,0,7.6577552711348655,0,0,2,1,4,1,3,7,Typ,2,,,38.0,,2,550,,,Y,0,42,0,0,0,0,,,,0,5,WD,Normal,1,1,1,0,1,1,1,1,1,1,1,1,0,1,1,1,1,1,1
0,RL,4.060443010546419,9.895131231211916,Pave,,IR1,Lvl,AllPub,Inside,Gtl,Edwards,Norm,Norm,1Fam,1Story,4,7,87,5,Gable,CompShg,Wd Sdng,Wd Sdng,,0.0,3,3,BrkTil,,,,,348,,0,180,528,GasA,5,Y,,6.405228458030842,0,0,6.405228458030842,1,0,1,0,2,1,3,5,Typ,0,,,,,0,0,,,N,0,0,1,0,0,0,,,,0,7,WD,Normal,0,1,1,0,1,1,1,1,1,1,1,1,1,1,1,1,1,1,1
9,RL,4.248495242049359,9.736021073261266,Pave,,Reg,Lvl,AllPub,Inside,Gtl,NAmes,Norm,Norm,1Fam,1Story,5,6,47,47,Gable,CompShg,BrkFace,Wd Sdng,,0.0,3,3,CBlock,,,,,179,,1,465,1150,GasA,5,Y,,7.047517221357296,0,0,7.047517221357296,1,0,1,0,3,1,3,6,Typ,0,,,47.0,,1,300,,,Y,0,0,0,0,0,0,,,,0,5,WD,Normal,0,1,1,0,1,1,1,1,1,1,1,1,0,1,1,1,1,1,1
12,RL,3.9318256327243257,9.74835595924633,Pave,,IR1,Lvl,AllPub,Inside,Gtl,Gilbert,Norm,Norm,1Fam,2Story,6,5,3,3,Gable,CompShg,VinylSd,VinylSd,,0.0,3,3,PConc,,,,,0,,0,728,728,GasA,5,Y,,6.590301048196686,728,0,7.283448228756631,0,0,2,1,3,1,4,8,Typ,0,,,3.0,,2,400,,,Y,100,24,0,0,0,0,,,,0,7,WD,Normal,0,1,1,0,1,1,1,1,1,1,1,1,0,1,1,1,1,1,1
6,RL,,10.233345563733423,Pave,,IR1,Lvl,AllPub,Corner,Gtl,NAmes,Norm,Norm,1Fam,SFoyer,7,9,47,1,Gable,CompShg,CemntBd,CmentBd,,210.0,5,3,CBlock,,,,,867,,0,77,944,GasA,4,Y,,6.906754778648554,0,0,6.906754778648554,1,0,1,0,3,1,5,6,Typ,0,,,47.0,,2,588,,,Y,144,76,0,0,0,0,,,,0,7,WD,Normal,1,1,1,0,1,1,1,1,1,1,1,1,0,1,1,1,1,1,1
12,RL,4.219507705176107,9.862118813819142,Pave,,Reg,Lvl,AllPub,Inside,Gtl,CollgCr,Norm,Norm,1Fam,2Story,6,5,1,0,Gable,CompShg,VinylSd,VinylSd,,0.0,3,3,PConc,,,,,0,,0,750,750,GasA,5,Y,,6.620073206530356,750,0,7.313220387090301,0,0,2,1,3,1,4,6,Typ,0,,,1.0,,2,564,,,Y,0,35,0,0,0,0,,,,0,8,New,Partial,0,1,1,0,1,1,1,1,1,1,1,1,0,1,1,1,1,1,1
2,RL,4.499809670330265,10.543433748603304,Pave,,Reg,Lvl,AllPub,Corner,Gtl,Crawfor,Norm,Norm,2fmCon,1Story,5,5,53,53,Hip,CompShg,MetalSd,MetalSd,,56.0,3,3,CBlock,,,,,841,,0,324,1165,GasA,3,Y,,7.197435354096591,0,0,7.197435354096591,1,0,1,0,2,1,3,5,Typ,2,,,53.0,,1,375,,,Y,0,0,0,0,0,0,,,,0,6,WD,Normal,0,1,1,0,1,1,1,1,1,1,1,1,0,1,1,1,1,1,1
12,RL,4.127134385045092,9.655108921546793,Pave,,IR1,Lvl,AllPub,Inside,Gtl,Gilbert,Norm,Norm,1Fam,2Story,6,5,4,4,Gable,CompShg,VinylSd,VinylSd,,0.0,3,3,PConc,,,,,759,,0,80,839,GasA,5,Y,,6.761572768804055,729,0,7.373374309910049,1,0,2,1,3,1,3,8,Typ,1,,,4.0,,2,398,,,Y,100,75,0,0,0,0,,,,0,4,WD,Normal,0,1,1,0,1,1,1,1,1,1,1,1,0,1,1,1,1,1,1
12,RL,4.564348191467836,10.15126152746596,Pave,,IR1,Lvl,AllPub,Inside,Gtl,NridgHt,Norm,Norm,1Fam,2Story,9,5,1,1,Gable,CompShg,VinylSd,VinylSd,,154.0,5,3,PConc,,,,,936,,0,168,1104,GasA,5,Y,,7.029972911706386,1054,0,7.688913336864796,1,0,2,1,3,1,5,10,Typ,1,,,1.0,,3,836,,,Y,0,102,0,0,0,0,,,,0,7,WD,Normal,0,1,1,0,1,1,1,1,1,1,1,1,0,1,1,1,1,1,1
9,RL,4.859812404361672,9.907727431817426,Pave,,IR1,Lvl,AllPub,Inside,Gtl,Mitchel,Norm,Norm,1Fam,1Story,7,5,7,7,Gable,CompShg,VinylSd,VinylSd,,0.0,4,3,PConc,,,,,0,,0,1560,1560,GasA,5,Y,,7.352441100243583,0,0,7.352441100243583,0,0,2,0,3,1,4,7,Typ,0,,,7.0,,2,573,,,Y,100,150,0,0,0,0,,,,0,4,WD,Normal,0,1,1,0,1,1,1,1,1,1,1,1,0,1,1,1,1,1,1
7,RL,4.3694478524670215,9.943499619296517,Pave,,Reg,Lvl,AllPub,Inside,Gtl,NAmes,Artery,Norm,1Fam,2Story,5,7,65,12,Gable,CompShg,MetalSd,MetalSd,,224.0,3,3,CBlock,,,,,386,,0,342,728,GasA,5,Y,,6.78897174299217,756,0,7.404887575616125,0,0,1,1,3,1,4,7,Typ,2,,,65.0,,1,312,,,Y,168,0,0,0,0,0,,,,0,6,WD,Normal,0,1,1,0,1,1,1,1,1,1,1,1,0,1,1,1,1,1,1
1,RM,3.044522437723423,7.829585849826738,Pave,,Reg,Lvl,AllPub,Inside,Gtl,MeadowV,Norm,Norm,Twnhs,SFoyer,4,8,39,7,Gable,CompShg,CemntBd,CmentBd,,0.0,3,4,CBlock,,,,,515,,0,115,630,GasA,3,Y,,6.4457198193855785,0,0,6.4457198193855785,1,0,1,0,1,1,4,3,Typ,0,,,39.0,,1,286,,,Y,0,0,0,0,0,0,,,,0,5,WD,Normal,0,1,1,0,1,1,1,1,1,1,1,1,0,1,1,1,1,1,1
9,RL,,9.731880966610536,Pave,,IR1,Lvl,AllPub,Corner,Gtl,Edwards,Norm,Norm,1Fam,1Story,6,7,31,31,Hip,CompShg,HdBoard,HdBoard,,174.0,3,4,CBlock,,,,,751,,0,392,1143,GasA,3,Y,,7.014814351275545,0,0,7.014814351275545,1,0,1,1,3,1,3,6,Typ,1,,,20.0,,1,504,,,Y,370,30,0,0,0,0,,,,0,5,WD,Normal,1,1,1,0,1,1,1,1,1,1,1,1,0,1,1,1,1,1,1
12,RL,4.6913478822291435,10.416717848297354,Pave,,Reg,Lvl,AllPub,Corner,Gtl,NridgHt,Norm,Norm,1Fam,2Story,7,5,1,1,Gable,CompShg,VinylSd,VinylSd,,350.0,4,3,PConc,,,,,0,,0,1063,1063,GasA,5,Y,,6.976348070447749,1101,0,7.683403681053826,0,0,2,1,3,1,4,9,Typ,1,,,1.0,,3,947,,,Y,192,62,0,0,0,0,,,,0,8,New,Partial,0,1,1,0,1,1,1,1,1,1,1,1,0,1,1,1,1,1,1
5,RL,4.248495242049359,10.198234157075364,Pave,,Reg,Lvl,AllPub,Inside,Gtl,Edwards,Norm,Norm,1Fam,2Story,4,7,97,7,Gable,CompShg,MetalSd,HdBoard,,0.0,3,3,CBlock,,,,,0,,0,560,560,GasA,4,N,,6.679599185844383,550,0,7.204892510204673,0,0,1,1,2,1,3,6,Min2,0,,,57.0,,1,384,,,Y,168,24,0,0,0,0,,,,0,5,WD,Normal,0,1,1,0,1,1,1,1,1,1,1,1,0,1,1,1,1,1,1
12,FV,4.31748811353631,9.882401061887073,Pave,,Reg,Lvl,AllPub,Inside,Gtl,Somerst,Norm,Norm,1Fam,2Story,8,5,0,0,Gable,CompShg,CemntBd,CmentBd,,0.0,4,3,PConc,,,,,64,,0,1120,1184,GasA,5,Y,,7.076653815443951,1426,0,7.867105500316739,0,0,2,1,4,1,5,11,Typ,1,,,0.0,,2,550,,,Y,208,364,0,0,0,0,,,,0,8,New,Partial,0,1,1,0,1,1,1,1,1,1,1,1,0,1,1,1,1,1,1
12,FV,4.442651256490317,10.07777898526175,Pave,,Reg,Lvl,AllPub,Inside,Gtl,Somerst,Norm,Norm,1Fam,2Story,7,5,3,3,Gable,CompShg,CemntBd,CmentBd,,0.0,4,3,PConc,,,,,0,,0,1026,1026,GasA,5,Y,,6.933423025730715,932,0,7.579678823090456,0,0,2,1,3,1,4,9,Typ,1,,,3.0,,3,936,,,Y,154,210,0,0,0,0,,,,0,7,WD,Normal,0,1,1,0,1,1,1,1,1,1,1,1,0,1,1,1,1,1,1
9,RL,4.30406509320417,9.95976928207404,Pave,,Reg,Lvl,AllPub,Inside,Gtl,Somerst,Feedr,Norm,1Fam,1Story,8,5,1,0,Gable,CompShg,VinylSd,VinylSd,,72.0,4,3,PConc,,,,,0,,0,1468,1468,GasA,5,Y,,7.291656209174461,0,0,7.291656209174461,0,0,2,0,3,1,4,6,Typ,1,,,1.0,,3,898,,,Y,210,150,0,0,0,0,,,,0,12,New,Partial,0,1,1,0,1,1,1,1,1,1,1,1,0,1,1,1,1,1,1
3,RL,4.31748811353631,10.020981542990823,Pave,,Reg,Lvl,AllPub,Inside,Gtl,Mitchel,Norm,Norm,Duplex,1.5Fin,5,5,32,32,Gable,CompShg,Plywood,Plywood,,0.0,3,3,CBlock,,,,,0,,0,0,0,GasA,3,Y,,7.171656822768514,432,0,7.458186157340487,0,0,2,0,4,2,4,8,Typ,0,,,32.0,,2,539,,,Y,0,0,0,0,0,0,,,,0,8,COD,Normal,0,1,1,0,1,1,1,1,1,1,1,1,0,1,1,1,1,1,1
5,RL,4.248495242049359,10.198234157075364,Pave,,Reg,Lvl,AllPub,Inside,Gtl,Edwards,Norm,Norm,1Fam,1.5Fin,5,6,62,13,Gable,CompShg,MetalSd,MetalSd,,0.0,3,3,CBlock,,,,,352,,0,416,768,GasA,5,Y,,6.643789733147672,432,0,7.090076835776092,0,0,1,0,3,1,3,6,Typ,0,,,62.0,,1,240,,,Y,0,0,0,0,0,0,,,,0,5,WD,Normal,0,1,1,0,1,1,1,1,1,1,1,1,0,1,1,1,1,1,1
12,FV,4.174387269895637,9.76229871979014,Pave,,Reg,Lvl,AllPub,Inside,Gtl,Somerst,Norm,Norm,1Fam,2Story,7,5,3,2,Gable,CompShg,CemntBd,CmentBd,,100.0,4,3,PConc,,,,,812,,0,280,1092,GasA,5,Y,,7.013915474810528,438,0,7.346010209913293,1,0,2,0,2,1,4,7,Typ,0,,,2.0,,2,438,,,Y,0,168,0,0,0,0,,,,0,10,WD,Normal,0,1,1,0,1,1,1,1,1,1,1,1,0,1,1,1,1,1,1
10,RL,4.0943445622221,9.44659107518058,Pave,,Reg,Bnk,AllPub,Inside,Gtl,SWISU,Norm,Norm,1Fam,2.5Fin,4,5,94,56,Gable,CompShg,Wd Sdng,Wd Sdng,,0.0,4,3,PConc,,,,,0,,0,795,795,GasA,3,N,,6.860663671448287,795,1,7.709756864454165,1,0,1,0,5,1,3,10,Typ,0,,,9.0,,1,440,,,Y,0,188,0,0,0,0,,,,0,3,WD,Normal,0,1,1,0,1,1,1,1,1,1,1,1,0,1,1,1,1,1,1
5,RL,3.9318256327243257,10.061582684276976,Pave,,Reg,Lvl,AllPub,Inside,Gtl,SWISU,Norm,Norm,1Fam,1.5Fin,6,5,72,58,Gable,CompShg,MetalSd,MetalSd,,0.0,3,3,BrkTil,,,,,0,,0,1064,1064,GasA,5,Y,,7.061334366910438,0,1,7.40184157874383,0,0,1,0,3,1,3,6,Maj2,0,,,72.0,,1,240,,,Y,0,0,0,0,0,0,,,,0,3,WD,Normal,0,1,1,0,1,1,1,1,1,1,1,1,0,1,1,1,1,1,1
9,RL,4.248495242049359,9.895389625936653,Pave,,Reg,Lvl,AllPub,Corner,Gtl,NAmes,Feedr,Norm,1Fam,1Story,5,5,48,48,Gable,CompShg,VinylSd,VinylSd,,0.0,3,3,CBlock,,,,,521,,1,169,864,GasA,3,Y,,6.761572768804055,0,0,6.761572768804055,1,0,1,0,3,1,3,5,Typ,0,,,42.0,,2,624,,,Y,0,0,0,0,0,0,,,,0,7,WD,Normal,0,1,1,0,1,1,1,1,1,1,1,1,0,1,1,1,1,1,1
9,RL,4.51085950651685,10.415964197681244,Pave,,Reg,Lvl,AllPub,Corner,Gtl,NWAmes,Norm,Norm,1Fam,1Story,7,7,22,8,Gable,CompShg,Wd Sdng,Wd Sdng,,0.0,4,3,CBlock,,,,,213,,0,995,1208,GasA,5,Y,,7.390798521735676,0,0,7.390798521735676,1,0,2,0,3,1,4,8,Typ,0,,,22.0,,2,440,,,Y,108,45,0,0,0,0,,,,1,5,WD,Normal,0,1,1,0,1,1,1,1,1,1,1,1,0,1,1,1,1,1,1
4,RM,3.044522437723423,7.939120540700647,Pave,,Reg,Lvl,AllPub,Inside,Gtl,BrDale,Norm,Norm,Twnhs,2Story,6,8,37,2,Gable,CompShg,HdBoard,HdBoard,,510.0,3,3,CBlock,,,,,162,,0,321,483,GasA,4,Y,,6.180016653652572,504,0,6.894670039433482,0,0,1,1,2,1,4,5,Typ,0,,,37.0,,1,264,,,Y,250,0,0,0,0,0,,,,0,5,WD,Normal,0,1,1,0,1,1,1,1,1,1,1,1,0,1,1,1,1,1,1
12,RL,3.7376696182833684,11.149326191101604,Pave,,IR1,Lvl,AllPub,Inside,Mod,Timber,Norm,Norm,1Fam,2Story,7,5,17,16,Hip,CompShg,MetalSd,MetalSd,,293.0,4,3,PConc,,,,,965,,0,245,1210,GasA,5,Y,,7.121252453244542,1281,0,7.831617276352611,1,0,2,1,4,1,4,9,Typ,2,,,17.0,,2,628,,,Y,320,27,0,0,0,0,,,,0,4,WD,Normal,0,1,1,0,1,1,1,1,1,1,1,1,0,1,1,1,1,1,1
4,RM,3.1780538303479458,8.33175594477572,Pave,,Reg,Lvl,AllPub,Inside,Gtl,BrDale,Norm,Norm,TwnhsE,2Story,5,6,39,39,Gable,CompShg,HdBoard,HdBoard,,312.0,3,3,CBlock,,,,,765,,0,0,765,GasA,3,Y,,6.639875833826536,600,0,7.21890970761906,0,0,1,1,3,1,3,7,Min1,0,,,39.0,,2,440,,,Y,0,36,0,0,0,0,,,,0,5,WD,Normal,0,1,1,0,1,1,1,1,1,1,1,1,0,1,1,1,1,1,1
12,RL,,10.145193173784754,Pave,,Reg,Lvl,AllPub,Corner,Gtl,CollgCr,Norm,Norm,1Fam,2Story,8,5,6,6,Gable,CompShg,CemntBd,CmentBd,,0.0,4,3,PConc,,,,,0,,0,1128,1128,GasA,5,Y,,7.046647277848756,1141,0,7.736307096548285,0,0,2,1,4,1,4,9,Typ,1,,,6.0,,2,779,,,Y,0,0,0,0,0,0,,,,0,5,WD,Normal,1,1,1,0,1,1,1,1,1,1,1,1,0,1,1,1,1,1,1
12,RL,4.709530201312334,10.58120256468712,Pave,,Reg,Lvl,AllPub,Corner,Gtl,NridgHt,Norm,Norm,1Fam,2Story,9,5,0,0,Gable,CompShg,VinylSd,VinylSd,,370.0,3,3,PConc,,,,,0,,0,1249,1249,GasA,5,Y,,7.130098510125578,1347,0,7.86172707782398,0,0,3,1,4,1,4,9,Typ,0,,,0.0,,3,840,,,Y,240,154,0,0,0,0,,,,0,9,New,Partial,0,1,1,0,1,1,1,1,1,1,1,1,0,1,1,1,1,1,1
9,RL,4.343805421853684,9.828032867711867,Pave,,IR1,Lvl,AllPub,Inside,Gtl,NAmes,Norm,Norm,1Fam,1Story,4,6,51,51,Hip,CompShg,MetalSd,MetalSd,,0.0,3,3,CBlock,,,,,288,,0,619,907,GasA,5,Y,,6.810142450115136,0,0,6.810142450115136,0,0,1,0,3,1,3,5,Typ,0,,,44.0,,1,352,,,Y,0,0,0,0,0,0,,,,0,7,WD,Normal,0,1,1,0,1,1,1,1,1,1,1,1,0,1,1,1,1,1,1
4,RL,3.1780538303479458,8.288316630934473,Pave,,Reg,Lvl,AllPub,FR2,Gtl,NPkVill,Norm,Norm,Twnhs,2Story,6,6,33,33,Gable,CompShg,Plywood,Brk Cmn,,0.0,3,3,CBlock,,,,,566,,0,289,855,GasA,3,Y,,6.75110146893676,601,0,7.283448228756631,0,0,2,1,3,1,3,7,Typ,1,,,33.0,,2,440,,,Y,87,0,0,0,0,0,,,,0,7,WD,Normal,0,1,1,0,1,1,1,1,1,1,1,1,0,1,1,1,1,1,1
3,RL,4.248495242049359,9.703553297700173,Pave,,Reg,Lvl,AllPub,Inside,Gtl,NAmes,Norm,Norm,Duplex,SLvl,5,6,44,44,Hip,CompShg,Wd Sdng,Wd Sdng,,120.0,3,3,CBlock,,,,,803,,0,303,1106,GasA,3,Y,,7.081708586105575,0,0,7.081708586105575,1,0,1,0,3,1,3,6,Typ,0,,,44.0,,2,540,,,Y,0,18,0,0,0,0,,,,0,5,WD,Normal,0,1,1,0,1,1,1,1,1,1,1,1,0,1,1,1,1,1,1
9,RL,,9.643202676914708,Pave,,IR1,Lvl,AllPub,Inside,Gtl,NAmes,Norm,Norm,1Fam,1Story,4,6,36,36,Gable,CompShg,HdBoard,HdBoard,,0.0,3,3,CBlock,,,,,322,,0,536,858,GasA,3,Y,,6.754604099487962,0,0,6.754604099487962,0,0,1,0,2,1,3,4,Typ,0,,,28.0,,1,684,,,Y,0,0,0,0,0,0,,,,0,6,WD,Normal,1,1,1,0,1,1,1,1,1,1,1,1,0,1,1,1,1,1,1
9,RL,4.553876891600541,10.373857717003986,Pave,,IR1,Lvl,AllPub,Inside,Gtl,NAmes,Norm,Norm,1Fam,1Story,7,6,34,34,Gable,CompShg,Plywood,Plywood,,1115.0,3,4,CBlock,,,,,1880,,0,343,2223,GasA,5,Y,,7.706612913964197,0,0,7.706612913964197,1,0,2,0,3,1,3,8,Typ,2,,,34.0,,2,516,,,Y,300,0,0,0,0,0,,,,0,2,WD,Normal,0,1,1,0,1,1,1,1,1,1,1,1,0,1,1,1,1,1,1
9,RL,4.0943445622221,10.056398535233214,Pave,,Reg,Lvl,AllPub,Inside,Gtl,NAmes,Norm,Norm,1Fam,1Story,4,5,54,54,Gable,CompShg,Plywood,Plywood,,0.0,3,3,CBlock,,,,,0,,0,1005,1005,GasA,3,Y,,6.912742820493176,0,0,6.912742820493176,0,0,1,0,2,1,2,5,Typ,1,,,32.0,,2,672,,,Y,0,0,0,0,0,0,,,,0,11,WD,Normal,0,1,1,0,1,1,1,1,1,1,1,1,0,1,1,1,1,1,1
12,RL,,10.100528346839138,Pave,,IR1,Lvl,AllPub,Corner,Gtl,Gilbert,Norm,Norm,1Fam,2Story,7,5,14,12,Gable,CompShg,MetalSd,MetalSd,,0.0,4,3,PConc,,,,,0,,0,712,712,GasA,5,Y,,6.990256500493881,809,0,7.546974117516527,0,0,2,1,3,1,4,7,Typ,1,,,14.0,,2,409,,,Y,143,46,0,0,0,0,,,,1,10,WD,Normal,1,1,1,0,1,1,1,1,1,1,1,1,0,1,1,1,1,1,1
9,RL,4.248495242049359,10.13993712096363,Pave,,Reg,Lvl,AllPub,Inside,Gtl,Sawyer,Norm,Norm,1Fam,1Story,5,5,43,43,Hip,CompShg,HdBoard,HdBoard,,0.0,3,3,CBlock,,,,,906,,0,134,1040,GasA,5,Y,,6.946975992135418,0,0,6.946975992135418,1,0,1,0,3,1,3,5,Typ,0,,,43.0,,1,384,,,Y,0,0,0,0,0,0,,,,0,2,WD,Normal,0,1,1,0,1,1,1,1,1,1,1,1,0,1,1,1,1,1,1
9,RL,4.290459441148391,9.920951445491365,Pave,,Reg,Lvl,AllPub,Inside,Gtl,NAmes,Feedr,Norm,1Fam,1Story,5,5,50,50,Gable,CompShg,MetalSd,HdBoard,,324.0,3,3,CBlock,,,,,697,,0,571,1268,GasA,3,Y,,7.142036574706803,0,0,7.142036574706803,1,0,1,0,3,1,3,6,Typ,2,,,50.0,,2,461,,,Y,0,0,0,0,1,0,,,,0,4,WD,Normal,0,1,1,0,1,1,1,1,1,1,1,1,0,1,1,1,1,1,1
12,FV,4.430816798843313,10.030482630428207,Pave,,Reg,Lvl,AllPub,Inside,Gtl,Somerst,Norm,Norm,1Fam,2Story,7,6,0,0,Gable,CompShg,VinylSd,VinylSd,,0.0,4,3,PConc,,,,,0,,0,874,874,GasA,5,Y,,6.773080375655535,887,0,7.473637108496206,0,0,3,0,3,1,4,7,Typ,0,,,0.0,,2,578,,,Y,144,105,0,0,0,0,,,,0,8,New,Partial,0,1,1,0,1,1,1,1,1,1,1,1,0,1,1,1,1,1,1
8,RL,,10.253259856956417,Pave,,IR1,Lvl,AllPub,Inside,Gtl,Mitchel,Norm,Norm,1Fam,SLvl,6,5,34,34,Gable,CompShg,HdBoard,HdBoard,,335.0,3,3,CBlock,,,,,539,,0,473,1012,GasA,3,Y,,6.9411900550683745,0,0,6.9411900550683745,1,0,1,0,3,1,3,6,Typ,0,,,34.0,,3,888,,,Y,0,0,0,0,0,0,,,,0,5,WD,Normal,1,1,1,0,1,1,1,1,1,1,1,1,0,1,1,1,1,1,1
9,RL,4.290459441148391,11.631776676309293,Pave,,IR1,Low,AllPub,CulDSac,Sev,ClearCr,Norm,Norm,1Fam,1Story,7,7,54,3,Flat,Membran,Plywood,Plywood,,0.0,3,3,CBlock,,,,,226,,1,96,1385,GasA,5,Y,,7.217443431696533,0,0,7.217443431696533,1,0,1,0,2,1,3,5,Mod,2,,,54.0,,2,439,,,Y,81,0,0,0,0,0,,,,0,4,WD,Normal,0,1,1,0,1,1,1,1,1,1,1,1,0,1,1,1,1,1,1
9,RL,4.290459441148391,9.98915453034507,Pave,,Reg,Lvl,AllPub,Corner,Gtl,Edwards,Norm,Norm,1Fam,1Story,6,5,53,53,Hip,CompShg,Wd Sdng,Wd Sdng,,0.0,3,3,CBlock,,,,,0,,0,1436,1436,GasA,2,Y,,7.4318919168078,0,0,7.4318919168078,0,0,1,0,3,1,3,7,Typ,1,,,53.0,,2,480,,,Y,0,0,0,0,0,0,,,,0,11,COD,Normal,0,1,1,0,1,1,1,1,1,1,1,1,0,1,1,1,1,1,1
9,RL,4.51085950651685,10.056737315506549,Pave,,IR1,Lvl,AllPub,Inside,Gtl,NoRidge,Norm,Norm,1Fam,1Story,8,6,13,13,Hip,CompShg,MetalSd,MetalSd,,660.0,4,4,PConc,,,,,1696,,0,413,2109,GasA,5,Y,,7.655864017616056,0,0,7.655864017616056,1,0,2,1,2,1,4,7,Typ,1,,,13.0,,3,839,,,Y,236,46,0,0,0,0,,,,0,8,WD,Normal,0,1,1,0,1,1,1,1,1,1,1,1,0,1,1,1,1,1,1
9,RL,4.204692619390966,9.9835268848268,Pave,,IR1,Lvl,AllPub,Inside,Gtl,CollgCr,Norm,Norm,1Fam,1Story,7,5,7,7,Gable,CompShg,VinylSd,VinylSd,,110.0,4,3,PConc,,,,,788,,0,785,1573,GasA,5,Y,,7.360739903058278,0,0,7.360739903058278,1,0,2,0,3,1,4,6,Typ,0,,,7.0,,2,544,,,Y,0,72,0,0,0,0,,,,0,3,WD,Normal,0,1,1,0,1,1,1,1,1,1,1,1,0,1,1,1,1,1,1
9,RL,4.605170185988092,10.308629270500296,Pave,,IR1,Lvl,AllPub,Inside,Gtl,NridgHt,Norm,Norm,1Fam,1Story,9,5,1,0,Hip,CompShg,VinylSd,VinylSd,,760.0,5,3,PConc,,,,,2188,,0,142,2330,GasA,5,Y,,7.768110378525988,0,0,7.768110378525988,1,0,2,1,2,1,5,11,Typ,2,,,1.0,,3,820,,,Y,0,67,0,0,0,0,,,,0,3,New,Partial,0,1,1,0,1,1,1,1,1,1,1,1,0,1,1,1,1,1,1
12,RL,,9.930398163416182,Pave,,Reg,Lvl,AllPub,Inside,Gtl,CollgCr,Norm,Norm,1Fam,2Story,7,5,12,11,Gable,CompShg,VinylSd,VinylSd,,573.0,3,3,PConc,,,,,739,,0,318,1057,GasA,5,Y,,6.963189985870238,977,0,7.617759576608505,1,0,2,1,3,1,4,8,Typ,0,,,11.0,,2,645,,,Y,576,36,0,0,0,0,,,,0,2,WD,Normal,1,1,1,0,1,1,1,1,1,1,1,1,0,1,1,1,1,1,1
11,RL,,8.559558022514695,Pave,,Reg,HLS,AllPub,Inside,Gtl,ClearCr,Norm,Norm,1Fam,1Story,6,5,12,11,Gable,CompShg,Wd Sdng,Wd Sdng,,0.0,3,3,PConc,,,,,1003,,0,288,1291,GasA,5,Y,,7.1631723908466425,0,0,7.1631723908466425,1,0,1,0,2,1,4,6,Typ,1,,,12.0,,2,431,,,Y,307,0,0,0,0,0,,,,0,11,WD,Normal,1,1,1,0,1,1,1,1,1,1,1,1,0,1,1,1,1,1,1
9,RL,3.912023005428146,9.621792079373447,Pave,,IR1,Lvl,AllPub,Inside,Gtl,BrkSide,Norm,Norm,1Fam,1Story,5,7,52,2,Gable,CompShg,Wd Sdng,Plywood,,0.0,3,4,CBlock,,,,,696,,0,162,858,GasA,4,Y,,6.754604099487962,0,0,6.754604099487962,1,0,1,0,2,1,3,4,Typ,0,,,,,0,0,,,Y,117,0,0,0,0,0,,,,0,2,WD,Normal,0,1,1,0,1,1,1,1,1,1,1,1,1,1,1,1,1,1,1
5,RL,4.0943445622221,9.890211102808141,Pave,,Reg,Lvl,AllPub,Inside,Gtl,Edwards,Norm,Norm,1Fam,1.5Fin,6,5,70,59,Gable,CompShg,WdShing,Wd Shng,,0.0,3,3,BrkTil,,,,,204,,0,356,560,GasA,3,Y,,6.548219102762372,560,0,7.1372784372603855,0,0,1,0,2,1,3,6,Typ,0,,,70.0,,1,280,,,P,0,0,0,0,0,0,,,,0,10,WD,Normal,0,1,1,0,1,1,1,1,1,1,1,1,0,1,1,1,1,1,1
0,RL,4.0943445622221,9.801361141894677,Pave,,Reg,Bnk,AllPub,Inside,Gtl,SWISU,Norm,Norm,1Fam,1Story,2,5,89,59,Gable,CompShg,Wd Sdng,Wd Sdng,,0.0,3,3,CBlock,,,,,290,,0,0,290,GasA,3,N,,6.082218910376446,0,0,6.082218910376446,0,0,1,0,1,1,2,3,Typ,0,,,79.0,,1,246,,,N,0,0,0,0,0,0,,,,0,1,WD,Normal,0,1,1,0,1,1,1,1,1,1,1,1,0,1,1,1,1,1,1
12,RL,4.30406509320417,9.721019123738117,Pave,,Reg,Lvl,AllPub,Inside,Gtl,Sawyer,Norm,Norm,1Fam,2Story,6,7,28,28,Hip,CompShg,HdBoard,HdBoard,,203.0,3,3,CBlock,,,,,209,,0,463,672,GasA,3,Y,,6.51025834052315,728,0,7.24422751560335,0,0,1,1,3,1,3,6,Typ,1,,,28.0,,2,440,,,Y,0,0,0,0,0,0,,,,0,3,WD,Normal,0,1,1,0,1,1,1,1,1,1,1,1,0,1,1,1,1,1,1
0,RL,3.912023005428146,9.465448106742127,Pave,,Reg,Bnk,AllPub,Inside,Gtl,Crawfor,Norm,Norm,1Fam,1Story,5,7,69,57,Gable,CompShg,MetalSd,MetalSd,,0.0,3,4,PConc,,,,,0,,0,920,920,GasA,5,Y,,6.860663671448287,0,0,6.860663671448287,0,0,1,0,2,1,2,5,Typ,1,,,69.0,,1,240,,,Y,0,0,0,0,0,0,,,,0,6,WD,Normal,0,1,1,0,1,1,1,1,1,1,1,1,0,1,1,1,1,1,1
8,RL,,10.230710834667503,Pave,,IR1,Lvl,AllPub,Corner,Gtl,NAmes,Norm,Norm,1Fam,SLvl,6,6,45,45,Gable,CompShg,MetalSd,HdBoard,,115.0,3,4,CBlock,,,,,564,,0,563,1127,GasA,3,Y,,7.275864600546533,0,0,7.275864600546533,0,0,1,1,3,1,3,7,Typ,1,,,45.0,,2,645,,,Y,180,0,0,0,0,0,,,,0,8,WD,Normal,1,1,1,0,1,1,1,1,1,1,1,1,0,1,1,1,1,1,1
1,RM,3.5553480614894135,8.838081944598306,Pave,,Reg,Lvl,AllPub,Inside,Gtl,Edwards,Norm,Norm,TwnhsE,SLvl,6,5,3,3,Gable,CompShg,VinylSd,VinylSd,,80.0,3,3,PConc,,,,,459,,0,88,547,GasA,5,Y,,6.977281341630747,0,0,6.977281341630747,1,0,1,0,2,1,3,5,Typ,0,,,3.0,,2,525,,,Y,0,28,0,0,0,0,,,,0,6,WD,Normal,0,1,1,0,1,1,1,1,1,1,1,1,0,1,1,1,1,1,1
3,RL,4.31748811353631,9.98556546769481,Pave,,Reg,Lvl,AllPub,Inside,Gtl,Edwards,Norm,Norm,Duplex,1Story,5,5,45,45,Hip,CompShg,AsphShn,AsphShn,,0.0,3,3,CBlock,,,,,0,,0,0,0,GasA,3,N,,7.416979621381154,0,0,7.416979621381154,0,0,2,0,4,2,3,8,Typ,0,,,,,0,0,,,Y,0,0,0,0,0,0,,,,0,5,WD,Normal,0,1,1,0,1,1,1,1,1,1,1,1,1,1,1,1,1,1,1
10,RL,,10.21031720707146,Pave,,IR1,Bnk,AllPub,Inside,Gtl,BrkSide,PosN,Norm,1Fam,2.5Unf,6,6,93,15,Gable,CompShg,Wd Sdng,Wd Shng,,0.0,3,3,BrkTil,,,,,0,,0,844,844,GasA,4,N,,7.275864600546533,689,0,7.665753431861699,0,0,2,0,5,1,4,10,Typ,0,,,79.0,,2,441,,,Y,0,60,1,0,0,0,,,,0,7,WD,Normal,1,1,1,0,1,1,1,1,1,1,1,1,0,1,1,1,1,1,1
7,RL,4.356708826689592,10.23782111465427,Pave,,Reg,HLS,AllPub,Inside,Mod,Crawfor,Norm,Norm,1Fam,2Story,8,6,73,9,Gable,CompShg,BrkFace,Wd Sdng,,0.0,3,3,PConc,,,,,428,,0,537,965,GasA,3,Y,,7.570443252057374,1254,0,8.069029328774958,0,0,2,1,4,1,3,10,Typ,2,,,73.0,,2,380,,,Y,0,0,0,0,0,0,,,,0,9,WD,Alloca,0,1,1,0,1,1,1,1,1,1,1,1,0,1,1,1,1,1,1
3,RL,4.543294782270004,9.933530581766188,Pave,,Reg,Low,AllPub,Corner,Gtl,Mitchel,Norm,Norm,Duplex,2Story,6,5,39,39,Mansard,CompShg,MetalSd,Wd Shng,,0.0,3,3,CBlock,,,,,0,,0,912,912,GasA,3,Y,,6.815639990074331,912,0,7.508787170634276,0,0,2,2,4,2,3,8,Typ,0,,,,,0,0,,,Y,128,0,0,0,0,0,,,,0,4,WD,Normal,0,1,1,0,1,1,1,1,1,1,1,1,1,1,1,1,1,1,1
12,RL,,9.92133074853755,Pave,,IR1,Lvl,AllPub,Corner,Gtl,Timber,Norm,Norm,1Fam,2Story,6,5,11,10,Hip,CompShg,VinylSd,VinylSd,,42.0,4,3,PConc,,,,,742,,0,130,872,GasA,5,Y,,6.78897174299217,868,0,7.470793774195062,1,0,2,1,3,1,3,7,Typ,0,,,11.0,,2,422,,,Y,144,122,0,0,0,0,,,,0,7,WD,Normal,1,1,1,0,1,1,1,1,1,1,1,1,0,1,1,1,1,1,1
9,RL,4.276666119016055,9.865567302991394,Pave,,Reg,Lvl,AllPub,Corner,Gtl,NAmes,Norm,Norm,1Fam,1Story,5,8,43,0,Gable,CompShg,VinylSd,VinylSd,,300.0,3,3,CBlock,,,,,595,,0,317,912,GasA,5,Y,,6.815639990074331,0,0,6.815639990074331,1,0,1,0,2,1,4,5,Typ,0,,,16.0,,2,576,,,Y,0,240,0,0,0,0,,,,0,12,WD,Normal,0,1,1,0,1,1,1,1,1,1,1,1,0,1,1,1,1,1,1
8,RL,4.442651256490317,10.02967449395086,Pave,,Reg,Lvl,AllPub,Inside,Gtl,Timber,Norm,Norm,1Fam,SLvl,6,5,20,19,Gable,CompShg,HdBoard,HdBoard,,219.0,4,3,CBlock,,,,,783,,0,678,1461,GasA,5,Y,,7.319202458767849,0,0,7.319202458767849,1,0,2,0,3,1,4,5,Typ,1,,,20.0,,2,600,,,Y,224,0,0,0,0,0,,,,0,8,WD,Abnorml,0,1,1,0,1,1,1,1,1,1,1,1,0,1,1,1,1,1,1
5,RL,3.9318256327243257,9.440364470299723,Pave,,Reg,Lvl,AllPub,Inside,Gtl,SWISU,Norm,Norm,1Fam,1.5Fin,6,6,84,19,Gable,CompShg,WdShing,Wd Shng,,0.0,3,3,BrkTil,,,,,264,,0,712,976,GasA,5,Y,,7.05617528410041,448,0,7.382746449738912,0,0,2,1,3,1,4,7,Typ,1,,,84.0,,1,216,,,Y,147,16,0,0,0,0,,,,0,10,WD,Normal,0,1,1,0,1,1,1,1,1,1,1,1,0,1,1,1,1,1,1
9,RL,4.174387269895637,10.033939918342933,Pave,,Reg,Lvl,AllPub,Inside,Gtl,Gilbert,RRAn,Norm,1Fam,1Story,6,5,1,0,Gable,CompShg,VinylSd,VinylSd,,0.0,4,3,PConc,,,,,28,,0,1288,1316,GasA,5,Y,,7.182352111885263,0,0,7.182352111885263,0,0,2,0,3,1,4,6,Typ,1,,,1.0,,2,397,,,Y,100,0,0,1,0,0,,,,0,10,New,Partial,0,1,1,0,1,1,1,1,1,1,1,1,0,1,1,1,1,1,1
0,RM,3.9318256327243257,9.430676920124982,Pave,,Reg,Lvl,AllPub,Inside,Gtl,BrkSide,Norm,Norm,1Fam,1Story,5,7,81,56,Gable,CompShg,MetalSd,MetalSd,,0.0,3,3,BrkTil,,,,,489,,0,279,768,GasA,3,N,,6.922643891475888,0,0,6.922643891475888,0,0,1,0,3,1,3,6,Min1,0,,,81.0,,1,450,,,Y,0,0,1,0,1,0,,,,1,7,WD,Abnorml,0,1,1,0,1,1,1,1,1,1,1,1,0,1,1,1,1,1,1
5,RL,4.0943445622221,9.767341804650782,Pave,,Reg,Lvl,AllPub,Inside,Gtl,Edwards,Norm,Norm,1Fam,1.5Fin,5,6,67,57,Gable,CompShg,MetalSd,MetalSd,,0.0,3,3,BrkTil,,,,,312,,0,444,756,GasA,2,N,,6.628041376179533,378,0,7.033506484287697,1,0,1,1,3,1,3,7,Typ,0,,,67.0,,1,240,,,P,0,0,0,0,0,0,,,,0,4,WD,AdjLand,0,1,1,0,1,1,1,1,1,1,1,1,0,1,1,1,1,1,1
9,RL,4.7535901911063645,10.36077578068654,Pave,,IR1,Lvl,AllPub,Corner,Gtl,Somerst,Norm,Norm,1Fam,1Story,8,5,1,1,Gable,CompShg,VinylSd,VinylSd,,208.0,4,3,PConc,,,,,63,,0,1560,1623,GasA,5,Y,,7.400009517162692,0,0,7.400009517162692,1,0,2,0,3,1,4,8,Typ,1,,,1.0,,3,865,,,Y,0,60,0,0,0,0,,,,0,6,WD,Normal,0,1,1,0,1,1,1,1,1,1,1,1,0,1,1,1,1,1,1
12,RL,,9.706885480501949,Pave,,Reg,Lvl,AllPub,Inside,Gtl,Gilbert,RRAn,Norm,1Fam,2Story,7,5,4,4,Gable,CompShg,VinylSd,VinylSd,,0.0,4,3,PConc,,,,,0,,0,660,660,GasA,5,Y,,6.492239835020471,660,0,7.1853870155804165,0,0,2,1,3,1,4,6,Typ,0,,,4.0,,2,400,,,Y,0,48,0,0,0,0,,,,0,8,WD,Normal,1,1,1,0,1,1,1,1,1,1,1,1,0,1,1,1,1,1,1
12,RL,,11.259514487509488,Pave,,IR2,Low,AllPub,CulDSac,Sev,ClearCr,Norm,Norm,1Fam,2Story,5,5,42,42,Flat,Tar&Grv,Plywood,Plywood,,0.0,3,3,PConc,,,,,249,,1,0,1013,GasA,3,Y,,7.05617528410041,966,0,7.661997558901893,0,1,2,1,3,1,3,7,Min2,0,,,42.0,,2,538,,,Y,486,0,0,0,1,0,,,,0,6,WD,Abnorml,1,1,1,0,1,1,1,1,1,1,1,1,0,1,1,1,1,1,1
9,RL,4.382026634673881,9.842567375834749,Pave,,Reg,Lvl,AllPub,Inside,Gtl,NAmes,Norm,Norm,1Fam,1Story,5,6,45,45,Hip,CompShg,MetalSd,MetalSd,,148.0,3,4,CBlock,,,,,776,,0,344,1120,GasA,4,Y,,7.028201432058005,0,0,7.028201432058005,1,0,2,0,3,1,3,6,Typ,0,,,45.0,,2,525,,,Y,192,20,1,0,0,0,,,,0,12,WD,Normal,0,1,1,0,1,1,1,1,1,1,1,1,0,1,1,1,1,1,1
9,RL,4.1588830833596715,9.844186452380967,Pave,,IR1,Lvl,AllPub,Inside,Gtl,NAmes,Norm,Norm,1Fam,1Story,5,7,52,9,Hip,CompShg,MetalSd,MetalSd,,0.0,3,4,CBlock,,,,,860,,0,132,992,GasA,3,Y,,7.174724309836376,0,0,7.174724309836376,1,0,1,0,2,1,3,5,Typ,0,,,41.0,,1,756,,,Y,0,0,0,0,0,0,,,,0,5,WD,Normal,0,1,1,0,1,1,1,1,1,1,1,1,0,1,1,1,1,1,1
4,RM,3.044522437723423,7.834795564944398,Pave,,Reg,Lvl,AllPub,Inside,Gtl,MeadowV,Norm,Norm,Twnhs,2Story,4,6,39,1,Gable,CompShg,CemntBd,CmentBd,,0.0,3,3,CBlock,,,,,0,,0,546,546,GasA,3,Y,,6.682108597449809,546,0,7.203405521083095,0,0,1,1,3,1,3,6,Typ,1,,,,,0,0,,,Y,0,0,0,0,0,0,,,,0,5,WD,Normal,0,1,1,0,1,1,1,1,1,1,1,1,1,1,1,1,1,1,1
7,RM,4.0943445622221,10.09703958498912,Pave,,Reg,Bnk,AllPub,Inside,Gtl,OldTown,Norm,Norm,1Fam,2Story,7,8,117,9,Gable,CompShg,Wd Sdng,VinylSd,,0.0,3,4,BrkTil,,,,,0,,0,718,718,GasA,5,Y,,7.362645270417825,978,0,7.845416036592485,0,0,1,1,3,1,3,8,Typ,0,,,11.0,,2,704,,,P,0,48,1,0,0,0,,,,0,7,WD,Normal,0,1,1,0,1,1,1,1,1,1,1,1,0,1,1,1,1,1,1
1,RL,4.0943445622221,9.95829931831355,Pave,,Reg,Lvl,AllPub,Inside,Gtl,NAmes,Norm,Norm,1Fam,1.5Unf,5,7,58,4,Gable,CompShg,MetalSd,MetalSd,,0.0,3,3,CBlock,,,,,220,,0,625,845,GasA,3,Y,,6.794586580876499,0,0,6.794586580876499,0,1,1,0,2,1,4,4,Typ,0,,,22.0,,2,576,,,Y,0,0,0,0,0,0,,,,0,5,WD,Normal,0,1,1,0,1,1,1,1,1,1,1,1,0,1,1,1,1,1,1
12,RL,4.454347296253507,10.453325348672626,Pave,,IR1,Lvl,AllPub,CulDSac,Gtl,Somerst,Feedr,Norm,1Fam,2Story,6,5,1,1,Gable,CompShg,VinylSd,VinylSd,,74.0,4,3,PConc,,,,,0,,0,894,894,GasA,5,Y,,6.795705775173514,1039,0,7.566828479208331,0,0,2,1,4,1,4,9,Typ,1,,,1.0,,3,668,,,Y,100,18,0,0,0,0,,,,0,1,WD,Normal,0,1,1,0,1,1,1,1,1,1,1,1,0,1,1,1,1,1,1
4,RM,3.044522437723423,8.073571741888243,Pave,,Reg,Lvl,AllPub,Inside,Gtl,BrDale,Norm,Norm,Twnhs,2Story,6,5,34,34,Gable,CompShg,HdBoard,HdBoard,,285.0,3,3,CBlock,,,,,356,,0,316,672,GasA,3,Y,,6.51025834052315,546,0,7.1049654482698426,0,0,1,1,3,1,3,7,Typ,0,,,34.0,,1,264,,,Y,144,28,0,0,0,0,,,,0,5,WD,Normal,0,1,1,0,1,1,1,1,1,1,1,1,0,1,1,1,1,1,1
12,RL,4.5217885770490405,10.21665948921626,Pave,,Reg,Lvl,AllPub,Inside,Gtl,NWAmes,PosA,Norm,1Fam,2Story,7,6,30,30,Mansard,WdShake,WdShing,Plywood,,0.0,3,3,CBlock,,,,,0,,0,808,808,GasA,3,Y,,7.057036981697891,808,0,7.585281078639126,0,0,2,1,3,1,3,8,Typ,1,,,30.0,,2,534,,,Y,0,0,0,0,1,0,,,,0,11,WD,Normal,0,1,1,0,1,1,1,1,1,1,1,1,0,1,1,1,1,1,1
12,RL,4.382026634673881,10.006351773259453,Pave,,Reg,Lvl,AllPub,Inside,Gtl,CollgCr,Norm,Norm,1Fam,2Story,8,5,12,11,Gable,CompShg,VinylSd,VinylSd,,438.0,4,3,PConc,,,,,1079,,0,141,1220,GasA,5,Y,,7.106606137727303,870,0,7.644919344958857,1,0,2,1,3,1,4,8,Typ,1,,,12.0,,2,556,,,Y,0,65,0,0,0,0,,,,0,12,WD,Normal,0,1,1,0,1,1,1,1,1,1,1,1,0,1,1,1,1,1,1
9,RL,4.248495242049359,10.245082695800864,Pave,,IR1,Lvl,AllPub,Inside,Gtl,NWAmes,Norm,Norm,1Fam,1Story,5,6,36,36,Gable,CompShg,Plywood,Plywood,,0.0,3,3,CBlock,,,,,998,,0,486,1484,GasA,4,Y,,7.302496423727326,0,0,7.302496423727326,0,0,2,0,3,1,3,7,Typ,1,,,36.0,,2,487,,,Y,224,0,0,0,1,0,,,,0,2,WD,Normal,0,1,1,0,1,1,1,1,1,1,1,1,0,1,1,1,1,1,1
3,RL,4.465908118654584,9.914103363478617,Pave,,IR1,Lvl,AllPub,Inside,Gtl,NWAmes,Feedr,Norm,Duplex,1Story,5,5,35,35,Gable,CompShg,Plywood,Plywood,,564.0,3,3,CBlock,,,,,0,,0,1656,1656,GasA,3,Y,,7.412160334945205,0,0,7.412160334945205,0,0,2,0,4,2,3,8,Typ,0,,,35.0,,2,506,,,Y,0,211,0,0,0,0,,,,0,11,WD,Normal,0,1,1,0,1,1,1,1,1,1,1,1,0,1,1,1,1,1,1
5,RM,,8.921600064579971,Pave,,Reg,Bnk,AllPub,Inside,Gtl,OldTown,Artery,Norm,1Fam,1.5Fin,6,8,83,5,Gable,CompShg,MetalSd,MetalSd,,0.0,3,3,CBlock,,,,,468,,0,350,818,GasA,3,Y,,6.706862336602747,406,0,7.1098794630722715,0,0,1,0,3,1,3,5,Typ,0,,,83.0,,1,210,,,N,0,0,1,0,0,0,,,,0,12,WD,Normal,1,1,1,0,1,1,1,1,1,1,1,1,0,1,1,1,1,1,1
12,RL,,10.243247235965345,Pave,,IR1,Lvl,AllPub,Corner,Gtl,Gilbert,Norm,Norm,1Fam,2Story,6,5,9,9,Gable,CompShg,VinylSd,VinylSd,,40.0,4,3,PConc,,,,,695,,0,297,992,GasA,5,Y,,6.92951677076365,1032,0,7.627544390488503,1,0,2,1,3,1,4,7,Typ,1,,,9.0,,2,390,,,Y,24,48,0,0,0,0,,,,0,7,WD,Normal,1,1,1,0,1,1,1,1,1,1,1,1,0,1,1,1,1,1,1
1,RM,3.9318256327243257,9.430676920124982,Pave,,Reg,Lvl,AllPub,Corner,Gtl,BrkSide,Norm,Norm,1Fam,1.5Unf,7,8,78,6,Gable,CompShg,Wd Sdng,Wd Sdng,,0.0,3,3,BrkTil,,,,,0,,0,832,832,GasA,5,Y,,6.74993119378857,0,0,6.74993119378857,0,0,1,0,2,1,3,5,Typ,0,,,16.0,,2,576,,,Y,48,112,0,0,0,0,,,,0,7,WD,Normal,0,1,1,0,1,1,1,1,1,1,1,1,0,1,1,1,1,1,1
4,RM,,8.12328393244829,Pave,,Reg,Lvl,AllPub,Inside,Gtl,MeadowV,Norm,Norm,TwnhsE,2Story,4,5,37,37,Gable,CompShg,CemntBd,CmentBd,,0.0,3,3,CBlock,,,,,334,,0,212,546,GasA,3,Y,,6.302618975744905,546,0,6.9957661563048505,0,0,1,1,3,1,3,6,Typ,0,,,37.0,,1,286,,,Y,120,96,0,0,0,0,,,,0,5,WD,Normal,1,1,1,0,1,1,1,1,1,1,1,1,0,1,1,1,1,1,1
9,RL,,9.919179774194387,Pave,,IR1,Lvl,AllPub,CulDSac,Mod,CollgCr,Norm,Norm,1Fam,1Story,5,7,32,20,Gable,CompShg,HdBoard,Plywood,,0.0,3,3,CBlock,,,,,196,,0,1072,1268,GasA,3,Y,,7.145196134997171,0,0,7.145196134997171,0,0,1,1,3,1,4,5,Typ,0,,,31.0,,1,252,,,Y,173,0,0,0,0,0,,,,0,10,WD,Normal,1,1,1,0,1,1,1,1,1,1,1,1,0,1,1,1,1,1,1
12,RL,3.7612001156935624,10.082429792090752,Pave,,IR2,Lvl,AllPub,CulDSac,Gtl,CollgCr,PosN,Norm,1Fam,2Story,7,6,13,13,Gable,CompShg,VinylSd,VinylSd,,0.0,4,3,PConc,,,,,385,,1,70,799,GasA,5,Y,,6.717804695023691,834,0,7.415175109613295,1,0,2,1,3,1,4,6,Typ,1,,,13.0,,2,550,,,Y,158,61,0,0,0,0,,,,0,4,ConLw,Normal,0,1,1,0,1,1,1,1,1,1,1,1,0,1,1,1,1,1,1
9,RL,3.871201010907891,10.07888795586283,Pave,,IR2,Lvl,AllPub,FR2,Gtl,CollgCr,Norm,Norm,1Fam,1Story,8,5,7,7,Hip,CompShg,VinylSd,VinylSd,,171.0,4,3,PConc,,,,,370,,1,315,1657,GasA,5,Y,,7.419380582918692,0,0,7.419380582918692,1,0,2,0,3,1,4,8,Typ,1,,,7.0,,2,502,,,Y,0,262,0,0,0,0,,,,0,5,WD,Normal,0,1,1,0,1,1,1,1,1,1,1,1,0,1,1,1,1,1,1
9,RL,4.31748811353631,10.32734574458579,Pave,,Reg,Lvl,AllPub,Inside,Mod,CollgCr,Norm,Norm,1Fam,1Story,6,5,11,10,Gable,CompShg,VinylSd,VinylSd,,215.0,3,3,PConc,,,,,994,,0,484,1478,GasA,5,Y,,7.30854279753919,0,0,7.30854279753919,1,0,2,0,3,1,4,7,Typ,1,,,11.0,,2,508,,,Y,140,39,0,0,0,0,,,,0,4,WD,Normal,0,1,1,0,1,1,1,1,1,1,1,1,0,1,1,1,1,1,1
9,RL,4.04305126783455,9.784472532870472,Pave,,IR1,Lvl,AllPub,Inside,Gtl,NAmes,Norm,Norm,1Fam,1Story,6,5,57,57,Gable,CompShg,BrkFace,BrkFace,,0.0,3,3,CBlock,,,,,0,,0,932,932,GasA,5,Y,,6.837332814685591,0,0,6.837332814685591,0,0,1,0,2,1,4,4,Typ,1,,,57.0,,1,306,,,Y,0,0,1,0,0,0,,,,0,11,WD,Normal,0,1,1,0,1,1,1,1,1,1,1,1,0,1,1,1,1,1,1
9,RL,4.442651256490317,10.078111784041214,Pave,,Reg,Lvl,AllPub,Inside,Gtl,NAmes,Norm,Norm,1Fam,1Story,7,5,37,37,Flat,Tar&Grv,Plywood,Plywood,,0.0,3,4,CBlock,,,,,778,,0,499,1277,GasA,3,Y,,7.152268856032539,0,0,7.152268856032539,1,0,1,0,2,1,3,5,Typ,1,,,37.0,,2,526,,,Y,0,0,0,0,1,0,,,,0,4,WD,Normal,0,1,1,0,1,1,1,1,1,1,1,1,0,1,1,1,1,1,1
9,RL,5.204006687076795,10.451212004099023,Pave,,IR3,Lvl,AllPub,Corner,Gtl,Gilbert,Norm,Norm,1Fam,1Story,7,5,3,3,Hip,CompShg,VinylSd,VinylSd,,0.0,4,3,PConc,,,,,1300,,0,230,1530,GasA,5,Y,,7.333023014386481,0,0,7.333023014386481,1,0,2,0,3,1,4,7,Typ,1,,,3.0,,3,630,,,Y,144,36,0,0,0,0,,,,0,11,WD,Family,0,1,1,0,1,1,1,1,1,1,1,1,0,1,1,1,1,1,1
9,RL,,9.946350428146026,Pave,,Reg,Lvl,AllPub,Inside,Gtl,NAmes,Norm,Norm,1Fam,1Story,5,5,49,24,Hip,CompShg,HdBoard,HdBoard,,0.0,3,3,CBlock,,,,,457,,1,193,1024,GasA,3,Y,,7.203405521083095,0,0,7.203405521083095,1,0,1,0,2,1,3,6,Min1,1,,,37.0,,1,484,,,Y,316,28,0,0,0,0,,,,0,6,WD,Normal,1,1,1,0,1,1,1,1,1,1,1,1,0,1,1,1,1,1,1
6,RL,4.30406509320417,9.84795579594147,Pave,,IR1,Lvl,AllPub,Inside,Gtl,Sawyer,Norm,Norm,1Fam,SFoyer,5,6,27,27,Hip,CompShg,HdBoard,HdBoard,,0.0,3,3,CBlock,,,,,672,,0,168,840,GasA,3,Y,,6.756932389247553,0,0,6.756932389247553,1,0,1,0,2,1,3,4,Typ,0,,,13.0,,2,528,,,Y,0,0,0,0,0,0,,,,0,7,WD,Normal,0,1,1,0,1,1,1,1,1,1,1,1,0,1,1,1,1,1,1
11,RL,3.5263605246161616,9.195405711946137,Pave,,IR1,Lvl,AllPub,Inside,Gtl,NridgHt,Norm,Norm,Twnhs,1Story,7,5,2,1,Gable,CompShg,VinylSd,VinylSd,,166.0,4,3,PConc,,,,,904,,0,410,1314,GasA,5,Y,,7.1808311990445555,0,0,7.1808311990445555,1,0,2,0,2,1,4,6,Typ,1,,,1.0,,2,626,,,Y,172,62,0,0,0,0,,,,0,7,WD,Normal,0,1,1,0,1,1,1,1,1,1,1,1,0,1,1,1,1,1,1
12,RL,4.290459441148391,9.850640930032139,Pave,,Reg,Lvl,AllPub,Inside,Gtl,CollgCr,Norm,Norm,1Fam,2Story,7,5,0,0,Gable,CompShg,VinylSd,VinylSd,,0.0,4,3,PConc,,,,,464,,0,927,1391,GasA,5,Y,,7.237778191923443,571,0,7.581719640125308,0,0,2,1,3,1,4,7,Typ,0,,,0.0,,3,868,,,Y,0,90,0,0,0,0,,,,0,8,New,Partial,0,1,1,0,1,1,1,1,1,1,1,1,0,1,1,1,1,1,1
12,RL,4.0943445622221,10.515527386697427,Pave,,IR1,Lvl,AllPub,Inside,Gtl,Gilbert,RRAn,Norm,1Fam,2Story,7,5,4,3,Gable,CompShg,VinylSd,VinylSd,,0.0,4,3,PConc,,,,,724,,0,64,788,GasA,5,Y,,6.669498089857879,702,0,7.306531398939505,1,0,2,1,3,1,4,8,Typ,1,,,4.0,,2,388,,,Y,100,75,0,0,0,0,,,,0,2,WD,Normal,0,1,1,0,1,1,1,1,1,1,1,1,0,1,1,1,1,1,1
11,RM,,9.053506137589956,Pave,,Reg,Lvl,AllPub,Inside,Gtl,CollgCr,Norm,Norm,TwnhsE,1Story,6,5,6,6,Gable,CompShg,VinylSd,VinylSd,,169.0,4,3,PConc,,,,,662,,0,186,848,GasA,5,Y,,6.742880635791903,0,0,6.742880635791903,1,0,1,0,1,1,4,3,Typ,0,,,6.0,,2,420,,,Y,160,0,0,0,0,0,,,,0,5,WD,Normal,1,1,1,0,1,1,1,1,1,1,1,1,0,1,1,1,1,1,1
0,RL,4.0943445622221,10.02967449395086,Pave,,Reg,Lvl,AllPub,Inside,Gtl,Sawyer,Norm,Norm,1Fam,1Story,5,8,68,11,Gable,CompShg,Wd Sdng,Wd Sdng,,0.0,3,3,PConc,,,,,0,,0,672,672,GasA,5,Y,,6.51025834052315,0,0,6.51025834052315,0,0,1,0,2,1,3,4,Typ,0,,,68.0,,1,240,,,N,168,0,0,0,0,0,,,,0,8,WD,Normal,0,1,1,0,1,1,1,1,1,1,1,1,0,1,1,1,1,1,1
7,RL,4.189654742026425,9.88787343737329,Pave,,Reg,Lvl,AllPub,Inside,Gtl,Crawfor,Norm,Norm,1Fam,2Story,7,9,69,4,Gable,CompShg,CemntBd,CmentBd,,0.0,5,4,Stone,,,,,275,,0,877,1152,GasA,5,Y,,7.080026499922591,1152,0,7.757906208351747,0,0,2,0,4,1,4,9,Typ,2,,,69.0,,1,252,,,Y,0,60,0,0,0,0,,,,1,5,WD,Normal,0,1,1,0,1,1,1,1,1,1,1,1,0,1,1,1,1,1,1
5,RL,4.0943445622221,10.053684843925609,Pave,,Reg,Lvl,AllPub,Inside,Gtl,OldTown,Norm,Norm,1Fam,1.5Fin,5,7,93,22,Gable,CompShg,HdBoard,HdBoard,,0.0,3,3,CBlock,,,,,0,,0,660,660,GasA,5,Y,,6.694562058521095,704,1,7.412160334945205,0,0,2,1,3,1,3,8,Min2,0,,,93.0,,1,180,,,N,0,0,0,1,0,0,,,,0,8,WD,Normal,0,1,1,0,1,1,1,1,1,1,1,1,0,1,1,1,1,1,1
12,RL,,9.664078830507252,Pave,,IR1,Lvl,AllPub,CulDSac,Gtl,NAmes,Norm,Norm,1Fam,2Story,7,9,35,3,Gable,CompShg,HdBoard,HdBoard,,138.0,3,3,CBlock,,,,,626,,0,99,725,GasA,4,Y,,6.586171654854675,754,0,7.2991214627108,1,0,1,1,4,1,4,7,Typ,0,,,35.0,,2,484,,,Y,0,32,0,0,0,0,,,,0,6,WD,Normal,1,1,1,0,1,1,1,1,1,1,1,1,0,1,1,1,1,1,1
9,RL,4.543294782270004,10.052778914513448,Pave,,IR1,Lvl,AllPub,Corner,Gtl,CollgCr,Norm,Norm,1Fam,1Story,7,5,1,1,Gable,CompShg,VinylSd,VinylSd,,0.0,3,3,PConc,,,,,0,,0,1226,1226,GasA,5,Y,,7.111512116496157,0,0,7.111512116496157,0,0,2,0,3,1,4,6,Typ,0,,,1.0,,3,740,,,Y,0,36,0,0,0,0,,,,0,5,WD,Normal,0,1,1,0,1,1,1,1,1,1,1,1,0,1,1,1,1,1,1
12,RL,,10.24140897198143,Pave,,IR1,Low,AllPub,Inside,Gtl,ClearCr,Norm,Norm,1Fam,2Story,6,8,41,0,Gable,CompShg,HdBoard,HdBoard,,157.0,3,3,CBlock,,,,,568,,0,264,832,GasA,4,Y,,6.883462586413092,1111,0,7.643482907077201,0,0,2,1,5,1,4,9,Typ,0,,,41.0,,2,444,,,Y,133,168,0,0,0,0,,,,0,7,WD,Normal,1,1,1,0,1,1,1,1,1,1,1,1,0,1,1,1,1,1,1
9,RL,4.143134726391533,10.322558055570436,Pave,,Reg,Lvl,AllPub,Inside,Gtl,SawyerW,RRAe,Norm,1Fam,1Story,6,5,2,2,Gable,CompShg,VinylSd,VinylSd,,0.0,3,3,PConc,,,,,941,,0,217,1158,GasA,5,Y,,7.05444965813294,0,0,7.05444965813294,1,0,1,1,3,1,4,5,Typ,0,,,0.0,,2,576,,,Y,0,50,0,0,0,0,,,,0,5,New,Partial,0,1,1,0,1,1,1,1,1,1,1,1,0,1,1,1,1,1,1
9,RL,,10.118679872872166,Pave,,IR1,Lvl,AllPub,CulDSac,Gtl,NAmes,Norm,Norm,1Fam,1Story,5,6,43,43,Gable,CompShg,Plywood,Plywood,,200.0,3,3,CBlock,,,,,740,,1,184,1154,GasA,5,Y,,7.050989447068045,0,0,7.050989447068045,0,0,1,1,3,1,3,6,Typ,1,,,43.0,,2,480,,,Y,0,58,0,0,0,0,,,,0,11,WD,Normal,1,1,1,0,1,1,1,1,1,1,1,1,0,1,1,1,1,1,1
12,RL,4.04305126783455,9.872434604975835,Pave,,IR1,Lvl,AllPub,CulDSac,Gtl,CollgCr,Norm,Norm,1Fam,2Story,7,5,10,9,Gable,CompShg,VinylSd,VinylSd,,0.0,3,3,PConc,,,,,0,,0,880,880,GasA,5,Y,,6.779921907472252,844,0,7.452402451223638,0,0,2,1,3,1,4,8,Typ,0,,,10.0,,2,527,,,Y,120,155,0,0,0,0,,,,0,7,WD,Normal,0,1,1,0,1,1,1,1,1,1,1,1,0,1,1,1,1,1,1
12,RL,,9.744111871489254,Pave,,Reg,Lvl,AllPub,Inside,Gtl,Gilbert,Norm,Norm,1Fam,2Story,6,5,13,12,Gable,CompShg,HdBoard,HdBoard,,0.0,3,3,PConc,,,,,219,,0,554,773,GasA,4,Y,,6.650279048587422,885,0,7.4133673356952405,1,0,2,1,3,1,3,8,Typ,1,,,13.0,,2,431,,,Y,224,84,0,0,0,0,,,,0,6,WD,Normal,1,1,1,0,1,1,1,1,1,1,1,1,0,1,1,1,1,1,1
9,RL,4.204692619390966,9.852918564300682,Pave,,Reg,Lvl,AllPub,Inside,Gtl,Edwards,Feedr,Norm,1Fam,1Story,4,5,60,6,Gable,CompShg,VinylSd,VinylSd,,0.0,3,3,CBlock,,,,,0,,0,0,0,GasA,5,Y,,7.026426808699636,0,0,7.026426808699636,0,0,2,0,2,1,4,5,Typ,0,,,7.0,,2,520,,,N,0,96,0,0,0,0,,,,0,5,WD,Normal,0,1,1,0,1,1,1,1,1,1,1,1,0,1,1,1,1,1,1
5,RL,4.07753744390572,10.596231200428655,Pave,,IR1,Lvl,AllPub,Inside,Gtl,Edwards,Norm,Norm,1Fam,1.5Fin,5,7,53,53,Gable,CompShg,MetalSd,MetalSd,,0.0,3,4,PConc,,,,,0,,0,816,816,GasA,3,Y,,6.77078942390898,521,0,7.239214973779806,0,0,1,1,3,1,3,8,Typ,0,,,53.0,,1,300,,,Y,121,0,0,0,1,0,,,,0,4,WD,Normal,0,1,1,0,1,1,1,1,1,1,1,1,0,1,1,1,1,1,1
5,RL,,10.4121888658454,Pave,,IR1,Lvl,AllPub,Inside,Mod,Crawfor,Norm,Norm,1Fam,1.5Fin,8,9,73,11,Gable,CompShg,Stucco,Stucco,,632.0,3,4,CBlock,,,,,192,,0,536,728,GasA,5,Y,,7.584773077612199,1479,0,8.145259566516865,0,0,3,1,4,1,4,11,Typ,2,,,26.0,,3,1014,,,Y,314,12,0,0,0,0,,,,0,5,WD,Normal,1,1,1,0,1,1,1,1,1,1,1,1,0,1,1,1,1,1,1
4,RM,3.044522437723423,8.111053414312838,Pave,,Reg,Lvl,AllPub,Inside,Gtl,BrDale,Norm,Norm,Twnhs,2Story,6,5,33,33,Gable,CompShg,HdBoard,HdBoard,,408.0,3,3,CBlock,,,,,309,,0,174,483,GasA,3,Y,,6.180016653652572,504,0,6.894670039433482,0,0,1,1,2,1,3,5,Typ,0,,,33.0,,1,264,,,Y,72,0,0,0,0,0,,,,0,6,WD,Normal,0,1,1,0,1,1,1,1,1,1,1,1,0,1,1,1,1,1,1
2,RL,4.127134385045092,10.018769288749382,Pave,,Reg,Lvl,AllPub,Inside,Gtl,Edwards,Norm,Norm,2fmCon,1.5Fin,5,7,68,9,Gable,CompShg,Wd Sdng,Wd Sdng,,0.0,3,4,BrkTil,,,,,351,,1,112,644,GasA,4,Y,,6.694562058521095,547,0,7.2115567333138015,1,0,2,0,4,2,3,6,Typ,0,,,,,0,0,,,Y,140,0,0,0,0,0,,,,0,9,WD,Normal,0,1,1,0,1,1,1,1,1,1,1,1,1,1,1,1,1,1,1
9,RL,5.746203190540153,11.214891773214324,Pave,,IR2,HLS,AllPub,Inside,Mod,NAmes,PosA,Norm,1Fam,1Story,7,7,48,1,Flat,Tar&Grv,Wd Sdng,Wd Sdng,,0.0,3,3,CBlock,,,,,425,,0,160,585,GasA,5,Y,,7.634820677745543,0,0,7.634820677745543,1,0,2,0,4,1,4,9,Typ,1,,,48.0,,2,505,,,Y,0,0,0,0,0,0,,,,0,11,WD,Normal,0,1,1,0,1,1,1,1,1,1,1,1,0,1,1,1,1,1,1
4,FV,3.1780538303479458,8.288316630934473,Pave,,Reg,Lvl,AllPub,Inside,Gtl,Somerst,Norm,Norm,Twnhs,2Story,7,5,9,9,Gable,CompShg,MetalSd,MetalSd,,360.0,3,3,PConc,,,,,549,,0,195,744,GasA,4,Y,,6.6293632534374485,744,0,7.313886831633462,0,0,2,1,3,1,3,6,Typ,0,,,9.0,,2,440,,,Y,0,0,0,0,0,0,,,,0,8,WD,Normal,0,1,1,0,1,1,1,1,1,1,1,1,0,1,1,1,1,1,1
9,RL,4.700480365792417,10.48371863126207,Pave,,IR1,Lvl,AllPub,Inside,Gtl,NridgHt,Norm,Norm,1Fam,1Story,8,5,1,0,Gable,CompShg,VinylSd,VinylSd,,304.0,4,3,PConc,,,,,1350,,0,626,1976,GasA,5,Y,,7.588829878307813,0,0,7.588829878307813,1,0,2,0,2,1,4,7,Typ,1,,,1.0,,3,908,,,Y,250,63,0,0,0,0,,,,0,7,New,Partial,0,1,1,0,1,1,1,1,1,1,1,1,0,1,1,1,1,1,1
9,RL,4.356708826689592,10.03036721569233,Pave,,Reg,Lvl,AllPub,Inside,Gtl,Somerst,Norm,Norm,1Fam,1Story,8,5,1,1,Gable,CompShg,VinylSd,VinylSd,,468.0,3,3,PConc,,,,,33,,0,1530,1563,GasA,5,Y,,7.354362330421477,0,0,7.354362330421477,0,0,2,0,3,1,4,6,Typ,1,,,1.0,,3,758,,,Y,144,99,0,0,0,0,,,,0,10,WD,Normal,0,1,1,0,1,1,1,1,1,1,1,1,0,1,1,1,1,1,1
5,RM,,9.347742597984956,Pave,,Reg,Lvl,AllPub,Inside,Gtl,OldTown,Norm,Norm,1Fam,1.5Fin,7,7,82,58,Gable,CompShg,Wd Sdng,Wd Sdng,,0.0,3,3,PConc,,,,,0,,0,572,572,GasA,3,Y,,6.349138991379798,539,0,7.01301578963963,0,0,1,0,2,1,3,5,Typ,1,,,26.0,,1,288,,,Y,0,0,1,0,0,0,,,,0,8,WD,Normal,1,1,1,0,1,1,1,1,1,1,1,1,0,1,1,1,1,1,1
7,RL,4.0943445622221,9.620654483038743,Pave,,Reg,HLS,AllPub,Inside,Mod,Crawfor,Norm,Norm,1Fam,2Story,7,6,77,8,Gable,CompShg,Stucco,Wd Shng,,0.0,3,2,BrkTil,,,,,0,,0,776,776,GasA,3,Y,,6.7464121285733745,651,0,7.31455283232408,0,0,1,1,3,1,3,6,Typ,1,,,77.0,,1,270,,,P,0,0,1,0,0,0,,,,0,2,WD,Normal,0,1,1,0,1,1,1,1,1,1,1,1,0,1,1,1,1,1,1
9,RL,,10.376370597324252,Pave,,IR1,Lvl,AllPub,CulDSac,Gtl,Edwards,Norm,Norm,1Fam,1Story,3,5,54,54,Hip,CompShg,BrkFace,Wd Sdng,,0.0,3,3,Slab,,,,,0,,0,0,0,GasA,5,Y,,7.457609289715606,0,0,7.457609289715606,0,0,2,0,4,1,3,8,Min2,1,,,54.0,,2,452,,,Y,0,0,0,0,0,0,,,,0,6,WD,Normal,1,1,1,0,1,1,1,1,1,1,1,1,0,1,1,1,1,1,1
12,RL,4.02535169073515,10.853057234129553,Pave,,IR2,Lvl,AllPub,Inside,Gtl,NridgHt,Norm,Norm,1Fam,2Story,9,5,1,0,Hip,CompShg,CemntBd,CmentBd,,870.0,5,3,PConc,,,,,1410,,0,438,1848,GasA,5,Y,,7.521859252201629,880,0,7.911324018963353,1,0,2,1,4,1,5,10,Typ,2,,,0.0,,3,706,,,Y,0,0,0,0,0,0,,,,0,4,New,Partial,0,1,1,0,1,1,1,1,1,1,1,1,0,1,1,1,1,1,1
4,RM,3.044522437723423,7.939120540700647,Pave,,Reg,Lvl,AllPub,Inside,Gtl,BrDale,Norm,Norm,Twnhs,2Story,5,7,37,37,Gable,CompShg,CemntBd,CmentBd,,268.0,3,3,CBlock,,,,,231,,0,399,630,GasA,3,Y,,6.4457198193855785,672,0,7.171656822768514,0,0,2,1,3,1,3,6,Typ,0,,,37.0,,1,264,,,Y,185,0,0,0,0,0,,,,0,2,WD,Normal,0,1,1,0,1,1,1,1,1,1,1,1,0,1,1,1,1,1,1
1,RL,,11.02499610024899,Pave,,Reg,Low,AllPub,Inside,Sev,ClearCr,Norm,Norm,1Fam,1Story,7,6,31,31,Shed,WdShake,Plywood,Plywood,,0.0,4,3,PConc,,,,,1258,,0,74,1332,GasA,3,Y,,7.194436851100335,192,0,7.329093736246592,2,0,0,1,0,1,4,4,Typ,1,,,31.0,,2,586,,,Y,268,0,0,0,0,0,,,,0,4,WD,Normal,1,1,1,0,1,1,1,1,1,1,1,1,0,1,1,1,1,1,1
5,RL,4.382026634673881,10.6425222535907,Pave,,Reg,Lvl,AllPub,Inside,Gtl,ClearCr,Feedr,Norm,1Fam,1.5Fin,4,4,49,49,Gable,CompShg,WdShing,Plywood,,0.0,3,3,CBlock,,,,,0,,0,0,0,GasA,3,Y,,7.02108396428914,468,0,7.370230641807081,0,0,2,0,4,1,3,7,Min2,1,,,17.0,,2,680,,,N,0,59,0,0,0,0,,,,0,7,WD,Normal,0,1,1,0,1,1,1,1,1,1,1,1,0,1,1,1,1,1,1
9,RL,4.30406509320417,9.820217454150376,Pave,,Reg,Lvl,AllPub,Corner,Gtl,Edwards,Norm,Norm,1Fam,1Story,5,5,1,0,Gable,CompShg,VinylSd,VinylSd,,0.0,3,3,PConc,,,,,0,,0,1125,1125,GasA,4,Y,,7.025538314638521,0,0,7.025538314638521,0,0,1,1,2,1,3,5,Typ,0,,,0.0,,2,430,,,Y,80,64,0,0,0,0,,,,0,4,New,Partial,0,1,1,0,1,1,1,1,1,1,1,1,0,1,1,1,1,1,1
4,FV,3.4011973816621555,8.670970988015094,Pave,,Reg,Lvl,AllPub,Inside,Gtl,Somerst,Norm,Norm,TwnhsE,2Story,7,5,1,1,Gable,CompShg,MetalSd,MetalSd,,0.0,3,3,PConc,,,,,0,,0,600,600,GasA,5,Y,,6.253828811575473,600,1,7.090076835776092,0,0,2,1,2,1,4,4,Typ,0,,,1.0,,2,480,,,Y,0,166,0,0,0,0,,,,0,6,WD,Normal,0,1,1,0,1,1,1,1,1,1,1,1,0,1,1,1,1,1,1
12,RL,4.174387269895637,9.796600216873289,Pave,,IR1,Lvl,AllPub,Inside,Gtl,SawyerW,Norm,Norm,1Fam,2Story,6,5,4,4,Gable,CompShg,VinylSd,VinylSd,,0.0,4,3,PConc,,,,,0,,0,798,798,GasA,5,Y,,6.682108597449809,842,0,7.402451520818244,0,0,2,1,3,1,4,6,Typ,0,,,4.0,,2,520,,,Y,138,45,0,0,0,0,,,,0,12,WD,Normal,0,1,1,0,1,1,1,1,1,1,1,1,0,1,1,1,1,1,1
12,RL,4.394449154672439,10.112659798632393,Pave,,IR1,Lvl,AllPub,Inside,Gtl,NoRidge,Norm,Norm,1Fam,2Story,7,5,14,14,Gable,CompShg,VinylSd,VinylSd,,448.0,4,3,PConc,,,,,1000,,0,223,1223,GasA,5,Y,,7.109062135687172,904,0,7.6624678152002375,1,0,2,1,3,1,4,5,Typ,2,,,14.0,,2,525,,,Y,171,132,0,0,0,0,,,,0,8,WD,Normal,0,1,1,0,1,1,1,1,1,1,1,1,0,1,1,1,1,1,1
9,RL,3.912023005428146,9.744111871489254,Pave,,Reg,Lvl,AllPub,Inside,Gtl,NAmes,Norm,Norm,1Fam,1Story,6,6,61,7,Gable,CompShg,VinylSd,VinylSd,,0.0,3,4,CBlock,,,,,680,,0,292,972,GasA,5,Y,,6.879355804460439,0,0,6.879355804460439,1,0,1,0,2,1,3,5,Typ,1,,,61.0,,1,240,,,Y,0,0,0,0,0,0,,,,0,5,WD,Normal,0,1,1,0,1,1,1,1,1,1,1,1,0,1,1,1,1,1,1
12,RL,4.382026634673881,9.985924857959896,Pave,,IR1,Lvl,AllPub,Inside,Gtl,SawyerW,Norm,Norm,1Fam,2Story,8,5,14,14,Gable,CompShg,VinylSd,VinylSd,,0.0,4,3,PConc,,,,,584,,0,544,1128,GasA,5,Y,,7.040536390215956,878,0,7.61085279039525,0,0,2,1,3,1,4,8,Typ,1,,,14.0,,2,466,,,Y,0,155,0,0,0,0,,,,0,6,WD,Normal,0,1,1,0,1,1,1,1,1,1,1,1,0,1,1,1,1,1,1
9,RL,4.219507705176107,9.954739442159594,Pave,,Reg,Lvl,AllPub,Inside,Gtl,Edwards,Norm,Norm,1Fam,1Story,5,6,54,54,Gable,CompShg,Wd Sdng,Wd Sdng,,0.0,3,3,CBlock,,,,,739,,0,405,1144,GasA,3,Y,,7.042286171939743,0,0,7.042286171939743,1,0,1,0,3,1,3,6,Typ,0,,,54.0,,1,596,,,Y,44,0,0,0,0,0,,,,0,6,WD,Normal,0,1,1,0,1,1,1,1,1,1,1,1,0,1,1,1,1,1,1
8,RL,4.5217885770490405,9.575925826301496,Pave,,IR1,Lvl,AllPub,Inside,Gtl,ClearCr,Norm,Norm,1Fam,SLvl,5,4,48,48,Hip,CompShg,Wd Sdng,ImStucc,,120.0,3,3,CBlock,,,,,300,,1,468,1062,GasA,5,Y,,7.20934025660291,0,0,7.20934025660291,0,1,1,0,3,1,4,6,Min2,0,,,48.0,,1,288,,,Y,168,0,1,0,0,0,,,,0,7,WD,Abnorml,0,1,1,0,1,1,1,1,1,1,1,1,0,1,1,1,1,1,1
5,RM,3.912023005428146,9.306116859988789,Pave,,Reg,Lvl,AllPub,Corner,Gtl,OldTown,Norm,Norm,1Fam,1.5Fin,5,7,81,9,Gable,CompShg,Wd Sdng,Wd Sdng,,0.0,3,3,BrkTil,,,,,234,,1,0,926,GasA,3,Y,,6.8308742346461795,0,1,7.182352111885263,1,0,1,0,3,1,3,6,Typ,0,,,36.0,,2,484,,,Y,0,0,0,0,0,0,,,,0,4,WD,Normal,0,1,1,0,1,1,1,1,1,1,1,1,0,1,1,1,1,1,1
12,RL,4.356708826689592,10.222476801313398,Pave,,IR1,Lvl,AllPub,CulDSac,Gtl,NoRidge,Norm,Norm,1Fam,2Story,8,5,8,8,Gable,CompShg,VinylSd,VinylSd,,530.0,4,3,PConc,,,,,956,,0,130,1086,GasA,5,Y,,6.990256500493881,838,0,7.562161631225652,1,0,2,1,3,1,4,7,Typ,1,,,8.0,,2,592,,,Y,208,75,0,0,1,0,,,,0,6,WD,Normal,0,1,1,0,1,1,1,1,1,1,1,1,0,1,1,1,1,1,1
2,RL,4.219507705176107,10.105742555638766,Pave,,Reg,Lvl,AllPub,Inside,Gtl,Edwards,Norm,Norm,2fmCon,1Story,5,5,58,58,Gable,CompShg,MetalSd,MetalSd,,0.0,3,3,CBlock,,,,,1040,,0,124,1164,GasW,3,N,,7.059617628291383,0,0,7.059617628291383,1,0,1,0,3,1,3,5,Typ,0,,,58.0,,1,240,,,Y,0,48,0,0,0,0,,,,0,8,ConLD,Normal,0,1,1,0,1,1,1,1,1,1,1,1,0,1,1,1,1,1,1
9,RL,4.0943445622221,9.644797061476503,Pave,,Reg,Lvl,AllPub,Corner,Gtl,NAmes,Norm,Norm,1Fam,1Story,5,7,57,57,Gable,CompShg,HdBoard,HdBoard,,0.0,3,3,CBlock,,,,,852,,0,100,952,GasA,3,Y,,6.858565034791365,0,0,6.858565034791365,1,0,1,0,2,1,3,4,Typ,0,,,20.0,,2,840,,,Y,0,0,0,0,0,0,,,,0,6,COD,Abnorml,0,1,1,0,1,1,1,1,1,1,1,1,0,1,1,1,1,1,1
7,RM,3.912023005428146,9.251942549729462,Pave,,Reg,Lvl,AllPub,Inside,Gtl,OldTown,Norm,Norm,1Fam,2Story,8,5,136,21,Gable,CompShg,MetalSd,MetalSd,,0.0,3,4,BrkTil,,,,,259,,0,425,684,OthW,2,N,,6.843749949006225,1215,1,7.765569081097317,0,0,2,0,4,1,3,8,Typ,0,,,,,0,0,,,Y,0,54,1,0,0,0,,,,0,12,WD,Normal,0,1,1,0,1,1,1,1,1,1,1,1,1,1,1,1,1,1,1
9,RL,,10.924688080364021,Pave,,IR1,Lvl,AllPub,Corner,Gtl,Crawfor,Norm,Norm,1Fam,1Story,6,9,21,2,Hip,CompShg,Wd Sdng,Plywood,,260.0,4,4,CBlock,,,,,808,,0,72,880,GasA,5,Y,,7.426549072397305,0,0,7.426549072397305,1,0,2,0,3,1,4,5,Typ,1,,,21.0,,2,540,,,Y,292,44,0,1,0,0,,,,0,12,WD,Normal,1,1,1,0,1,1,1,1,1,1,1,1,0,1,1,1,1,1,1
2,RM,4.0943445622221,10.09703958498912,Pave,,Reg,Lvl,AllPub,Inside,Gtl,OldTown,Norm,Norm,2fmCon,1.5Fin,6,7,103,8,Gable,CompShg,Wd Sdng,Wd Sdng,,0.0,3,3,BrkTil,,,,,0,,0,482,482,GasA,5,N,,7.107425474110705,691,0,7.555905093611346,0,0,2,0,3,2,3,7,Typ,1,,,5.0,,2,672,,,Y,0,25,1,0,0,0,,,,0,4,WD,Normal,0,1,1,0,1,1,1,1,1,1,1,1,0,1,1,1,1,1,1
9,RL,,10.144248779677172,Pave,,IR1,Lvl,AllPub,CulDSac,Gtl,NAmes,Norm,Norm,1Fam,1Story,6,7,40,40,Gable,CompShg,Wd Sdng,Wd Sdng,,180.0,3,3,CBlock,,,,,578,,0,426,1004,GasA,5,Y,,6.911747300251674,0,0,6.911747300251674,1,0,1,0,2,1,3,5,Typ,1,,,40.0,,2,480,,,Y,0,0,0,0,0,0,,,,1,3,WD,Normal,1,1,1,0,1,1,1,1,1,1,1,1,0,1,1,1,1,1,1
5,RL,3.9318256327243257,9.126212393648709,Pave,,IR1,Lvl,AllPub,Inside,Mod,BrkSide,Feedr,Norm,1Fam,1.5Fin,4,7,60,56,Gable,CompShg,MetalSd,MetalSd,,0.0,3,3,CBlock,,,,,384,,0,363,747,GasA,3,Y,,6.651571873589727,456,0,7.114769448366463,1,0,1,1,3,1,3,5,Typ,0,,,60.0,,1,305,,,Y,0,57,0,0,1,0,,,,0,8,WD,Abnorml,0,1,1,0,1,1,1,1,1,1,1,1,0,1,1,1,1,1,1
0,RL,4.584967478670572,9.846745516209062,Pave,,IR1,Lvl,AllPub,Inside,Gtl,BrkSide,Norm,Norm,1Fam,1Story,5,5,87,57,Gable,CompShg,Stucco,Stucco,,0.0,3,2,BrkTil,,,,,645,,0,270,915,GasA,3,Y,,7.062191632286556,0,0,7.062191632286556,0,0,1,0,3,1,3,6,Maj1,1,,,35.0,,2,495,,,Y,0,0,1,0,1,0,,,,0,5,WD,Normal,0,1,1,0,1,1,1,1,1,1,1,1,0,1,1,1,1,1,1
0,RM,4.0943445622221,9.572714099554513,Pave,,Reg,Lvl,AllPub,FR2,Gtl,BrkSide,Feedr,Norm,1Fam,1Story,5,5,85,59,Gable,CompShg,Wd Sdng,Wd Sdng,,0.0,3,3,PConc,,,,,405,,0,740,1145,GasA,3,Y,,7.170888478512505,0,0,7.170888478512505,0,0,1,0,2,1,2,5,Min1,0,,,44.0,,2,440,,,Y,0,0,0,0,0,0,,,,0,10,WD,Normal,0,1,1,0,1,1,1,1,1,1,1,1,0,1,1,1,1,1,1
11,RL,,9.256589635670153,Pave,,IR1,Low,AllPub,Inside,Mod,ClearCr,Norm,Norm,1Fam,1Story,7,5,20,20,Gable,CompShg,Wd Sdng,Wd Sdng,,0.0,3,3,PConc,,,,,1082,,0,371,1453,GasA,4,Y,,7.2813856635702825,0,0,7.2813856635702825,1,0,1,1,2,1,4,6,Typ,1,,,20.0,,2,445,,,Y,0,80,0,0,1,0,,,,0,12,WD,Abnorml,1,1,1,0,1,1,1,1,1,1,1,1,0,1,1,1,1,1,1
9,RL,,10.163203736175637,Pave,,Reg,Lvl,AllPub,Inside,Gtl,CollgCr,Norm,Norm,1Fam,1Story,8,5,9,8,Gable,CompShg,VinylSd,VinylSd,,479.0,4,3,PConc,,,,,1358,,0,223,1581,GasA,5,Y,,7.3783837129967145,0,0,7.3783837129967145,1,0,2,0,3,1,4,6,Typ,1,,,9.0,,2,670,,,Y,180,0,0,0,0,0,,,,1,5,WD,Normal,1,1,1,0,1,1,1,1,1,1,1,1,0,1,1,1,1,1,1
9,RL,4.442651256490317,10.006351773259453,Pave,,Reg,Lvl,AllPub,Inside,Gtl,Somerst,Norm,Norm,1Fam,1Story,8,5,1,1,Hip,CompShg,VinylSd,VinylSd,,410.0,4,3,PConc,,,,,0,,0,1588,1588,GasA,5,Y,,7.370230641807081,0,0,7.370230641807081,0,0,2,0,3,1,4,7,Typ,1,,,1.0,,3,825,,,Y,144,45,0,0,0,0,,,,0,12,WD,Normal,0,1,1,0,1,1,1,1,1,1,1,1,0,1,1,1,1,1,1
2,RL,4.31748811353631,10.050511093761548,Pave,,Reg,Lvl,AllPub,Inside,Gtl,NAmes,Norm,Norm,2fmCon,SLvl,6,5,48,48,Hip,CompShg,HdBoard,HdBoard,,105.0,3,2,CBlock,,,,,513,,0,75,588,GasA,3,Y,,6.9985096422506015,0,0,6.9985096422506015,1,0,1,0,2,1,3,6,Typ,0,,,48.0,,1,264,,,Y,0,0,0,0,0,0,,,,0,3,ConLD,Normal,0,1,1,0,1,1,1,1,1,1,1,1,0,1,1,1,1,1,1
9,RL,,10.081545312349798,Pave,,IR1,Lvl,AllPub,Inside,Gtl,NAmes,Norm,Norm,1Fam,1Story,5,6,45,45,Hip,CompShg,Wd Sdng,Wd Sdng,,0.0,3,3,CBlock,,,,,915,,0,135,1050,GasA,3,Y,,6.956545443151569,0,0,6.956545443151569,1,0,1,0,3,1,3,6,Typ,0,,,45.0,,1,368,,,Y,0,319,0,0,0,0,,,,0,1,COD,Normal,1,1,1,0,1,1,1,1,1,1,1,1,0,1,1,1,1,1,1
9,RL,4.290459441148391,10.110178498744185,Pave,,Reg,HLS,AllPub,Inside,Gtl,Edwards,Norm,Norm,1Fam,1Story,4,5,42,42,Hip,CompShg,HdBoard,HdBoard,,48.0,3,3,CBlock,,,,,520,,0,440,960,GasA,3,Y,,6.866933284461882,0,0,6.866933284461882,1,0,1,0,3,1,3,6,Typ,0,,,42.0,,1,432,,,P,120,0,0,0,0,0,,,,0,5,WD,Normal,0,1,1,0,1,1,1,1,1,1,1,1,0,1,1,1,1,1,1
5,RL,3.912023005428146,9.681664318950244,Pave,,Reg,Lvl,AllPub,Inside,Gtl,Edwards,Artery,Norm,1Fam,1.5Fin,5,3,58,56,Gable,CompShg,MetalSd,MetalSd,,0.0,3,3,CBlock,,,,,0,,0,810,810,GasA,2,Y,,6.90975328164481,454,0,7.283448228756631,1,1,1,0,4,1,3,7,Typ,1,,,52.0,,1,280,,,P,0,0,0,0,0,0,,,,0,8,WD,Normal,0,1,1,0,1,1,1,1,1,1,1,1,0,1,1,1,1,1,1
9,RL,,9.902602124151455,Pave,,IR1,Lvl,AllPub,Inside,Gtl,NWAmes,PosN,Norm,1Fam,1Story,6,7,41,41,Hip,CompShg,BrkFace,BrkFace,,0.0,3,3,CBlock,,,,,0,,0,1489,1489,GasA,4,Y,,7.305860032684009,0,0,7.305860032684009,0,0,2,0,3,1,4,7,Typ,1,,,41.0,,2,462,,,Y,0,0,0,0,0,0,,,,0,8,WD,Normal,1,1,1,0,1,1,1,1,1,1,1,1,0,1,1,1,1,1,1
9,RL,4.3694478524670215,9.935531038425543,Pave,,Reg,Lvl,AllPub,Inside,Gtl,Somerst,Norm,Norm,1Fam,1Story,7,5,0,0,Hip,CompShg,CemntBd,CmentBd,,205.0,5,3,PConc,,,,,1126,,0,600,1726,GasA,5,Y,,7.453561871643373,0,0,7.453561871643373,1,0,2,0,3,1,5,8,Typ,1,,,0.0,,3,786,,,Y,171,138,0,0,1,0,,,,0,9,New,Partial,0,1,1,0,1,1,1,1,1,1,1,1,0,1,1,1,1,1,1
5,RM,4.143134726391533,10.163513689237881,Pave,,Reg,Lvl,AllPub,Inside,Gtl,OldTown,Norm,Norm,1Fam,1.5Fin,7,5,5,5,Gable,CompShg,VinylSd,VinylSd,,0.0,3,3,PConc,,,,,0,,0,1362,1362,GasA,5,Y,,7.216709486709457,720,0,7.641084249174914,0,0,2,1,3,1,4,6,Mod,0,,,5.0,,2,484,,,N,280,238,0,0,0,0,,,,0,6,WD,Normal,0,1,1,0,1,1,1,1,1,1,1,1,0,1,1,1,1,1,1
9,RL,3.912023005428146,9.751274153604616,Pave,,IR1,Lvl,AllPub,CulDSac,Gtl,Timber,Norm,Norm,1Fam,1Story,7,5,16,16,Hip,CompShg,HdBoard,HdBoard,,54.0,3,3,CBlock,,,,,1053,,0,256,1309,GasA,3,Y,,7.199678345691172,0,0,7.199678345691172,1,0,2,0,2,1,3,6,Typ,1,,,16.0,,2,484,,,Y,0,58,0,0,1,0,,,,0,7,WD,Normal,0,1,1,0,1,1,1,1,1,1,1,1,0,1,1,1,1,1,1
12,RL,,10.60191789328415,Pave,,IR1,Lvl,AllPub,Inside,Gtl,NoRidge,Norm,Norm,1Fam,2Story,8,5,11,11,Gable,CompShg,VinylSd,VinylSd,,731.0,4,3,PConc,,,,,781,,0,503,1284,GasA,5,Y,,7.177782416195197,1140,0,7.803843303538772,1,0,2,1,3,1,4,7,Typ,1,,,11.0,,3,1069,,,Y,0,126,0,0,0,0,,,,0,5,WD,Normal,1,1,1,0,1,1,1,1,1,1,1,1,0,1,1,1,1,1,1
12,RL,4.060443010546419,10.40831738639914,Pave,,IR1,Lvl,AllPub,Inside,Gtl,Gilbert,Norm,Norm,1Fam,2Story,7,5,0,0,Gable,CompShg,VinylSd,VinylSd,,0.0,4,3,PConc,,,,,0,,0,879,879,GasA,5,Y,,6.778784897685177,984,0,7.529943370601589,0,0,2,1,4,1,4,9,Typ,1,,,0.0,,3,660,,,Y,100,17,0,0,0,0,,,,0,11,New,Partial,0,1,1,0,1,1,1,1,1,1,1,1,0,1,1,1,1,1,1
6,RL,4.248495242049359,9.807633347681596,Pave,,Reg,Lvl,AllPub,Corner,Gtl,CollgCr,Norm,Norm,1Fam,SFoyer,5,7,37,2,Gable,CompShg,HdBoard,Wd Shng,,0.0,3,3,CBlock,,,,,656,,0,112,768,GasA,3,Y,,6.643789733147672,0,0,6.643789733147672,1,0,1,0,2,1,3,5,Typ,0,,,21.0,,2,396,,,Y,58,0,0,0,0,0,,,,0,3,WD,Normal,0,1,1,0,1,1,1,1,1,1,1,1,0,1,1,1,1,1,1
9,RL,3.912023005428146,9.195173128198821,Pave,,Reg,Low,AllPub,Inside,Mod,BrkSide,Norm,Norm,1Fam,1Story,1,3,61,57,Gable,CompShg,VinylSd,VinylSd,,0.0,2,2,Slab,,,,,0,,0,0,0,GasA,2,N,,5.811140992976701,0,0,5.811140992976701,0,0,1,0,1,1,2,2,Typ,0,,,,,0,0,,,N,0,0,0,0,0,0,,,,0,1,WD,Normal,0,1,1,0,1,1,1,1,1,1,1,1,1,1,1,1,1,1,1
9,RL,4.382026634673881,9.908238757791791,Pave,,Reg,Lvl,AllPub,Inside,Gtl,NAmes,Norm,Norm,1Fam,1Story,6,6,43,43,Gable,CompShg,HdBoard,HdBoard,,0.0,3,3,CBlock,,,,,892,,0,244,1136,GasA,3,Y,,7.035268599281097,0,0,7.035268599281097,1,0,1,0,3,1,3,5,Typ,1,,,43.0,,1,384,,,Y,426,0,0,0,0,0,,,,0,7,WD,Normal,0,1,1,0,1,1,1,1,1,1,1,1,0,1,1,1,1,1,1
11,RM,3.4657359027997265,9.07275123664154,Pave,,Reg,Lvl,AllPub,FR2,Gtl,Mitchel,Norm,Norm,TwnhsE,1Story,6,5,8,8,Hip,CompShg,VinylSd,VinylSd,,443.0,3,4,PConc,,,,,1201,,0,36,1237,GasA,5,Y,,7.198183577101943,0,0,7.198183577101943,1,0,2,0,2,1,3,5,Typ,0,,,8.0,,2,405,,,Y,0,199,0,0,0,0,,,,0,3,WD,Normal,0,1,1,0,1,1,1,1,1,1,1,1,0,1,1,1,1,1,1
9,RL,4.189654742026425,9.714424203840492,Pave,,IR1,Lvl,AllPub,Inside,Gtl,NAmes,Norm,Norm,1Fam,1Story,5,5,42,42,Gable,CompShg,Wd Sdng,Wd Sdng,,0.0,3,3,CBlock,,,,,312,,1,0,912,GasA,3,Y,,6.815639990074331,0,0,6.815639990074331,0,0,1,0,2,1,3,5,Typ,0,,,42.0,,1,288,,,Y,0,0,0,0,0,0,,,,0,11,WD,Abnorml,0,1,1,0,1,1,1,1,1,1,1,1,0,1,1,1,1,1,1
12,RL,4.23410650459726,9.682436481017549,Pave,,Reg,Lvl,AllPub,Inside,Gtl,NAmes,PosN,Norm,1Fam,2Story,5,5,45,45,Gable,CompShg,VinylSd,VinylSd,,288.0,3,3,CBlock,,,,,540,,0,324,864,GasA,3,Y,,6.775366090936392,936,0,7.502186486602924,0,0,2,0,4,1,3,8,Typ,1,,,45.0,,1,264,,,Y,0,168,0,0,0,0,,,,0,7,WD,Normal,0,1,1,0,1,1,1,1,1,1,1,1,0,1,1,1,1,1,1
10,RL,4.0943445622221,9.801361141894677,Pave,,Reg,Bnk,AllPub,Inside,Mod,SWISU,Norm,Norm,1Fam,2.5Fin,5,8,69,11,Gable,CompShg,Wd Sdng,Wd Sdng,,0.0,3,3,PConc,,,,,378,,0,342,720,GasA,5,Y,,6.9584483932976555,720,1,7.692569648067906,0,0,2,1,4,1,4,8,Typ,1,,,69.0,,1,240,,,Y,262,24,0,0,0,0,,,,0,7,WD,Normal,0,1,1,0,1,1,1,1,1,1,1,1,0,1,1,1,1,1,1
5,RL,4.060443010546419,9.802757812481392,Pave,,Reg,Lvl,AllPub,FR2,Gtl,Edwards,Feedr,Norm,1Fam,1.5Fin,5,3,96,10,Gambrel,CompShg,Wd Sdng,VinylSd,,0.0,3,2,PConc,,,,,0,,0,658,658,GasA,3,Y,,6.489204931325317,526,0,7.076653815443951,0,0,1,0,5,1,3,8,Typ,0,,,,,0,0,,,N,0,151,0,0,0,0,,,,0,5,WD,AdjLand,0,1,1,0,1,1,1,1,1,1,1,1,1,1,1,1,1,1,1
2,RM,4.0943445622221,10.02039976638097,Pave,,IR1,Bnk,AllPub,Inside,Gtl,OldTown,Feedr,Norm,2fmCon,2.5Unf,7,4,97,57,Hip,CompShg,Wd Sdng,Wd Sdng,,0.0,2,3,CBlock,,,,,0,,0,925,925,GasA,3,N,,6.871091294610546,925,0,7.543802867501509,0,0,1,1,4,2,3,9,Typ,1,,,47.0,,1,308,,,N,0,0,1,0,0,0,,,,0,1,WD,Normal,0,1,1,0,1,1,1,1,1,1,1,1,0,1,1,1,1,1,1
9,RL,4.31748811353631,9.65083635498207,Pave,,Reg,Lvl,AllPub,Corner,Gtl,NAmes,Norm,Norm,1Fam,1Story,5,6,48,5,Gable,CompShg,MetalSd,MetalSd,,0.0,3,3,CBlock,,,,,405,,0,658,1063,GasA,4,Y,,7.190676034332207,0,0,7.190676034332207,1,0,1,0,3,1,4,7,Typ,0,,,33.0,,2,624,,,Y,0,0,0,0,0,0,,,,0,7,WD,Normal,0,1,1,0,1,1,1,1,1,1,1,1,0,1,1,1,1,1,1
9,RL,4.356708826689592,10.230222288016106,Pave,,IR1,Lvl,AllPub,Inside,Gtl,NWAmes,Norm,Norm,1Fam,1Story,6,6,27,27,Gable,CompShg,MetalSd,MetalSd,,210.0,3,4,CBlock,,,,,588,,1,606,1422,GasA,3,Y,,7.259819610363186,0,0,7.259819610363186,0,0,2,0,3,1,4,7,Typ,1,,,27.0,,2,576,,,Y,276,0,0,0,0,0,,,,0,6,WD,Normal,0,1,1,0,1,1,1,1,1,1,1,1,0,1,1,1,1,1,1
3,RL,4.605170185988092,11.09419244704531,Pave,,Reg,Low,AllPub,Inside,Gtl,Mitchel,Norm,Norm,Duplex,1Story,5,4,40,40,Gable,CompShg,HdBoard,Plywood,,0.0,3,3,CBlock,,,,,0,,0,1632,1632,GasA,3,Y,,7.397561535524052,0,0,7.397561535524052,0,0,2,0,4,2,3,8,Typ,0,,,40.0,,2,576,,,P,0,0,0,0,0,0,,,,0,6,WD,Normal,0,1,1,0,1,1,1,1,1,1,1,1,0,1,1,1,1,1,1
9,RL,4.31748811353631,9.97654550735469,Pave,,Reg,Lvl,AllPub,Inside,Gtl,CollgCr,Norm,Norm,1Fam,1Story,7,5,9,8,Gable,CompShg,VinylSd,VinylSd,,171.0,4,3,PConc,,,,,0,,0,1630,1630,GasA,5,Y,,7.396335293800808,0,0,7.396335293800808,0,0,2,0,3,1,4,6,Typ,1,,,9.0,,2,451,,,Y,74,234,0,0,0,0,,,,0,10,WD,Normal,0,1,1,0,1,1,1,1,1,1,1,1,0,1,1,1,1,1,1
5,C (all),4.653960350157523,9.811103737785912,Pave,,IR1,Lvl,AllPub,Corner,Gtl,IDOTRR,Feedr,Feedr,1Fam,1.5Fin,3,2,94,27,Hip,CompShg,Plywood,Plywood,,0.0,2,2,CBlock,,,,,0,,0,1013,1013,GasA,3,N,,6.920671504248683,0,1,7.330405211844402,0,0,1,0,2,1,2,6,Typ,0,,,,,0,0,,,N,0,0,1,0,0,0,,,,0,10,ConLD,Abnorml,0,1,1,0,1,1,1,1,1,1,1,1,1,1,1,1,1,1,1
3,RL,4.0943445622221,9.620654483038743,Pave,,Reg,Lvl,AllPub,Inside,Gtl,NAmes,Norm,Norm,Duplex,1Story,4,5,60,59,Gable,CompShg,BrkFace,Stone,,0.0,3,3,Slab,,,,,0,,0,0,0,Wall,2,N,,6.946975992135418,0,0,6.946975992135418,0,0,2,0,2,2,3,6,Typ,0,,,53.0,,2,420,,,Y,0,0,0,0,0,0,,,,0,6,WD,Normal,0,1,1,0,1,1,1,1,1,1,1,1,0,1,1,1,1,1,1
7,RL,4.189654742026425,9.563709027171733,Pave,,Reg,Bnk,AllPub,Corner,Gtl,SWISU,Norm,Norm,1Fam,2Story,6,4,95,60,Gable,CompShg,Wd Sdng,Wd Sdng,,0.0,3,3,PConc,,,,,0,,0,806,806,GasA,3,N,,6.734591659972948,806,0,7.4067107301776405,1,0,1,1,4,1,2,6,Typ,0,,,90.0,,1,216,,,Y,0,66,1,0,0,0,,,,0,5,WD,Normal,0,1,1,0,1,1,1,1,1,1,1,1,0,1,1,1,1,1,1
5,RL,4.174387269895637,9.715025249850559,Pave,,Reg,Lvl,AllPub,Inside,Gtl,SWISU,Norm,Norm,1Fam,1.5Fin,4,3,81,59,Gable,CompShg,WdShing,Plywood,,0.0,3,3,BrkTil,,,,,622,,0,500,1122,GasA,3,Y,,7.191429330036379,653,0,7.591357046698551,1,0,2,0,4,1,4,7,Min2,2,,,28.0,,2,576,,,Y,431,44,0,0,0,0,,,,0,12,WD,Normal,0,1,1,0,1,1,1,1,1,1,1,1,0,1,1,1,1,1,1
9,RL,4.382026634673881,9.95829931831355,Pave,,Reg,Lvl,AllPub,Inside,Gtl,NAmes,Norm,Norm,1Fam,1Story,6,5,56,56,Hip,CompShg,HdBoard,HdBoard,,238.0,3,3,CBlock,,,,,1285,,0,131,1416,GasA,3,Y,,7.404887575616125,0,0,7.404887575616125,1,0,1,0,3,1,3,7,Typ,2,,,56.0,,2,418,,,Y,110,0,0,0,0,0,,,,0,10,WD,Normal,0,1,1,0,1,1,1,1,1,1,1,1,0,1,1,1,1,1,1
12,RL,4.23410650459726,9.956827548802483,Pave,,IR1,Lvl,AllPub,Inside,Gtl,CollgCr,Norm,Norm,1Fam,2Story,8,5,0,0,Gable,CompShg,CemntBd,CmentBd,,270.0,4,3,PConc,,,,,0,,0,1482,1482,GasA,5,Y,,7.301147805856032,1092,0,7.853216388156072,0,0,2,1,3,1,5,10,Typ,1,,,0.0,,3,868,,,Y,0,148,0,0,0,0,,,,0,11,New,Partial,0,1,1,0,1,1,1,1,1,1,1,1,0,1,1,1,1,1,1
7,RL,4.0943445622221,10.362002785998127,Pave,,Reg,Lvl,AllPub,Inside,Gtl,BrkSide,Norm,Norm,1Fam,2Story,6,6,88,57,Gambrel,CompShg,Wd Sdng,Wd Sdng,,0.0,3,3,PConc,,,,,0,,0,764,764,GasA,5,Y,,6.966024187106113,764,0,7.508787170634276,0,0,1,0,3,1,3,8,Typ,1,,,67.0,,2,520,,,N,0,0,1,0,0,0,,,,0,7,WD,Normal,0,1,1,0,1,1,1,1,1,1,1,1,0,1,1,1,1,1,1
8,RL,4.406719247264253,9.885010076007845,Pave,,Reg,Lvl,AllPub,Corner,Gtl,NAmes,Feedr,Norm,1Fam,SLvl,6,5,44,44,Gable,WdShngl,Plywood,Wd Sdng,,259.0,3,3,CBlock,,,,,624,,1,288,1248,GasA,3,Y,,7.2078598714324755,0,0,7.2078598714324755,1,0,1,1,3,1,3,6,Typ,0,,,44.0,,2,520,,,Y,176,0,0,0,0,0,,,,0,6,WD,Normal,0,1,1,0,1,1,1,1,1,1,1,1,0,1,1,1,1,1,1
11,RL,,9.178305896628084,Pave,,IR1,Lvl,AllPub,Inside,Gtl,NPkVill,Norm,Norm,TwnhsE,1Story,6,6,33,33,Gable,CompShg,Plywood,Plywood,,0.0,3,3,CBlock,,,,,958,,0,0,958,GasA,3,Y,,6.86484777797086,0,0,6.86484777797086,0,0,2,0,2,1,3,5,Typ,0,,,33.0,,2,440,,,Y,0,60,0,0,0,0,,,,0,10,WD,Normal,1,1,1,0,1,1,1,1,1,1,1,1,0,1,1,1,1,1,1
5,RL,4.1588830833596715,10.32083707046828,Pave,,Reg,Bnk,AllPub,Inside,Gtl,BrkSide,Norm,Norm,1Fam,1.5Fin,6,7,85,8,Gambrel,CompShg,Wd Sdng,Wd Sdng,,0.0,3,3,BrkTil,,,,,0,,0,833,833,GasA,4,Y,,6.959398512133975,795,0,7.521859252201629,0,0,1,1,4,1,4,8,Typ,1,,,86.0,,2,370,,,N,0,0,0,0,1,0,,,,0,6,WD,Normal,0,1,1,0,1,1,1,1,1,1,1,1,0,1,1,1,1,1,1
9,RL,,10.005291508932173,Pave,,IR1,Lvl,AllPub,Corner,Gtl,Sawyer,Feedr,Norm,1Fam,1Story,4,4,33,16,Gable,CompShg,Plywood,Plywood,,0.0,3,3,CBlock,,,,,1116,,0,165,1281,GasA,5,Y,,7.3901814282264295,0,0,7.3901814282264295,1,0,2,0,3,1,3,8,Min1,1,,,16.0,,2,490,,,Y,120,78,0,0,0,0,,,,0,6,WD,Normal,1,1,1,0,1,1,1,1,1,1,1,1,0,1,1,1,1,1,1
9,RL,,9.9143576958364,Pave,,IR1,Lvl,AllPub,Inside,Gtl,Gilbert,Norm,Norm,1Fam,1Story,6,6,17,17,Gable,CompShg,HdBoard,HdBoard,,106.0,3,3,PConc,,,,,560,,0,598,1158,GasA,4,Y,,7.062191632286556,0,0,7.062191632286556,1,0,2,0,3,1,4,6,Typ,0,,,17.0,,2,400,,,Y,120,26,0,0,0,0,,,,0,7,WD,Normal,1,1,1,0,1,1,1,1,1,1,1,1,0,1,1,1,1,1,1
5,RL,3.9512437185814275,9.848090195903323,Pave,,Reg,Lvl,AllPub,Inside,Gtl,Edwards,Norm,Norm,1Fam,1.5Fin,6,4,65,60,Gable,CompShg,VinylSd,VinylSd,,0.0,3,3,CBlock,,,,,94,,0,641,735,GasA,3,Y,,6.682108597449809,689,0,7.304515946460155,0,0,1,1,3,1,3,7,Typ,1,,,61.0,,1,220,,,Y,0,140,0,0,0,0,,,,0,4,WD,Normal,0,1,1,0,1,1,1,1,1,1,1,1,0,1,1,1,1,1,1
9,RL,4.174387269895637,9.612497065794608,Pave,,Reg,Lvl,AllPub,Inside,Gtl,NAmes,Norm,Norm,1Fam,1Story,5,5,42,42,Gable,CompShg,HdBoard,HdBoard,,60.0,3,3,CBlock,,,,,432,,0,460,892,GasA,3,Y,,6.79346613258001,0,0,6.79346613258001,0,0,1,0,3,1,3,5,Typ,0,,,42.0,,1,288,,,Y,0,0,0,0,0,0,,,,0,7,WD,Normal,0,1,1,0,1,1,1,1,1,1,1,1,0,1,1,1,1,1,1
0,RM,4.0943445622221,9.620654483038743,Pave,,Reg,Lvl,AllPub,Corner,Gtl,OldTown,Norm,Norm,1Fam,1Story,5,7,70,18,Gable,CompShg,MetalSd,MetalSd,,294.0,3,4,CBlock,,,,,510,,0,278,788,GasA,3,Y,,6.6895992691789665,0,0,6.6895992691789665,1,0,1,0,2,1,4,4,Typ,2,,,70.0,,1,240,,,Y,0,0,1,0,0,0,,,,0,2,WD,Abnorml,0,1,1,0,1,1,1,1,1,1,1,1,0,1,1,1,1,1,1
9,RL,4.499809670330265,10.64923972378524,Pave,,Reg,Lvl,AllPub,Inside,Gtl,Mitchel,Norm,Norm,1Fam,1Story,5,5,0,0,Gable,CompShg,VinylSd,VinylSd,,0.0,3,3,PConc,,,,,0,,0,1140,1140,GasA,5,Y,,7.038783541388542,0,0,7.038783541388542,0,0,1,0,3,1,3,6,Typ,0,,,,,0,0,,,Y,36,56,0,0,0,0,,,,0,7,WD,Abnorml,0,1,1,0,1,1,1,1,1,1,1,1,1,1,1,1,1,1,1
12,RL,4.2626798770413155,9.59700830397419,Pave,,Reg,Lvl,AllPub,Inside,Gtl,NAmes,Norm,Norm,1Fam,2Story,6,5,45,45,Hip,CompShg,HdBoard,HdBoard,,415.0,3,3,CBlock,,,,,400,,0,380,780,GasA,3,Y,,6.890609120147166,813,0,7.493317248862145,1,0,1,1,4,1,3,8,Typ,1,,,45.0,,2,483,,,Y,0,50,0,0,0,0,,,,0,10,WD,Normal,0,1,1,0,1,1,1,1,1,1,1,1,0,1,1,1,1,1,1
12,RL,,10.225914500640005,Pave,,IR1,Lvl,AllPub,Inside,Gtl,NWAmes,Norm,Norm,1Fam,2Story,6,6,31,31,Gable,CompShg,Plywood,Plywood,,298.0,3,3,CBlock,,,,,156,,0,692,848,GasA,3,Y,,7.0192966537150445,912,0,7.615791072035833,0,0,2,1,4,1,4,8,Typ,1,,,31.0,,2,551,,,Y,0,224,0,0,0,0,,,,0,6,WD,Normal,1,1,1,0,1,1,1,1,1,1,1,1,0,1,1,1,1,1,1
12,FV,4.442651256490317,10.1190015268041,Pave,,Reg,Lvl,AllPub,Inside,Gtl,Somerst,Norm,Norm,1Fam,2Story,10,5,1,1,Gable,CompShg,VinylSd,VinylSd,,160.0,5,3,PConc,,,,,765,,0,252,1017,GasA,5,Y,,6.933423025730715,981,0,7.604396348796338,1,0,2,1,3,1,5,10,Typ,1,,,1.0,,3,812,,,Y,168,52,0,0,0,0,,,,0,4,WD,Normal,0,1,1,0,1,1,1,1,1,1,1,1,0,1,1,1,1,1,1
0,RL,4.0943445622221,9.284743197764715,Pave,,Reg,Lvl,AllPub,Corner,Gtl,OldTown,Norm,Norm,1Fam,1Story,5,6,87,57,Gable,CompShg,Wd Sdng,Wd Sdng,,0.0,3,3,BrkTil,,,,,0,,0,691,691,GasA,5,Y,,6.53813982376767,0,0,6.53813982376767,0,0,1,0,2,1,5,4,Typ,0,,,87.0,,1,216,,,N,0,20,1,0,0,0,,,,0,1,WD,Abnorml,0,1,1,0,1,1,1,1,1,1,1,1,0,1,1,1,1,1,1
12,FV,4.31748811353631,9.882401061887073,Pave,,Reg,Lvl,AllPub,Inside,Gtl,Somerst,Norm,Norm,1Fam,2Story,8,5,1,1,Gable,CompShg,VinylSd,VinylSd,,0.0,4,3,PConc,,,,,0,,0,768,768,GasA,5,Y,,6.666956792429207,804,0,7.371489295214277,0,0,2,1,3,1,4,6,Typ,0,,,1.0,,2,676,,,Y,0,30,0,0,0,0,,,,0,6,WD,Normal,0,1,1,0,1,1,1,1,1,1,1,1,0,1,1,1,1,1,1
5,RL,4.31748811353631,9.94907095485396,Pave,,Reg,Lvl,AllPub,Inside,Gtl,Edwards,Norm,Norm,1Fam,1.5Fin,6,4,52,34,Gable,CompShg,Wd Sdng,Wd Sdng,,0.0,3,3,CBlock,,,,,444,,0,550,994,GasA,4,Y,,7.103322062526113,639,0,7.5256399750415355,0,0,2,0,4,1,3,7,Typ,0,,,52.0,,1,325,,,Y,182,0,0,0,0,0,,,,0,10,WD,Normal,0,1,1,0,1,1,1,1,1,1,1,1,0,1,1,1,1,1,1
12,RL,4.0943445622221,9.668460516349608,Pave,,Reg,Lvl,AllPub,Inside,Gtl,Gilbert,Norm,Norm,1Fam,2Story,7,5,11,11,Gable,CompShg,VinylSd,VinylSd,,0.0,3,3,PConc,,,,,0,,0,994,994,GasA,4,Y,,6.93537044601511,776,0,7.4977617006225685,0,0,2,1,3,1,4,7,Typ,1,,,11.0,,2,442,,,Y,140,60,0,0,0,0,,,,0,6,WD,Normal,0,1,1,0,1,1,1,1,1,1,1,1,0,1,1,1,1,1,1
12,RL,4.174387269895637,9.767054201175956,Pave,,Reg,Lvl,AllPub,Inside,Gtl,CollgCr,Norm,Norm,1Fam,2Story,7,5,5,5,Gable,CompShg,VinylSd,VinylSd,,252.0,4,3,PConc,,,,,550,,0,334,884,GasA,5,Y,,6.784457062637643,884,0,7.477604243197589,1,0,2,1,3,1,4,8,Typ,0,,,5.0,,2,543,,,Y,0,63,0,0,0,0,,,,0,7,WD,Normal,0,1,1,0,1,1,1,1,1,1,1,1,0,1,1,1,1,1,1
12,RL,4.770684624465665,11.524007690945295,Pave,,IR1,Lvl,AllPub,CulDSac,Gtl,NoRidge,Norm,Norm,1Fam,2Story,10,5,11,10,Hip,CompShg,HdBoard,HdBoard,,1378.0,4,4,PConc,,,,,1387,,0,543,1930,GasA,5,Y,,7.5126175446745105,1796,0,8.196161139282902,1,0,3,1,4,1,4,10,Typ,1,,,11.0,,3,807,,,Y,361,76,0,0,0,0,,,,0,7,WD,Normal,0,1,1,0,1,1,1,1,1,1,1,1,0,1,1,1,1,1,1
9,RL,,10.13993712096363,Pave,,Reg,Lvl,AllPub,Inside,Gtl,SawyerW,Norm,Norm,1Fam,1Story,6,5,21,21,Gable,CompShg,Wd Sdng,Wd Shng,,85.0,4,3,CBlock,,,,,1258,,0,40,1298,GasA,3,Y,,7.168579897264035,0,0,7.168579897264035,1,0,2,0,3,1,4,5,Typ,1,,,21.0,,2,403,,,Y,165,26,0,0,0,0,,,,0,5,WD,Normal,1,1,1,0,1,1,1,1,1,1,1,1,0,1,1,1,1,1,1
9,RL,4.605170185988092,10.532226701846035,Pave,,IR1,Lvl,AllPub,Inside,Gtl,Crawfor,Norm,Norm,1Fam,1Story,7,8,51,13,Gable,CompShg,BrkFace,Wd Sdng,,0.0,3,3,CBlock,,,,,1247,,0,254,1501,GasA,3,Y,,7.496097345175956,0,0,7.496097345175956,1,0,2,0,1,1,3,6,Typ,2,,,51.0,,2,484,,,Y,0,54,0,0,1,0,,,,0,3,WD,Normal,0,1,1,0,1,1,1,1,1,1,1,1,0,1,1,1,1,1,1
1,RM,3.044522437723423,7.834795564944398,Pave,,Reg,Lvl,AllPub,Inside,Gtl,MeadowV,Norm,Norm,Twnhs,SFoyer,5,7,36,36,Gable,CompShg,CemntBd,CmentBd,,0.0,3,3,CBlock,,,,,553,,0,77,630,GasA,5,Y,,6.4457198193855785,0,0,6.4457198193855785,1,0,1,0,1,1,5,3,Typ,0,,,,,0,0,,,Y,0,0,0,0,0,0,,,,0,8,WD,Abnorml,0,1,1,0,1,1,1,1,1,1,1,1,1,1,1,1,1,1,1
0,RM,3.912023005428146,9.407566278407877,Pave,,Reg,Lvl,AllPub,Inside,Gtl,OldTown,Artery,Norm,1Fam,1Story,6,6,81,26,Gable,CompShg,MetalSd,MetalSd,,0.0,3,4,BrkTil,,,,,397,,0,706,1103,GasA,4,Y,,7.005789019253503,0,0,7.005789019253503,0,0,1,0,2,1,4,5,Typ,1,,,30.0,,2,440,,,Y,166,120,0,0,0,0,,,,0,7,WD,Normal,0,1,1,0,1,1,1,1,1,1,1,1,0,1,1,1,1,1,1
5,C (all),4.189654742026425,9.844186452380967,Pave,,Reg,HLS,AllPub,Inside,Mod,IDOTRR,Norm,Norm,1Fam,1.5Fin,4,7,110,60,Gable,CompShg,MetalSd,MetalSd,,0.0,3,3,Stone,,,,,0,,0,859,859,GasA,4,Y,,6.755768921984255,319,0,7.071573364211532,0,0,1,0,2,1,3,7,Typ,0,,,46.0,,1,384,,,N,68,0,1,0,0,0,,,,0,1,WD,Abnorml,0,1,1,0,1,1,1,1,1,1,1,1,0,1,1,1,1,1,1
0,RM,3.6888794541139363,9.147713198924293,Pave,,Reg,Lvl,AllPub,Inside,Gtl,IDOTRR,Norm,Norm,1Fam,1Story,4,7,91,17,Gable,CompShg,MetalSd,MetalSd,,0.0,3,3,CBlock,,,,,197,,0,999,1196,GasA,5,Y,,7.086737934510577,0,0,7.086737934510577,1,0,1,0,2,1,3,5,Typ,0,,,50.0,,2,440,,,Y,0,0,0,0,0,0,,,,0,7,WD,Normal,0,1,1,0,1,1,1,1,1,1,1,1,0,1,1,1,1,1,1
9,FV,4.276666119016055,9.834438950595139,Pave,,Reg,Lvl,AllPub,Inside,Gtl,Somerst,Norm,Norm,1Fam,1Story,7,5,1,0,Gable,CompShg,VinylSd,VinylSd,,0.0,4,3,PConc,,,,,0,,0,1372,1372,GasA,5,Y,,7.22402480828583,0,0,7.22402480828583,0,0,2,0,3,1,4,6,Typ,0,,,0.0,,2,529,,,Y,0,140,0,0,0,0,,,,0,5,New,Partial,0,1,1,0,1,1,1,1,1,1,1,1,0,1,1,1,1,1,1
8,RL,4.61512051684126,9.901831431853756,Pave,,IR1,Lvl,AllPub,Corner,Gtl,NAmes,Norm,Norm,1Fam,SLvl,6,5,46,46,Gable,Tar&Grv,Plywood,Plywood,,305.0,3,3,CBlock,,,,,371,,0,728,1099,GasA,4,Y,,7.266128779556451,0,0,7.266128779556451,0,1,1,0,3,1,3,6,Typ,1,,,46.0,,1,296,,,Y,64,110,0,0,0,0,,,,0,12,WD,Normal,0,1,1,0,1,1,1,1,1,1,1,1,0,1,1,1,1,1,1
9,RL,4.143134726391533,9.81525495090965,Pave,,Reg,Lvl,AllPub,FR2,Gtl,CollgCr,Norm,Norm,1Fam,1Story,7,5,3,3,Gable,CompShg,VinylSd,VinylSd,,106.0,4,3,PConc,,,,,0,,0,1422,1422,GasA,5,Y,,7.259819610363186,0,0,7.259819610363186,0,0,2,0,3,1,4,7,Typ,0,,,3.0,,2,626,,,Y,192,60,0,0,0,0,,,,0,11,WD,Normal,0,1,1,0,1,1,1,1,1,1,1,1,0,1,1,1,1,1,1
12,RL,,12.002072980643472,Pave,,IR2,Low,AllPub,Corner,Mod,ClearCr,Feedr,Norm,1Fam,2Story,6,5,15,15,Gable,CompShg,HdBoard,HdBoard,,0.0,4,3,PConc,,,,,985,,0,595,1580,GasA,5,Y,,6.983789965258135,874,0,7.577121930876679,1,0,2,1,3,1,4,9,Typ,2,,,15.0,,2,501,,,Y,216,231,0,0,0,0,,,,0,6,WD,Normal,1,1,1,0,1,1,1,1,1,1,1,1,0,1,1,1,1,1,1
9,RM,4.382026634673881,9.821592279602845,Pave,,Reg,Lvl,AllPub,Corner,Gtl,Edwards,Norm,Norm,1Fam,1Story,4,5,7,6,Gable,CompShg,VinylSd,VinylSd,,0.0,3,3,PConc,,,,,0,,0,1121,1121,GasA,5,Y,,7.02197642307216,0,0,7.02197642307216,0,0,2,0,2,1,3,5,Typ,0,,,7.0,,2,440,,,Y,132,64,0,0,0,0,,,,0,3,WD,Normal,0,1,1,0,1,1,1,1,1,1,1,1,0,1,1,1,1,1,1
12,RL,4.330733340286331,9.9571956607142,Pave,,Reg,Lvl,AllPub,Inside,Gtl,NridgHt,Norm,Norm,1Fam,2Story,8,5,3,2,Gable,CompShg,VinylSd,VinylSd,,344.0,4,3,PConc,,,,,0,,0,1143,1143,GasA,5,Y,,7.04141166379481,1330,0,7.813187267521416,0,0,2,1,4,1,4,9,Typ,1,,,3.0,,3,852,,,Y,192,151,0,0,0,0,,,,0,10,WD,Normal,0,1,1,0,1,1,1,1,1,1,1,1,0,1,1,1,1,1,1
9,RL,4.248495242049359,9.655898460550324,Pave,,Reg,Lvl,AllPub,Inside,Gtl,Sawyer,Norm,Norm,1Fam,1Story,5,5,45,45,Hip,CompShg,MetalSd,MetalSd,,0.0,3,3,CBlock,,,,,417,,0,640,1057,GasA,3,Y,,6.963189985870238,0,0,6.963189985870238,0,0,1,0,3,1,3,6,Typ,0,,,30.0,,2,576,,,Y,0,0,0,0,0,0,,,,0,4,WD,Normal,0,1,1,0,1,1,1,1,1,1,1,1,0,1,1,1,1,1,1
6,RL,,9.89551880238392,Pave,,IR1,Lvl,AllPub,Corner,Gtl,Mitchel,Norm,Norm,1Fam,SFoyer,5,6,31,31,Gable,CompShg,Plywood,Plywood,,104.0,3,4,PConc,,,,,1097,,0,0,1097,GasA,5,Y,,7.01211529430638,0,0,7.01211529430638,1,0,1,0,1,1,4,4,Typ,1,,,31.0,,2,602,,,Y,303,30,0,0,0,0,,,,0,7,WD,Normal,1,1,1,0,1,1,1,1,1,1,1,1,0,1,1,1,1,1,1
12,RL,4.5217885770490405,10.197933029434035,Pave,,IR1,Lvl,AllPub,CulDSac,Gtl,NoRidge,Norm,Norm,1Fam,2Story,8,7,11,3,Gable,CompShg,VinylSd,VinylSd,,348.0,4,3,PConc,,,,,524,,0,628,1152,GasA,5,Y,,7.059617628291383,1106,0,7.727535110475448,0,0,2,1,4,1,4,9,Typ,1,,,11.0,,3,671,,,Y,132,57,0,0,0,0,,,,0,4,WD,Normal,0,1,1,0,1,1,1,1,1,1,1,1,0,1,1,1,1,1,1
9,RL,4.48863636973214,10.335342894561952,Pave,,IR1,HLS,AllPub,Inside,Gtl,Timber,Norm,Norm,1Fam,1Story,9,5,2,1,Hip,CompShg,Stucco,CmentBd,,0.0,5,3,PConc,,,,,0,,0,2002,2002,GasA,5,Y,,7.609862200913554,0,0,7.609862200913554,0,0,2,0,3,1,5,10,Typ,1,,,1.0,,3,746,,,Y,144,76,0,0,0,0,,,,0,5,WD,Normal,0,1,1,0,1,1,1,1,1,1,1,1,0,1,1,1,1,1,1
12,RL,,10.182982976590424,Pave,,IR1,Lvl,AllPub,CulDSac,Gtl,Sawyer,Norm,Norm,1Fam,2Story,6,5,32,32,Hip,CompShg,HdBoard,HdBoard,,328.0,3,3,CBlock,,,,,438,,0,234,672,GasA,3,Y,,6.51025834052315,714,0,7.234177179749849,0,0,2,1,3,1,3,6,Typ,1,,,32.0,,2,440,,,Y,335,0,0,0,0,0,,,,0,4,WD,Abnorml,1,1,1,0,1,1,1,1,1,1,1,1,0,1,1,1,1,1,1
12,FV,4.442651256490317,10.07210724144165,Pave,,Reg,Lvl,AllPub,Inside,Gtl,Somerst,Norm,Norm,1Fam,2Story,8,5,4,3,Gable,CompShg,VinylSd,VinylSd,,0.0,4,3,PConc,,,,,0,,0,1082,1082,GasA,5,Y,,6.9865664594064265,871,0,7.577121930876679,0,0,2,1,3,1,4,9,Typ,1,,,4.0,,3,1043,,,Y,160,50,0,0,0,0,,,,0,5,WD,Normal,0,1,1,0,1,1,1,1,1,1,1,1,0,1,1,1,1,1,1
11,RL,3.713572066704308,9.283664336584271,Pave,,IR1,HLS,AllPub,Inside,Gtl,StoneBr,Norm,Norm,TwnhsE,1Story,8,5,15,15,Gable,CompShg,HdBoard,HdBoard,,0.0,4,3,PConc,,,,,733,,0,604,1337,GasA,4,Y,,7.198183577101943,0,0,7.198183577101943,1,0,2,0,2,1,4,5,Typ,1,,,15.0,,2,462,,,Y,96,0,1,1,0,0,,,,0,10,WD,Normal,0,1,1,0,1,1,1,1,1,1,1,1,0,1,1,1,1,1,1
12,RL,,10.118679872872166,Pave,,Reg,Lvl,AllPub,FR2,Gtl,NoRidge,Norm,Norm,1Fam,2Story,8,5,7,7,Gable,CompShg,VinylSd,VinylSd,,72.0,4,3,PConc,,,,,0,,0,969,969,GasA,5,Y,,6.904750769961838,1288,0,7.734121303328305,0,0,2,1,4,1,4,8,Typ,1,,,7.0,,3,648,,,Y,0,56,0,0,0,0,,,,0,6,WD,Normal,1,1,1,0,1,1,1,1,1,1,1,1,0,1,1,1,1,1,1
9,RL,4.3694478524670215,10.079109627081355,Pave,,Reg,Lvl,AllPub,Inside,Gtl,CollgCr,Norm,Norm,1Fam,1Story,8,5,2,1,Hip,CompShg,VinylSd,VinylSd,,336.0,4,3,PConc,,,,,1288,,0,417,1705,GasA,5,Y,,7.4489161025442,0,0,7.4489161025442,1,0,2,0,3,1,4,7,Typ,1,,,2.0,,3,826,,,Y,208,44,0,0,0,0,,,,0,9,WD,Normal,0,1,1,0,1,1,1,1,1,1,1,1,0,1,1,1,1,1,1
8,RL,4.442651256490317,10.351886608409881,Pave,,Reg,Lvl,AllPub,Inside,Gtl,NAmes,Norm,Norm,1Fam,SLvl,5,5,40,40,Gable,CompShg,VinylSd,VinylSd,,1047.0,3,3,CBlock,,,,,516,,1,380,1024,GasA,3,Y,,6.990256500493881,0,0,6.990256500493881,1,0,1,0,3,1,3,6,Typ,1,,,40.0,,2,484,,,Y,0,0,0,0,0,0,,,,0,6,WD,Normal,0,1,1,0,1,1,1,1,1,1,1,1,0,1,1,1,1,1,1
11,RL,3.970291913552122,8.84091105963871,Pave,,Reg,Lvl,AllPub,Inside,Gtl,Blmngtn,Norm,Norm,TwnhsE,1Story,7,5,2,2,Hip,CompShg,VinylSd,VinylSd,,130.0,4,3,PConc,,,,,0,,0,1373,1373,GasA,5,Y,,7.349230824613334,0,0,7.349230824613334,0,0,2,0,2,1,4,7,Typ,1,,,2.0,,3,660,,,Y,143,20,0,0,0,0,,,,0,6,WD,Normal,0,1,1,0,1,1,1,1,1,1,1,1,0,1,1,1,1,1,1
9,RL,4.605170185988092,10.668627767426461,Pave,,Reg,Lvl,AllPub,Inside,Gtl,Crawfor,PosA,Norm,1Fam,1Story,7,8,51,8,Gable,CompShg,BrkFace,HdBoard,,0.0,4,4,PConc,,,,,1406,,0,496,1902,GasA,3,Y,,7.550661243105336,0,0,7.550661243105336,1,0,2,0,3,1,5,7,Typ,2,,,51.0,,2,567,,,Y,0,207,1,0,0,0,,,,0,5,WD,Normal,0,1,1,0,1,1,1,1,1,1,1,1,0,1,1,1,1,1,1
12,RL,,10.136772416032768,Pave,,IR2,Lvl,AllPub,Corner,Gtl,Timber,Norm,Norm,1Fam,2Story,7,5,16,15,Gable,CompShg,MetalSd,MetalSd,,0.0,3,3,Wood,,,,,1216,,0,0,1216,GasA,5,Y,,7.168579897264035,1216,0,7.829630389150193,0,0,2,1,4,1,3,8,Typ,0,,,16.0,,2,693,,,Y,0,0,0,0,0,0,,,,0,4,WD,Normal,1,1,1,0,1,1,1,1,1,1,1,1,0,1,1,1,1,1,1
3,RL,4.1588830833596715,9.590689294342361,Pave,,Reg,Bnk,AllPub,Inside,Gtl,SawyerW,Feedr,Norm,Duplex,SFoyer,5,5,30,30,Gable,CompShg,Plywood,Plywood,,275.0,3,3,CBlock,,,,,1086,,0,0,1086,GasA,3,Y,,7.1098794630722715,0,0,7.1098794630722715,2,0,0,2,2,2,3,6,Typ,2,,,30.0,,2,528,,,Y,120,0,0,0,0,0,,,,0,6,WD,Alloca,0,1,1,0,1,1,1,1,1,1,1,1,0,1,1,1,1,1,1
9,RL,4.174387269895637,9.97654550735469,Pave,,Reg,Lvl,AllPub,FR2,Gtl,NAmes,Norm,Norm,1Fam,1Story,6,8,39,39,Gable,CompShg,HdBoard,HdBoard,,0.0,3,3,CBlock,,,,,602,,1,14,1054,GasA,4,Y,,6.960347729101308,0,0,6.960347729101308,1,0,1,1,3,1,3,6,Typ,0,,,39.0,,2,460,,,Y,180,0,0,0,1,0,,,,0,7,WD,Normal,0,1,1,0,1,1,1,1,1,1,1,1,0,1,1,1,1,1,1
12,RL,4.584967478670572,10.241215307034116,Pave,,IR1,Lvl,AllPub,Corner,Gtl,NoRidge,Norm,Norm,1Fam,2Story,8,5,11,10,Hip,CompShg,VinylSd,VinylSd,,975.0,4,3,PConc,,,,,854,,0,371,1225,GasA,5,Y,,7.151485463904735,1336,0,7.867871490396322,1,0,2,1,4,1,4,8,Typ,1,,,11.0,,3,676,,,Y,250,0,0,0,0,0,,,,0,7,WD,Normal,0,1,1,0,1,1,1,1,1,1,1,1,0,1,1,1,1,1,1
9,RL,,9.440742770129402,Pave,,IR1,Lvl,AllPub,Inside,Gtl,Sawyer,Norm,Norm,1Fam,1Story,5,6,40,40,Gable,CompShg,HdBoard,Wd Sdng,,75.0,3,3,CBlock,,,,,599,,0,277,876,GasA,3,Y,,6.804614520062624,0,0,6.804614520062624,0,0,1,0,3,1,3,6,Typ,0,,,40.0,,1,288,,,Y,0,0,0,0,0,0,,,,0,8,WD,Normal,1,1,1,0,1,1,1,1,1,1,1,1,0,1,1,1,1,1,1
12,RL,4.543294782270004,10.316478335276642,Pave,,IR1,Lvl,AllPub,Corner,Gtl,NWAmes,Norm,Norm,1Fam,2Story,7,7,29,29,Gable,CompShg,CemntBd,CmentBd,,278.0,4,3,CBlock,,,,,692,,0,153,845,GasA,3,Y,,7.050122520269059,1200,0,7.763446388727362,1,0,2,1,4,1,5,10,Typ,1,,,26.0,,2,484,,,Y,288,195,0,0,0,0,,,,0,8,WD,Normal,0,1,1,0,1,1,1,1,1,1,1,1,0,1,1,1,1,1,1
12,RL,,10.107908477561423,Pave,,IR1,Lvl,AllPub,FR2,Gtl,CollgCr,Norm,Norm,1Fam,2Story,6,7,33,33,Gable,CompShg,HdBoard,HdBoard,,153.0,3,3,CBlock,,,,,378,,0,311,689,GasA,5,Y,,6.535241271013659,703,0,7.238496840894365,0,0,1,1,3,1,3,6,Typ,0,,,33.0,,1,299,,,Y,0,36,0,0,0,0,,,,1,3,WD,Normal,1,1,1,0,1,1,1,1,1,1,1,1,0,1,1,1,1,1,1
6,RL,4.477336814478207,10.199738665139403,Pave,,IR1,Lvl,AllPub,Inside,Gtl,Sawyer,Norm,Norm,1Fam,SFoyer,5,7,49,15,Gable,CompShg,HdBoard,HdBoard,,0.0,3,3,CBlock,,,,,899,,0,210,1109,GasA,3,Y,,7.051855622955894,0,0,7.051855622955894,1,0,1,0,3,1,4,6,Min2,0,,,23.0,,2,576,,,Y,192,0,0,0,0,0,,,,1,6,WD,Normal,0,1,1,0,1,1,1,1,1,1,1,1,0,1,1,1,1,1,1
5,RL,4.0943445622221,9.620654483038743,Pave,,Reg,Lvl,AllPub,Inside,Gtl,NAmes,Norm,Norm,1Fam,1.5Fin,5,4,59,27,Gable,CompShg,VinylSd,Wd Sdng,,0.0,3,3,CBlock,,,,,180,,1,676,1208,GasA,4,Y,,7.035268599281097,768,0,7.55171221535131,1,0,1,1,3,1,3,7,Min1,0,,,59.0,,1,240,,,Y,0,0,1,0,0,0,,,,0,5,WD,Normal,0,1,1,0,1,1,1,1,1,1,1,1,0,1,1,1,1,1,1
5,RM,3.912023005428146,9.407566278407877,Pave,,Reg,Lvl,AllPub,Corner,Gtl,BrkSide,Norm,Norm,1Fam,1.5Fin,6,7,79,58,Gable,CompShg,WdShing,Wd Shng,,0.0,3,3,BrkTil,,,,,0,,0,862,862,GasA,3,Y,,6.856461984594587,208,0,7.05444965813294,0,0,1,0,3,1,3,5,Typ,1,,,79.0,,1,208,,,Y,0,0,1,0,0,0,,,,0,7,WD,Normal,0,1,1,0,1,1,1,1,1,1,1,1,0,1,1,1,1,1,1
7,RM,4.0943445622221,9.437333729729342,Pave,,IR1,Lvl,AllPub,FR3,Gtl,BrkSide,RRNn,Feedr,1Fam,2Story,6,8,88,9,Gable,CompShg,Wd Sdng,Wd Sdng,,0.0,3,3,BrkTil,,,,,0,,0,611,611,GasA,5,Y,,6.621405651764134,611,0,7.216709486709457,0,0,2,0,3,1,3,6,Typ,0,,,88.0,,2,502,,,Y,0,0,1,0,0,0,,,,0,6,WD,Normal,0,1,1,0,1,1,1,1,1,1,1,1,0,1,1,1,1,1,1
12,RL,4.189654742026425,9.847686950703377,Pave,,IR1,Lvl,AllPub,Inside,Gtl,Gilbert,Norm,Norm,1Fam,2Story,7,5,7,7,Gable,CompShg,VinylSd,VinylSd,,302.0,4,3,PConc,,,,,0,,0,975,975,GasA,5,Y,,6.912742820493176,1286,0,7.736743682453495,0,0,2,1,4,1,4,8,Typ,1,,,7.0,,2,429,,,Y,192,0,0,0,0,0,,,,0,2,WD,Normal,0,1,1,0,1,1,1,1,1,1,1,1,0,1,1,1,1,1,1
7,C (all),3.912023005428146,9.81525495090965,Pave,,Reg,Lvl,AllPub,Inside,Gtl,IDOTRR,Feedr,Norm,1Fam,2Story,4,4,88,58,Gambrel,CompShg,BrkFace,BrkFace,,0.0,3,2,BrkTil,,,,,0,,0,649,649,GasA,3,N,,6.47543271670409,668,0,7.183111701743281,0,0,1,0,3,1,3,6,Typ,0,,,88.0,,1,250,,,N,0,54,1,0,0,0,,,,0,7,WD,Normal,0,1,1,0,1,1,1,1,1,1,1,1,0,1,1,1,1,1,1
9,RL,4.532599493153256,10.229733542882485,Pave,,Reg,Lvl,AllPub,Inside,Gtl,NridgHt,Norm,Norm,1Fam,1Story,8,5,0,0,Hip,CompShg,VinylSd,VinylSd,,328.0,4,3,PConc,,,,,1004,,0,730,1734,GasA,5,Y,,7.458186157340487,0,0,7.458186157340487,1,0,2,0,3,1,5,7,Typ,1,,,0.0,,3,928,,,Y,0,0,0,0,0,0,,,,0,11,New,Partial,0,1,1,0,1,1,1,1,1,1,1,1,0,1,1,1,1,1,1
9,RL,4.290459441148391,9.850640930032139,Pave,,Reg,Lvl,AllPub,Inside,Gtl,NAmes,Norm,Norm,1Fam,1Story,6,6,51,51,Hip,CompShg,MetalSd,MetalSd,,220.0,3,3,CBlock,,,,,0,,0,1194,1194,GasA,3,Y,,7.085064293952548,0,0,7.085064293952548,1,0,1,0,3,1,3,6,Typ,0,,,51.0,,1,312,,,Y,0,0,1,0,0,0,,,,0,4,WD,Normal,0,1,1,0,1,1,1,1,1,1,1,1,0,1,1,1,1,1,1
5,RM,4.605170185988092,10.285143930937675,Pave,,IR1,Lvl,AllPub,Inside,Gtl,OldTown,Artery,Norm,1Fam,1.5Fin,5,8,93,58,Gable,CompShg,Wd Sdng,Wd Sdng,,0.0,3,3,BrkTil,,,,,0,,0,876,876,GasA,4,Y,,6.775366090936392,540,0,7.255591274253665,0,0,1,1,4,1,3,7,Typ,1,,,59.0,,3,720,,,Y,418,0,1,0,0,0,,,,0,6,WD,Normal,0,1,1,0,1,1,1,1,1,1,1,1,0,1,1,1,1,1,1
9,RL,,10.341595707541329,Pave,,Reg,Lvl,AllPub,Inside,Gtl,Sawyer,PosN,Norm,1Fam,1Story,5,5,54,54,Gable,CompShg,Wd Sdng,Plywood,,0.0,3,3,PConc,,,,,1064,,0,319,1383,GasA,3,Y,,7.232010331664759,0,0,7.232010331664759,1,0,1,0,3,1,3,6,Typ,1,,,54.0,,1,354,,,Y,511,116,0,0,0,0,,,,0,6,WD,Normal,1,1,1,0,1,1,1,1,1,1,1,1,0,1,1,1,1,1,1
3,RH,4.406719247264253,9.458947297233388,Pave,,Reg,HLS,AllPub,Inside,Gtl,Crawfor,Norm,Norm,Duplex,2Story,5,6,58,57,Gable,CompShg,MetalSd,MetalSd,,0.0,3,3,CBlock,,,,,284,,0,717,1001,GasA,3,N,,6.90875477931522,1001,0,7.601901959875166,0,0,2,0,4,2,3,8,Typ,0,,,58.0,,3,871,,,Y,0,0,0,0,0,0,,,,0,8,WD,Normal,0,1,1,0,1,1,1,1,1,1,1,1,0,1,1,1,1,1,1
9,RL,4.330733340286331,9.902858911361152,Pave,,Reg,Lvl,AllPub,Inside,Gtl,Somerst,Norm,Norm,1Fam,1Story,8,5,0,0,Gable,CompShg,CemntBd,CmentBd,,140.0,4,3,PConc,,,,,0,,0,1496,1496,GasA,5,Y,,7.310550158534422,0,0,7.310550158534422,0,0,2,0,3,1,4,7,Typ,0,,,0.0,,2,474,,,Y,168,130,0,0,0,0,,,,0,6,New,Partial,0,1,1,0,1,1,1,1,1,1,1,1,0,1,1,1,1,1,1
5,RL,4.0943445622221,10.118465389048238,Pave,,Reg,Lvl,AllPub,Inside,Gtl,Edwards,Norm,Norm,1Fam,1.5Fin,5,5,68,49,Gable,CompShg,Wd Sdng,Wd Sdng,,0.0,3,3,CBlock,,,,,408,,1,156,984,GasA,5,Y,,6.891625897052253,620,0,7.38025578842646,0,0,2,0,3,1,3,6,Min2,0,,,32.0,,2,660,,,Y,0,68,0,0,0,0,,,,0,7,WD,Normal,0,1,1,0,1,1,1,1,1,1,1,1,0,1,1,1,1,1,1
0,RM,3.4011973816621555,9.247944780739354,Pave,,IR3,Bnk,AllPub,Inside,Gtl,OldTown,Artery,Norm,1Fam,1Story,5,5,83,4,Gable,CompShg,Wd Sdng,Wd Sdng,,0.0,3,3,BrkTil,,,,,0,,0,680,680,GasA,4,N,,6.638567789166521,0,0,6.638567789166521,0,0,1,0,2,1,3,4,Typ,0,,,43.0,,2,504,,,N,0,0,0,0,0,0,,,,0,6,WD,Normal,0,1,1,0,1,1,1,1,1,1,1,1,0,1,1,1,1,1,1
12,RL,4.343805421853684,9.90900533750341,Pave,,Reg,Lvl,AllPub,Inside,Gtl,SawyerW,Norm,Norm,1Fam,2Story,6,5,25,25,Gable,CompShg,HdBoard,HdBoard,,336.0,4,3,CBlock,,,,,0,,0,741,741,GasA,3,Y,,6.884486652042782,755,0,7.4570320891223805,0,0,2,1,3,1,4,7,Typ,1,,,25.0,,2,476,,,Y,192,46,0,0,0,0,,,,0,6,WD,Normal,0,1,1,0,1,1,1,1,1,1,1,1,0,1,1,1,1,1,1
9,RL,4.51085950651685,10.080770857577704,Pave,,IR1,Lvl,AllPub,Inside,Gtl,CollgCr,Norm,Norm,1Fam,1Story,7,5,1,0,Gable,CompShg,VinylSd,VinylSd,,306.0,4,3,PConc,,,,,0,,0,1494,1494,GasA,5,Y,,7.309212365692763,0,0,7.309212365692763,0,0,2,0,3,1,4,7,Typ,1,,,1.0,,3,840,,,Y,160,33,0,0,0,0,,,,0,8,New,Partial,0,1,1,0,1,1,1,1,1,1,1,1,0,1,1,1,1,1,1
0,RM,4.0943445622221,9.442065872275212,Pave,,Reg,Lvl,AllPub,Corner,Gtl,BrkSide,Norm,Norm,1Fam,1Story,6,5,81,57,Gable,CompShg,Wd Sdng,Wd Sdng,,0.0,3,3,BrkTil,,,,,0,,0,960,960,GasA,3,N,,6.893656354602635,0,0,6.893656354602635,0,0,1,0,2,1,3,5,Typ,1,,,81.0,,1,180,,,Y,0,128,0,0,0,0,,,,0,5,WD,Normal,0,1,1,0,1,1,1,1,1,1,1,1,0,1,1,1,1,1,1
11,RL,3.7612001156935624,8.671696295691161,Pave,,Reg,Lvl,AllPub,Inside,Gtl,Blmngtn,Norm,Norm,TwnhsE,1Story,7,5,4,3,Gable,CompShg,VinylSd,VinylSd,,11.0,4,3,PConc,,,,,16,,0,1129,1145,GasA,5,Y,,7.0431599159883405,0,0,7.0431599159883405,0,0,2,0,2,1,4,5,Typ,1,,,4.0,,2,397,,,Y,100,16,0,0,0,0,,,,0,9,WD,Normal,0,1,1,0,1,1,1,1,1,1,1,1,0,1,1,1,1,1,1
10,RM,3.5553480614894135,9.464521592689827,Pave,,Reg,Lvl,AllPub,Inside,Gtl,OldTown,Norm,Norm,1Fam,2.5Unf,6,6,94,7,Gable,CompShg,Wd Sdng,Wd Shng,,0.0,3,3,CBlock,,,,,0,,0,742,742,GasA,5,Y,,6.60934924316738,742,0,7.302496423727326,0,0,2,0,3,1,3,9,Typ,1,,,,,0,0,,,Y,0,291,1,0,0,0,,,,0,6,WD,Normal,0,1,1,0,1,1,1,1,1,1,1,1,1,1,1,1,1,1,1
9,RL,,10.435077966244519,Pave,,IR1,Lvl,NoSeWa,CulDSac,Gtl,Timber,Norm,Norm,1Fam,SLvl,6,6,51,51,Gable,CompShg,HdBoard,HdBoard,,541.0,3,3,CBlock,,,,,111,,1,354,819,GasA,4,Y,,7.203405521083095,0,0,7.203405521083095,0,1,1,0,3,1,4,7,Typ,1,,,51.0,,2,525,,,Y,0,118,0,0,1,0,,,,0,1,COD,Abnorml,1,1,1,0,1,1,1,1,1,1,1,1,0,1,1,1,1,1,1
7,RM,4.0943445622221,10.05707600015292,Pave,,Reg,Lvl,AllPub,Inside,Gtl,OldTown,Norm,Norm,1Fam,2Story,5,8,104,6,Gable,CompShg,MetalSd,MetalSd,,0.0,3,3,PConc,,,,,0,,0,650,650,GasA,4,Y,,6.86484777797086,581,0,7.338888133838879,0,0,2,0,3,1,4,8,Typ,1,,,25.0,,2,686,,,P,70,78,1,0,0,0,,,,0,6,WD,Normal,0,1,1,0,1,1,1,1,1,1,1,1,0,1,1,1,1,1,1
12,RL,4.343805421853684,10.139726399803015,Pave,,IR1,Lvl,AllPub,Inside,Gtl,StoneBr,Norm,Norm,1Fam,2Story,9,5,3,1,Hip,CompShg,VinylSd,VinylSd,,245.0,4,3,PConc,,,,,0,,0,1122,1122,GasA,5,Y,,7.033506484287697,1370,0,7.825644732219989,0,0,2,1,4,1,5,11,Typ,1,,,3.0,,3,656,,,Y,144,39,0,0,0,0,,,,0,6,WD,Normal,0,1,1,0,1,1,1,1,1,1,1,1,0,1,1,1,1,1,1
0,RL,3.9512437185814275,9.373036359496258,Pave,,IR1,Lvl,AllPub,Inside,Gtl,BrkSide,Norm,Norm,1Fam,1Story,4,5,80,53,Gable,CompShg,MetalSd,MetalSd,,108.0,3,4,PConc,,,,,0,,0,600,600,GasA,4,Y,,6.616065185132817,0,0,6.616065185132817,0,0,1,0,1,1,3,5,Typ,0,,,53.0,,2,528,,,Y,0,0,1,0,0,0,,,,0,6,WD,Normal,0,1,1,0,1,1,1,1,1,1,1,1,0,1,1,1,1,1,1
12,RL,4.31748811353631,9.97654550735469,Pave,,Reg,Lvl,AllPub,Corner,Gtl,CollgCr,Norm,Norm,1Fam,2Story,7,6,8,8,Gable,CompShg,VinylSd,VinylSd,,0.0,3,3,PConc,,,,,975,,0,133,1108,GasA,5,Y,,7.010311867307229,989,0,7.64826303090192,1,0,2,1,3,1,4,8,Typ,1,,,8.0,,2,583,,,Y,253,170,0,0,0,0,,,,0,6,WD,Normal,0,1,1,0,1,1,1,1,1,1,1,1,0,1,1,1,1,1,1
12,RL,4.867534450455582,11.661948164442135,Pave,,IR1,Bnk,AllPub,Inside,Gtl,Edwards,PosN,PosN,1Fam,2Story,10,5,0,-1,Hip,CompShg,CemntBd,CmentBd,,762.0,5,3,PConc,,,,,2260,,0,878,3138,GasA,5,Y,,8.051340933292979,1538,0,8.450198322591959,1,0,3,1,3,1,5,11,Typ,1,,,0.0,,3,884,,,Y,208,406,0,0,0,0,,,,0,10,New,Partial,0,1,1,0,1,1,1,1,1,1,1,1,0,1,1,1,1,1,1
5,RM,3.912023005428146,9.407566278407877,Pave,,Reg,Lvl,AllPub,Inside,Gtl,BrkSide,Norm,Norm,1Fam,1.5Fin,6,9,72,9,Gable,CompShg,MetalSd,MetalSd,,0.0,4,3,BrkTil,,,,,0,,0,698,698,GasA,3,Y,,6.666956792429207,390,0,7.069874128458572,0,0,1,0,2,1,3,4,Typ,0,,,10.0,,2,624,,,N,210,0,0,0,0,0,,,,0,7,WD,Normal,0,1,1,0,1,1,1,1,1,1,1,1,0,1,1,1,1,1,1
0,C (all),4.0943445622221,9.726239189634894,Pave,,Reg,Lvl,AllPub,Inside,Gtl,IDOTRR,Norm,Norm,1Fam,1Story,4,5,89,59,Gable,CompShg,Wd Sdng,Wd Sdng,,0.0,3,3,CBlock,,,,,495,,0,225,720,GasA,3,N,,6.579251212010101,0,0,6.579251212010101,0,0,1,0,2,1,3,4,Typ,0,,,,,0,0,,,N,0,523,1,0,0,0,,,,0,11,WD,Abnorml,0,1,1,0,1,1,1,1,1,1,1,1,1,1,1,1,1,1,1
9,RL,4.5217885770490405,10.214681116397214,Pave,,Reg,Lvl,AllPub,FR2,Gtl,Somerst,Feedr,Norm,1Fam,1Story,8,5,1,0,Gable,CompShg,VinylSd,VinylSd,,186.0,4,3,PConc,,,,,0,,0,1580,1580,GasA,5,Y,,7.365180126021013,0,0,7.365180126021013,0,0,2,0,3,1,4,7,Typ,0,,,0.0,,3,830,,,Y,0,24,0,0,0,0,,,,0,6,ConLD,Partial,0,1,1,0,1,1,1,1,1,1,1,1,0,1,1,1,1,1,1
3,RL,3.7376696182833684,9.700972042007194,Pave,,IR1,Lvl,AllPub,Inside,Gtl,Edwards,Norm,Norm,Duplex,1Story,4,3,30,30,Gable,CompShg,MetalSd,MetalSd,,0.0,3,3,PConc,,,,,1440,,0,0,1440,GasA,3,Y,,7.272398392570047,0,0,7.272398392570047,2,0,2,0,4,2,3,8,Typ,0,,,,,0,0,,,N,321,0,0,0,0,0,,,,0,8,Oth,Abnorml,0,1,1,0,1,1,1,1,1,1,1,1,1,1,1,1,1,1,1
12,RL,4.1588830833596715,9.833487025408159,Pave,,Reg,Lvl,AllPub,FR2,Gtl,CollgCr,Norm,Norm,1Fam,2Story,6,5,4,4,Gable,CompShg,VinylSd,VinylSd,,0.0,4,3,PConc,,,,,193,,0,545,738,GasA,5,Y,,6.6039438246004725,738,0,7.297091005160418,1,0,2,1,3,1,4,7,Typ,0,,,4.0,,2,540,,,Y,100,35,0,0,0,0,,,,0,2,WD,Normal,0,1,1,0,1,1,1,1,1,1,1,1,0,1,1,1,1,1,1
9,RL,4.143134726391533,9.813457861449002,Pave,,Reg,Lvl,AllPub,FR2,Gtl,CollgCr,Norm,Norm,1Fam,1Story,7,5,5,5,Gable,CompShg,VinylSd,VinylSd,,210.0,4,3,PConc,,,,,20,,0,1480,1500,GasA,5,Y,,7.313220387090301,0,0,7.313220387090301,0,0,2,0,3,1,4,6,Typ,0,,,5.0,,2,570,,,Y,192,36,0,0,0,0,,,,0,8,WD,Normal,0,1,1,0,1,1,1,1,1,1,1,1,0,1,1,1,1,1,1
5,RM,3.912023005428146,9.407566278407877,Pave,,Reg,Lvl,AllPub,Corner,Gtl,BrkSide,Norm,Norm,1Fam,1.5Fin,5,8,84,12,Gable,CompShg,Wd Sdng,Wd Sdng,,0.0,3,3,BrkTil,,,,,0,,0,884,884,GasA,5,Y,,6.784457062637643,464,0,7.206377291472252,1,0,1,0,3,1,3,5,Typ,1,,,49.0,,1,216,,,N,0,0,1,0,0,0,,,,0,5,WD,Normal,0,1,1,0,1,1,1,1,1,1,1,1,0,1,1,1,1,1,1
9,RL,4.2626798770413155,9.912066757312317,Pave,,Reg,Lvl,AllPub,Corner,Gtl,NAmes,Feedr,Norm,1Fam,1Story,5,8,41,8,Hip,CompShg,MetalSd,MetalSd,,166.0,3,3,CBlock,,,,,661,,0,203,864,GasA,4,Y,,7.090076835776092,0,0,7.090076835776092,1,0,1,1,1,1,4,6,Typ,0,,,29.0,,2,884,,,Y,0,64,0,0,0,0,,,,0,10,WD,Normal,0,1,1,0,1,1,1,1,1,1,1,1,0,1,1,1,1,1,1
9,RL,,9.945978968055442,Pave,,IR1,Lvl,AllPub,Inside,Gtl,NAmes,Norm,Norm,1Fam,1Story,6,5,46,46,Gable,CompShg,Plywood,Plywood,,247.0,3,3,CBlock,,,,,609,,0,785,1394,GasA,4,Y,,7.2399325913204695,0,0,7.2399325913204695,1,0,1,1,3,1,3,6,Typ,2,,,46.0,,2,514,,,Y,0,76,0,0,1,0,,,,0,7,WD,Normal,1,1,1,0,1,1,1,1,1,1,1,1,0,1,1,1,1,1,1
12,RL,,9.899258868031474,Pave,,Reg,Lvl,AllPub,Inside,Gtl,NWAmes,Feedr,Norm,1Fam,2Story,6,8,42,8,Hip,CompShg,HdBoard,HdBoard,,252.0,3,3,CBlock,,,,,400,,1,336,800,GasA,4,Y,,6.684611727667927,832,0,7.397561535524052,0,1,1,1,4,1,4,7,Typ,0,,,42.0,,2,484,,,Y,0,40,0,0,0,0,,,,0,7,WD,Normal,1,1,1,0,1,1,1,1,1,1,1,1,0,1,1,1,1,1,1
9,RL,4.248495242049359,9.818152247168529,Pave,,Reg,Lvl,AllPub,FR2,Gtl,Sawyer,Feedr,Norm,1Fam,1Story,5,5,43,43,Gable,CompShg,HdBoard,HdBoard,,0.0,3,3,CBlock,,,,,842,,0,70,912,GasA,3,Y,,6.815639990074331,0,0,6.815639990074331,0,0,1,0,3,1,3,5,Typ,1,,,36.0,,1,336,,,Y,0,0,0,0,0,0,,,,0,5,WD,Normal,0,1,1,0,1,1,1,1,1,1,1,1,0,1,1,1,1,1,1
7,RL,4.454347296253507,10.963945591603423,Pave,,IR1,Lvl,AllPub,Inside,Gtl,Crawfor,Feedr,Norm,1Fam,2Story,6,6,89,57,Hip,CompShg,Wd Sdng,Stucco,,0.0,3,3,BrkTil,,,,,1128,,0,242,1370,GasW,3,N,,7.222566018822171,1254,0,7.8724551500639794,1,0,2,1,4,1,3,10,Typ,1,,,89.0,,3,864,,,N,0,0,0,0,0,0,,,,0,11,WD,Normal,0,1,1,0,1,1,1,1,1,1,1,1,0,1,1,1,1,1,1
9,RL,3.6888794541139363,10.375764519374009,Pave,,IR1,Lvl,AllPub,CulDSac,Gtl,Sawyer,RRAe,Norm,1Fam,1Story,5,5,45,45,Gable,CompShg,HdBoard,HdBoard,,0.0,3,4,CBlock,,,,,0,,0,1140,1140,GasA,3,Y,,7.4360278163518485,0,0,7.4360278163518485,0,0,1,1,3,1,3,8,Min2,1,,,45.0,,1,349,,,Y,0,30,0,0,0,0,,,,0,3,WD,Normal,0,1,1,0,1,1,1,1,1,1,1,1,0,1,1,1,1,1,1
5,RM,4.0943445622221,10.05707600015292,Pave,,Reg,Lvl,AllPub,Corner,Gtl,OldTown,Norm,Norm,1Fam,2Story,5,6,99,28,Gable,CompShg,Wd Sdng,Wd Sdng,,0.0,3,3,PConc,,,,,0,,0,440,440,GasA,4,Y,,6.525029657843462,548,0,7.114769448366463,0,0,1,1,2,1,3,5,Typ,0,,,43.0,,2,440,,,Y,74,0,1,0,0,0,,,,0,5,WD,Normal,0,1,1,0,1,1,1,1,1,1,1,1,0,1,1,1,1,1,1
7,RL,4.248495242049359,10.071661263171109,Pave,,Reg,Bnk,AllPub,Inside,Mod,Crawfor,Norm,Norm,1Fam,2Story,8,8,75,13,Hip,CompShg,BrkFace,BrkFace,,0.0,4,3,CBlock,,,,,297,,0,556,853,GasA,3,Y,,7.3453648404168685,1178,0,7.910957382845589,0,0,2,1,3,1,4,10,Maj1,2,,,75.0,,2,440,,,Y,0,74,0,0,0,0,,,,0,12,WD,Normal,0,1,1,0,1,1,1,1,1,1,1,1,0,1,1,1,1,1,1
12,RL,4.653960350157523,10.530399509688698,Pave,,IR1,Lvl,AllPub,Corner,Gtl,Gilbert,Norm,Norm,1Fam,2Story,6,5,0,0,Gable,CompShg,VinylSd,VinylSd,,0.0,4,3,PConc,,,,,0,,0,728,728,GasA,4,Y,,6.590301048196686,728,0,7.283448228756631,0,0,2,1,3,1,3,8,Typ,0,,,0.0,,2,429,,,Y,0,0,0,0,0,0,,,,0,5,New,Partial,0,1,1,0,1,1,1,1,1,1,1,1,0,1,1,1,1,1,1
9,RL,4.0943445622221,9.580979408396601,Pave,,Reg,Lvl,AllPub,Inside,Gtl,NAmes,Norm,Norm,1Fam,1Story,4,6,39,39,Gable,CompShg,HdBoard,Plywood,,0.0,3,3,CBlock,,,,,375,,1,250,864,GasA,3,Y,,6.761572768804055,0,0,6.761572768804055,0,0,1,0,3,1,4,5,Typ,0,,,20.0,,2,660,,,Y,96,0,0,0,0,0,,,,1,11,WD,Normal,0,1,1,0,1,1,1,1,1,1,1,1,0,1,1,1,1,1,1
4,RM,3.1780538303479458,8.404094189574987,Pave,,Reg,Lvl,AllPub,Inside,Gtl,Edwards,Norm,Norm,Twnhs,2Story,6,5,2,0,Gable,CompShg,VinylSd,VinylSd,,50.0,4,3,PConc,,,,,0,,0,970,970,GasA,5,Y,,6.877296071497429,739,0,7.443663683115591,0,0,2,0,3,1,4,7,Maj1,0,,,2.0,,2,380,,,Y,0,40,0,0,0,0,,,,0,4,WD,Normal,0,1,1,0,1,1,1,1,1,1,1,1,0,1,1,1,1,1,1
12,RL,4.248495242049359,9.801361141894677,Pave,,Reg,Lvl,AllPub,Inside,Gtl,NWAmes,Norm,Norm,1Fam,2Story,8,6,8,8,Gable,CompShg,VinylSd,VinylSd,,0.0,4,3,PConc,,,,,643,,0,167,810,GasA,5,Y,,6.697034247666484,855,0,7.417580402414544,1,0,2,1,3,1,4,6,Typ,0,,,8.0,,2,528,,,Y,0,45,0,0,0,0,,,,0,11,WD,Normal,0,1,1,0,1,1,1,1,1,1,1,1,0,1,1,1,1,1,1
12,RL,4.499809670330265,9.994518054711198,Pave,,Reg,Low,AllPub,Inside,Mod,NoRidge,Norm,Norm,1Fam,2Story,7,5,16,16,Gable,CompShg,HdBoard,HdBoard,,256.0,4,3,PConc,,,,,987,,0,360,1347,GasA,5,Y,,7.22402480828583,1274,0,7.880804344674901,1,0,2,1,4,1,4,9,Typ,1,,,16.0,,3,656,,,Y,340,60,1,0,0,0,,,,0,4,WD,Normal,0,1,1,0,1,1,1,1,1,1,1,1,0,1,1,1,1,1,1
12,RL,4.276666119016055,9.624874379405199,Pave,,IR1,Lvl,AllPub,CulDSac,Gtl,CollgCr,Norm,Norm,1Fam,2Story,7,5,5,5,Gable,CompShg,VinylSd,VinylSd,,0.0,4,3,PConc,,,,,0,,0,798,798,GasA,5,Y,,6.682108597449809,842,0,7.402451520818244,0,0,2,1,3,1,4,6,Typ,0,,,5.0,,2,595,,,Y,0,45,0,0,0,0,,,,0,6,WD,Normal,0,1,1,0,1,1,1,1,1,1,1,1,0,1,1,1,1,1,1
2,RL,4.672828834461906,10.076668989078097,Pave,,IR1,Bnk,AllPub,Corner,Mod,OldTown,Artery,Artery,2fmCon,2Story,3,5,109,39,Gable,CompShg,HdBoard,HdBoard,,0.0,3,3,CBlock,,,,,440,,0,538,978,GasA,3,Y,,6.921658184151129,685,0,7.4377951216719325,1,0,2,0,3,2,3,7,Typ,0,,,89.0,,2,420,,,Y,0,74,0,0,0,0,,,,0,8,WD,Abnorml,0,1,1,0,1,1,1,1,1,1,1,1,0,1,1,1,1,1,1
9,RL,,12.004811007593002,Pave,,IR1,Low,AllPub,CulDSac,Mod,ClearCr,Norm,Norm,1Fam,1Story,4,6,54,14,Flat,Tar&Grv,Plywood,Plywood,,0.0,3,3,CBlock,,,,,1116,,0,248,1364,GasA,5,Y,,7.416378479192928,0,0,7.416378479192928,1,0,1,0,2,1,4,6,Min1,2,,,54.0,,2,529,,,Y,224,137,0,0,0,0,,,,0,3,WD,Normal,1,1,1,0,1,1,1,1,1,1,1,1,0,1,1,1,1,1,1
3,RM,4.248495242049359,9.895389625936653,Pave,,Reg,Lvl,AllPub,Inside,Gtl,Sawyer,RRAe,Norm,Duplex,1Story,5,5,43,43,Gable,CompShg,HdBoard,HdBoard,,336.0,3,3,CBlock,,,,,1332,,0,396,1728,GasA,3,Y,,7.454719949364001,0,0,7.454719949364001,1,0,2,0,6,2,3,10,Typ,0,,,43.0,,2,504,,,Y,0,0,0,0,0,0,,,,0,11,ConLI,Abnorml,0,1,1,0,1,1,1,1,1,1,1,1,0,1,1,1,1,1,1
12,RL,4.248495242049359,10.141831950041535,Pave,,Reg,Lvl,AllPub,Inside,Gtl,SawyerW,Norm,Norm,1Fam,2Story,6,5,18,18,Gable,CompShg,Wd Sdng,Wd Sdng,,0.0,4,3,PConc,,,,,0,,0,1055,1055,GasA,5,Y,,6.961296045910167,790,0,7.520234556474628,0,0,2,1,3,1,4,8,Typ,1,,,18.0,,2,462,,,Y,635,104,0,0,0,0,,,,1,5,WD,Normal,0,1,1,0,1,1,1,1,1,1,1,1,0,1,1,1,1,1,1
12,RL,4.382026634673881,9.977752098243014,Pave,,Reg,Lvl,AllPub,Inside,Mod,NAmes,Norm,Norm,1Fam,2Story,6,8,43,14,Hip,CompShg,Wd Sdng,Wd Sdng,,340.0,3,3,CBlock,,,,,536,,1,169,822,GasA,4,Y,,6.927557906278317,831,0,7.523481312573497,0,0,2,1,3,1,4,7,Typ,1,,,43.0,,2,440,,,Y,239,42,0,0,0,0,,,,0,7,WD,Normal,0,1,1,0,1,1,1,1,1,1,1,1,0,1,1,1,1,1,1
9,FV,4.394449154672439,10.141621560997827,Pave,,Reg,Lvl,AllPub,Inside,Gtl,Somerst,Norm,Norm,1Fam,1Story,8,5,0,0,Gable,CompShg,VinylSd,VinylSd,,0.0,4,3,PConc,,,,,0,,0,1489,1489,GasA,5,Y,,7.305860032684009,0,0,7.305860032684009,0,0,2,0,3,1,4,7,Typ,1,,,0.0,,2,776,,,Y,0,140,0,0,0,0,,,,0,6,New,Partial,0,1,1,0,1,1,1,1,1,1,1,1,0,1,1,1,1,1,1
9,RL,4.248495242049359,9.895389625936653,Pave,,Reg,Lvl,AllPub,Inside,Gtl,NAmes,Norm,Norm,1Fam,1Story,6,6,50,50,Hip,CompShg,Wd Sdng,Wd Sdng,,0.0,3,3,CBlock,,,,,612,,0,252,864,GasA,5,Y,,6.761572768804055,0,0,6.761572768804055,0,0,1,0,2,1,3,5,Typ,0,,,1.0,,1,300,,,Y,0,0,0,0,0,0,,,,1,10,WD,Normal,0,1,1,0,1,1,1,1,1,1,1,1,0,1,1,1,1,1,1
9,RL,4.31748811353631,9.998910156414333,Pave,,Reg,Lvl,AllPub,Inside,Gtl,Edwards,Norm,Norm,1Fam,1Story,5,6,43,43,Gable,CompShg,HdBoard,HdBoard,,0.0,4,3,CBlock,,,,,830,,1,136,1256,GasA,4,Y,,7.135687347028144,0,0,7.135687347028144,1,0,1,1,3,1,3,6,Typ,0,,,43.0,,1,276,,,Y,736,68,0,0,0,0,,,,0,6,WD,Normal,0,1,1,0,1,1,1,1,1,1,1,1,0,1,1,1,1,1,1
9,RL,4.0943445622221,9.51887321713622,Pave,,Reg,Lvl,AllPub,Inside,Gtl,Mitchel,Norm,Norm,1Fam,1Story,5,8,26,5,Gable,CompShg,HdBoard,HdBoard,,0.0,3,4,PConc,,,,,816,,0,0,816,GasA,5,Y,,6.704414354964107,0,0,6.704414354964107,1,0,1,0,2,1,3,4,Typ,0,,,23.0,,2,816,,,Y,0,0,0,0,0,0,,,,0,6,WD,Normal,0,1,1,0,1,1,1,1,1,1,1,1,0,1,1,1,1,1,1
12,RL,,10.378100571682815,Pave,,IR1,Lvl,AllPub,Inside,Gtl,NAmes,Norm,Norm,1Fam,2Story,7,6,43,20,Gable,CompShg,VinylSd,VinylSd,,288.0,3,3,CBlock,,,,,454,,0,410,864,GasA,3,Y,,6.804614520062624,918,0,7.506591780070841,0,0,1,2,4,1,4,8,Typ,2,,,43.0,,2,492,,,Y,60,84,0,0,1,0,,,,0,5,WD,Normal,1,1,1,0,1,1,1,1,1,1,1,1,0,1,1,1,1,1,1
12,RL,4.634728988229636,10.32734574458579,Pave,,IR1,Lvl,AllPub,Corner,Gtl,SawyerW,Norm,Norm,1Fam,2Story,7,5,16,16,Gable,CompShg,HdBoard,HdBoard,,0.0,4,3,PConc,,,,,48,,1,422,1104,GasA,5,Y,,6.815639990074331,1215,0,7.6624678152002375,1,0,2,1,4,1,4,8,Typ,1,,,16.0,,3,833,,,Y,72,192,1,0,0,0,,,,0,11,WD,Normal,0,1,1,0,1,1,1,1,1,1,1,1,0,1,1,1,1,1,1
9,RL,4.382026634673881,9.868213239636194,Pave,,IR1,Lvl,AllPub,Inside,Gtl,NAmes,Norm,Norm,1Fam,1Story,5,5,47,47,Gable,CompShg,MetalSd,MetalSd,,66.0,3,3,CBlock,,,,,0,,0,1065,1065,GasA,4,Y,,6.970730078143525,0,0,6.970730078143525,0,0,1,1,3,1,3,6,Typ,0,,,33.0,,2,461,,,Y,74,0,0,0,0,0,,,,0,7,COD,Normal,0,1,1,0,1,1,1,1,1,1,1,1,0,1,1,1,1,1,1
0,RM,4.430816798843313,10.15459651188813,Pave,,Reg,Lvl,AllPub,Corner,Gtl,OldTown,Norm,Norm,1Fam,1Story,6,5,83,56,Gable,CompShg,Wd Sdng,Wd Sdng,,0.0,3,3,BrkTil,,,,,0,,0,1200,1200,GasA,3,Y,,7.090076835776092,0,0,7.090076835776092,0,0,1,0,4,1,3,7,Typ,0,,,83.0,,1,312,,,Y,0,0,1,0,0,0,,,,0,3,WD,Family,0,1,1,0,1,1,1,1,1,1,1,1,0,1,1,1,1,1,1
9,RL,4.1588830833596715,9.547222537381385,Pave,,Reg,Lvl,AllPub,Inside,Gtl,CollgCr,Norm,Norm,1Fam,1Story,7,5,4,4,Gable,CompShg,VinylSd,VinylSd,,24.0,4,3,PConc,,,,,686,,0,501,1187,GasA,5,Y,,7.0967213784947605,0,0,7.0967213784947605,1,0,2,0,2,1,4,6,Typ,0,,,4.0,,2,632,,,Y,105,61,0,0,0,0,,,,0,2,WD,Normal,0,1,1,0,1,1,1,1,1,1,1,1,0,1,1,1,1,1,1
12,RL,4.477336814478207,10.285143930937675,Pave,,IR1,Lvl,AllPub,Inside,Gtl,Timber,Norm,Norm,1Fam,2Story,8,5,2,1,Hip,CompShg,VinylSd,VinylSd,,245.0,4,3,PConc,,,,,0,,0,1094,1094,GasA,5,Y,,7.0326242610280065,1349,0,7.8168199657645525,0,0,2,1,4,1,4,9,Typ,1,,,2.0,,3,642,,,Y,144,39,0,0,0,0,,,,0,2,WD,Normal,0,1,1,0,1,1,1,1,1,1,1,1,0,1,1,1,1,1,1
9,RL,4.07753744390572,10.074223377973974,Pave,,IR1,Lvl,AllPub,Inside,Gtl,NoRidge,Norm,Norm,1Fam,1Story,7,5,14,14,Hip,CompShg,VinylSd,VinylSd,,338.0,4,3,PConc,,,,,919,,0,801,1720,GasA,5,Y,,7.450079569807499,0,0,7.450079569807499,1,0,2,0,3,1,4,7,Typ,1,,,14.0,,2,527,,,Y,240,56,1,0,0,0,,,,0,3,WD,Normal,0,1,1,0,1,1,1,1,1,1,1,1,0,1,1,1,1,1,1
1,RM,4.007333185232471,9.043500374468534,Pave,,IR1,Bnk,AllPub,Inside,Gtl,OldTown,Feedr,Norm,1Fam,1.5Unf,5,7,77,57,Gable,CompShg,WdShing,Wd Sdng,,0.0,3,4,BrkTil,,,,,116,,0,556,672,GasA,5,Y,,6.733401891837359,0,0,6.733401891837359,0,0,1,0,3,1,3,5,Typ,1,,,,,0,0,,,N,0,0,0,0,0,0,,,,0,6,WD,Normal,0,1,1,0,1,1,1,1,1,1,1,1,1,1,1,1,1,1,1
9,RL,,9.612988088406727,Pave,,Reg,Lvl,AllPub,Inside,Gtl,SawyerW,Norm,Norm,1Fam,1Story,6,5,17,17,Gable,CompShg,HdBoard,HdBoard,,88.0,3,3,CBlock,,,,,1200,,0,78,1278,GasA,4,Y,,7.165493475060845,0,0,7.165493475060845,1,0,2,0,3,1,4,6,Typ,0,,,17.0,,2,496,,,Y,112,51,0,0,0,0,,,,0,6,WD,Normal,1,1,1,0,1,1,1,1,1,1,1,1,0,1,1,1,1,1,1
9,RL,4.0943445622221,9.591689263388766,Pave,,Reg,Lvl,AllPub,Inside,Gtl,Edwards,Norm,Norm,1Fam,1Story,5,5,2,1,Gable,CompShg,VinylSd,VinylSd,,0.0,3,3,PConc,,,,,980,,0,110,1090,GasA,4,Y,,6.993932975223189,0,0,6.993932975223189,1,0,1,1,2,1,3,5,Typ,0,,,2.0,,2,450,,,Y,0,49,0,0,0,0,,,,0,6,WD,Normal,0,1,1,0,1,1,1,1,1,1,1,1,0,1,1,1,1,1,1
12,RL,4.532599493153256,10.230222288016106,Pave,,Reg,Lvl,AllPub,Corner,Gtl,NoRidge,Norm,Norm,1Fam,2Story,8,5,8,8,Hip,CompShg,VinylSd,VinylSd,,650.0,4,3,PConc,,,,,0,,0,1141,1141,GasA,4,Y,,7.060476365999801,1098,0,7.724446645633537,0,0,2,1,4,1,4,10,Typ,1,,,8.0,,2,420,,,Y,144,123,0,0,0,0,,,,0,7,WD,Abnorml,0,1,1,0,1,1,1,1,1,1,1,1,0,1,1,1,1,1,1
9,RL,4.787491742782046,10.047556503545541,Pave,,Reg,Lvl,AllPub,Corner,Gtl,CollgCr,Norm,Norm,1Fam,1Story,5,6,32,32,Gable,CompShg,HdBoard,HdBoard,,0.0,3,3,CBlock,,,,,716,,0,253,969,GasA,3,Y,,6.876264611890766,0,0,6.876264611890766,0,0,1,1,3,1,3,5,Typ,0,,,32.0,,2,440,,,Y,0,0,0,0,0,0,,,,0,1,WD,Normal,0,1,1,0,1,1,1,1,1,1,1,1,0,1,1,1,1,1,1
0,C (all),4.787491742782046,10.702141477757156,Grvl,,Reg,Low,AllPub,Inside,Gtl,IDOTRR,Norm,Norm,1Fam,1Story,3,4,73,58,Gable,CompShg,MetalSd,MetalSd,,0.0,2,3,CBlock,,,,,0,,0,894,894,GasA,3,Y,,6.795705775173514,0,0,6.795705775173514,0,0,1,0,2,1,3,6,Typ,0,,,14.0,,3,1248,,,Y,0,20,0,0,0,0,,,,1,8,ConLD,Normal,0,1,1,0,1,1,1,1,1,1,1,1,0,1,1,1,1,1,1
0,RM,4.02535169073515,9.877165907078947,Pave,,Reg,Lvl,AllPub,Inside,Gtl,OldTown,Artery,Norm,1Fam,1Story,5,6,83,60,Gable,CompShg,WdShing,Wd Shng,,0.0,3,3,CBlock,,,,,0,,0,1008,1008,GasA,4,Y,,6.93537044601511,0,0,6.93537044601511,0,0,1,0,2,1,3,5,Typ,1,,,83.0,,2,360,,,Y,0,0,1,0,0,0,,,,0,3,WD,Normal,0,1,1,0,1,1,1,1,1,1,1,1,0,1,1,1,1,1,1
3,RH,4.406719247264253,9.610202948316665,Pave,,IR1,HLS,AllPub,Inside,Gtl,Crawfor,Norm,Norm,Duplex,2Story,6,6,61,57,Gable,CompShg,MetalSd,MetalSd,,423.0,3,3,CBlock,,,,,484,,0,495,979,GasA,3,N,,6.88653164253051,979,0,7.579678823090456,0,0,2,0,4,2,3,8,Typ,0,,,61.0,,2,492,,,Y,0,0,0,0,0,0,,,,0,8,WD,Normal,0,1,1,0,1,1,1,1,1,1,1,1,0,1,1,1,1,1,1
9,RL,4.31748811353631,10.004702067794447,Pave,,Reg,Lvl,AllPub,Inside,Gtl,Somerst,Norm,Norm,1Fam,1Story,8,5,1,0,Gable,CompShg,VinylSd,VinylSd,,428.0,4,3,PConc,,,,,0,,0,1795,1795,GasA,5,Y,,7.492760300922379,0,0,7.492760300922379,0,0,2,0,2,1,4,7,Typ,1,,,0.0,,3,895,,,Y,0,49,0,0,0,0,,,,0,2,New,Partial,0,1,1,0,1,1,1,1,1,1,1,1,0,1,1,1,1,1,1
9,RL,4.418840607796598,10.024930156775467,Pave,,IR1,Lvl,AllPub,Inside,Gtl,NridgHt,Norm,Norm,1Fam,1Story,9,5,1,0,Hip,CompShg,VinylSd,VinylSd,,450.0,5,3,PConc,,,,,1646,,0,284,1930,GasA,5,Y,,7.570443252057374,0,0,7.570443252057374,1,0,2,1,3,1,5,8,Typ,1,,,0.0,,3,606,,,Y,168,95,0,0,0,0,,,,0,4,New,Partial,0,1,1,0,1,1,1,1,1,1,1,1,0,1,1,1,1,1,1
9,RL,4.382026634673881,10.006351773259453,Pave,,Reg,Lvl,AllPub,Inside,Gtl,NWAmes,Norm,Norm,1Fam,1Story,5,6,35,8,Gable,CompShg,HdBoard,HdBoard,,0.0,3,3,CBlock,,,,,1084,,0,92,1176,GasA,4,Y,,7.071573364211532,0,0,7.071573364211532,0,1,1,1,3,1,4,5,Typ,1,,,35.0,,2,439,,,Y,224,0,0,0,0,0,,,,0,11,WD,Normal,0,1,1,0,1,1,1,1,1,1,1,1,0,1,1,1,1,1,1
7,RH,,10.236557971856914,Pave,,IR1,Lvl,AllPub,Inside,Gtl,SWISU,Norm,Norm,1Fam,2Story,6,8,83,58,Gable,CompShg,Wd Sdng,Wd Sdng,,0.0,3,3,BrkTil,,,,,156,,0,516,672,GasA,3,N,,6.697034247666484,672,0,7.301147805856032,0,0,2,0,4,1,2,7,Typ,0,,,74.0,,1,400,,,P,0,0,1,0,0,0,,,,0,3,WD,Normal,1,1,1,0,1,1,1,1,1,1,1,1,0,1,1,1,1,1,1
9,RL,4.51085950651685,10.248071395823636,Pave,,IR1,Lvl,AllPub,FR2,Gtl,Somerst,Norm,Norm,1Fam,1Story,7,5,0,0,Gable,CompShg,VinylSd,VinylSd,,256.0,4,3,PConc,,,,,0,,0,1417,1417,GasA,5,Y,,7.2640301428995295,0,0,7.2640301428995295,0,0,2,0,3,1,5,6,Typ,0,,,0.0,,2,554,,,Y,0,60,0,0,0,0,,,,0,7,New,Partial,0,1,1,0,1,1,1,1,1,1,1,1,0,1,1,1,1,1,1
9,RL,3.58351893845611,10.526201744388475,Pave,,IR1,Lvl,AllPub,CulDSac,Gtl,CollgCr,Norm,Norm,1Fam,1Story,5,6,37,37,Gable,CompShg,HdBoard,Plywood,,0.0,3,3,CBlock,,,,,460,,0,404,864,GasA,5,Y,,6.761572768804055,0,0,6.761572768804055,1,0,1,0,3,1,3,5,Typ,1,,,37.0,,1,338,,,Y,0,0,0,0,0,0,,,,0,8,WD,Normal,0,1,1,0,1,1,1,1,1,1,1,1,0,1,1,1,1,1,1
5,RL,4.0943445622221,9.893320904547664,Pave,,Reg,Lvl,AllPub,Inside,Gtl,Edwards,Artery,Norm,1Fam,1.5Fin,5,6,67,58,Gable,CompShg,VinylSd,VinylSd,,0.0,3,3,CBlock,,,,,236,,1,0,616,GasA,3,N,,6.423246963533519,495,0,7.01301578963963,0,1,1,0,3,1,3,5,Typ,0,,,67.0,,1,200,,,Y,48,0,0,0,0,0,,,,0,3,ConLw,Normal,0,1,1,0,1,1,1,1,1,1,1,1,0,1,1,1,1,1,1
12,RL,,9.978354938442264,Pave,,IR2,Lvl,AllPub,Corner,Gtl,Gilbert,Norm,Norm,1Fam,2Story,6,8,16,16,Gable,CompShg,VinylSd,VinylSd,,68.0,5,4,PConc,,,,,310,,0,370,680,GasA,4,Y,,6.522092798170152,790,0,7.293017679772782,0,0,2,1,3,1,3,6,Typ,1,,,16.0,,2,420,,,Y,232,63,0,0,0,0,,,,1,4,WD,Normal,1,1,1,0,1,1,1,1,1,1,1,1,0,1,1,1,1,1,1
9,RL,4.465908118654584,10.006351773259453,Pave,,IR1,Lvl,AllPub,Corner,Gtl,NAmes,Norm,Norm,1Fam,1Story,6,6,48,48,Hip,CompShg,Wd Sdng,Wd Sdng,,261.0,3,3,CBlock,,,,,0,,0,1116,1116,GasA,3,Y,,7.017506142941256,0,0,7.017506142941256,0,0,1,1,3,1,3,5,Typ,0,,,48.0,,2,440,,,Y,0,0,0,0,1,0,,,,0,2,WD,Normal,0,1,1,0,1,1,1,1,1,1,1,1,0,1,1,1,1,1,1
9,RL,4.0943445622221,9.641925632517975,Pave,,Reg,Lvl,AllPub,Inside,Gtl,NAmes,Norm,Norm,1Fam,1Story,6,6,47,47,Gable,CompShg,WdShing,Wd Shng,,207.0,3,3,CBlock,,,,,414,,0,450,864,GasA,5,Y,,6.761572768804055,0,0,6.761572768804055,1,0,1,0,2,1,4,4,Typ,0,,,47.0,,1,288,,,Y,168,0,0,0,0,0,,,,0,10,WD,Abnorml,0,1,1,0,1,1,1,1,1,1,1,1,0,1,1,1,1,1,1
9,RL,4.30406509320417,9.819667081005722,Pave,,Reg,Lvl,AllPub,Inside,Gtl,NAmes,Norm,Norm,1Fam,1Story,5,6,55,19,Hip,CompShg,Wd Sdng,Wd Sdng,,650.0,3,3,CBlock,,,,,1213,,0,84,1297,GasA,4,Y,,7.167809184316444,0,0,7.167809184316444,0,1,1,0,3,1,3,5,Typ,1,,,55.0,,2,498,,,Y,0,0,0,0,0,0,,,,0,10,WD,Normal,0,1,1,0,1,1,1,1,1,1,1,1,0,1,1,1,1,1,1
9,RL,4.382026634673881,9.95829931831355,Pave,,Reg,Lvl,AllPub,Inside,Gtl,NAmes,Norm,Norm,1Fam,1Story,5,7,59,2,Gable,CompShg,MetalSd,MetalSd,,0.0,4,3,CBlock,,,,,607,,0,506,1113,GasA,4,Y,,7.014814351275545,0,0,7.014814351275545,0,0,1,0,3,1,4,5,Typ,1,,,59.0,,1,264,,,Y,0,80,1,0,0,0,,,,0,7,WD,Normal,0,1,1,0,1,1,1,1,1,1,1,1,0,1,1,1,1,1,1
9,RL,4.356708826689592,10.045164780294026,Pave,,IR1,Lvl,AllPub,Inside,Gtl,CollgCr,Norm,Norm,1Fam,1Story,7,5,10,10,Gable,CompShg,VinylSd,VinylSd,,183.0,4,3,PConc,,,,,679,,0,811,1490,GasA,5,Y,,7.313886831633462,0,0,7.313886831633462,1,0,2,0,3,1,4,6,Typ,0,,,10.0,,2,577,,,Y,144,29,0,0,0,0,,,,0,6,WD,Normal,0,1,1,0,1,1,1,1,1,1,1,1,0,1,1,1,1,1,1
12,FV,4.276666119016055,9.834438950595139,Pave,,Reg,Lvl,AllPub,Inside,Gtl,Somerst,Norm,Norm,1Fam,2Story,7,5,1,1,Gable,CompShg,VinylSd,VinylSd,,0.0,3,3,PConc,,,,,24,,0,732,756,GasA,5,Y,,6.638567789166521,783,0,7.344072850573066,0,0,2,1,3,1,4,7,Typ,0,,,1.0,,2,614,,,Y,169,45,0,0,0,0,,,,0,6,Con,Normal,0,1,1,0,1,1,1,1,1,1,1,1,0,1,1,1,1,1,1
12,FV,4.605170185988092,10.274546669795521,Pave,,Reg,Lvl,AllPub,Corner,Gtl,Somerst,Norm,Norm,1Fam,2Story,7,5,6,5,Gable,CompShg,VinylSd,VinylSd,,0.0,4,3,PConc,,,,,222,,0,769,991,GasA,5,Y,,6.898714534329988,956,0,7.5740450053721995,0,0,2,1,3,1,4,8,Typ,1,,,6.0,,2,678,,,Y,0,136,0,0,0,0,,,,0,5,WD,Normal,0,1,1,0,1,1,1,1,1,1,1,1,0,1,1,1,1,1,1
9,RL,4.465908118654584,10.134234635728278,Pave,,IR1,Lvl,AllPub,Inside,Gtl,NridgHt,Norm,Norm,1Fam,1Story,8,5,3,3,Gable,CompShg,VinylSd,VinylSd,,250.0,4,3,PConc,,,,,0,,0,1709,1709,GasA,5,Y,,7.448333860897476,0,0,7.448333860897476,0,0,2,0,3,1,4,7,Typ,1,,,3.0,,3,908,,,Y,169,39,0,0,0,0,,,,0,7,WD,Normal,0,1,1,0,1,1,1,1,1,1,1,1,0,1,1,1,1,1,1
8,RL,4.382026634673881,9.858127396566864,Pave,,Reg,Lvl,AllPub,Inside,Gtl,ClearCr,Norm,Norm,1Fam,SLvl,6,7,39,39,Gable,CompShg,HdBoard,HdBoard,,80.0,3,3,CBlock,,,,,504,,0,506,1010,GasA,4,Y,,6.9584483932976555,0,0,6.9584483932976555,1,0,1,0,3,1,3,6,Typ,0,,,39.0,,2,440,,,Y,0,0,0,0,0,0,,,,0,6,WD,Normal,0,1,1,0,1,1,1,1,1,1,1,1,0,1,1,1,1,1,1
12,RL,4.5217885770490405,9.996894161789411,Pave,,IR1,Lvl,AllPub,CulDSac,Gtl,NoRidge,Norm,Norm,1Fam,2Story,7,5,11,10,Gable,CompShg,MetalSd,MetalSd,,0.0,4,3,PConc,,,,,862,,0,255,1117,GasA,5,Y,,7.027314514039777,886,0,7.607381425639791,1,0,2,1,3,1,3,8,Typ,1,,,10.0,,2,455,,,Y,180,130,0,0,0,0,,,,0,6,WD,Normal,0,1,1,0,1,1,1,1,1,1,1,1,0,1,1,1,1,1,1
9,RL,3.7612001156935624,8.671696295691161,Pave,,Reg,Lvl,AllPub,Inside,Gtl,Blmngtn,Norm,Norm,1Fam,1Story,7,5,1,1,Gable,CompShg,VinylSd,VinylSd,,16.0,4,3,PConc,,,,,0,,0,1266,1266,GasA,5,Y,,7.143617602704121,0,0,7.143617602704121,0,0,2,0,2,1,4,6,Typ,1,,,1.0,,2,388,,,Y,100,16,0,0,0,0,,,,0,3,WD,Normal,0,1,1,0,1,1,1,1,1,1,1,1,0,1,1,1,1,1,1
12,RL,4.442651256490317,10.566280699324786,Pave,,IR1,Lvl,AllPub,Inside,Gtl,StoneBr,Norm,Norm,1Fam,2Story,9,5,1,0,Hip,CompShg,CemntBd,CmentBd,,208.0,4,3,PConc,,,,,240,,0,1752,1992,GasA,5,Y,,7.596894438144544,876,0,7.961370201719511,0,0,3,1,4,1,5,11,Typ,1,,,1.0,,3,716,,,Y,214,108,0,0,0,0,,,,0,7,New,Partial,0,1,1,0,1,1,1,1,1,1,1,1,0,1,1,1,1,1,1
12,RL,,9.855325459420213,Pave,,IR1,Lvl,AllPub,Inside,Gtl,Gilbert,Norm,Norm,1Fam,2Story,7,5,9,9,Gable,CompShg,VinylSd,VinylSd,,0.0,4,3,PConc,,,,,300,,0,652,952,GasA,5,Y,,6.887552571664617,1276,0,7.721348612617949,0,0,2,1,4,1,4,8,Typ,1,,,9.0,,2,554,,,Y,224,54,0,0,0,0,,,,0,4,WD,Normal,1,1,1,0,1,1,1,1,1,1,1,1,0,1,1,1,1,1,1
9,RL,4.174387269895637,9.85238304039232,Pave,,Reg,Lvl,AllPub,FR2,Gtl,CollgCr,Norm,Norm,1Fam,1Story,7,5,6,6,Gable,CompShg,VinylSd,VinylSd,,98.0,4,3,PConc,,,,,24,,0,1390,1414,GasA,5,Y,,7.254177846456518,0,0,7.254177846456518,0,0,2,0,3,1,4,6,Typ,0,,,6.0,,2,494,,,Y,132,105,0,0,0,0,,,,0,5,WD,Normal,0,1,1,0,1,1,1,1,1,1,1,1,0,1,1,1,1,1,1
12,RL,4.248495242049359,9.809994308726424,Pave,,IR1,Lvl,AllPub,Inside,Gtl,SawyerW,Norm,Norm,1Fam,2Story,6,5,13,13,Gable,CompShg,HdBoard,HdBoard,,105.0,4,4,PConc,,,,,814,,0,114,928,GasA,5,Y,,6.841615476477592,785,0,7.450660796211539,0,1,2,1,3,1,4,7,Typ,0,,,13.0,,2,471,,,Y,300,87,0,0,0,0,,,,0,7,WD,Normal,0,1,1,0,1,1,1,1,1,1,1,1,0,1,1,1,1,1,1
12,RL,4.442651256490317,10.168564972976872,Pave,,Reg,Lvl,AllPub,Inside,Gtl,NWAmes,RRAn,Norm,1Fam,2Story,6,6,31,31,Gable,CompShg,VinylSd,VinylSd,,0.0,3,3,CBlock,,,,,550,,0,163,713,GasA,3,Y,,6.698268054115413,741,0,7.347299700743164,1,0,2,1,3,1,3,6,Typ,1,,,31.0,,2,434,,,Y,209,208,0,0,0,0,,,,0,2,WD,Normal,0,1,1,0,1,1,1,1,1,1,1,1,0,1,1,1,1,1,1
5,C (all),4.0943445622221,9.668460516349608,Pave,,Reg,Lvl,AllPub,Inside,Gtl,IDOTRR,Norm,Norm,1Fam,1.5Fin,4,4,90,60,Gable,CompShg,MetalSd,MetalSd,,0.0,3,4,CBlock,,,,,0,,0,698,698,GasA,3,Y,,6.548219102762372,430,0,7.028201432058005,0,0,1,0,2,1,3,6,Typ,0,,,30.0,,2,528,,,Y,30,0,1,0,0,0,,,,0,4,COD,Abnorml,0,1,1,0,1,1,1,1,1,1,1,1,0,1,1,1,1,1,1
8,RL,4.330733340286331,9.992137228438471,Pave,,Reg,Lvl,AllPub,Inside,Gtl,Mitchel,Norm,Norm,1Fam,SLvl,6,6,31,31,Gable,CompShg,Plywood,Plywood,,0.0,3,3,CBlock,,,,,522,,0,574,1096,GasA,3,Y,,7.0192966537150445,0,0,7.0192966537150445,1,0,1,0,3,1,3,6,Typ,1,,,31.0,,1,358,,,Y,203,0,0,0,0,576,,,,0,7,WD,Normal,0,1,1,0,1,1,1,1,1,1,1,1,0,1,1,1,1,1,1
3,RL,4.007333185232471,10.282807426732557,Pave,,IR1,Lvl,AllPub,Inside,Gtl,Mitchel,Norm,Norm,Duplex,1Story,6,5,30,30,Gable,CompShg,Plywood,Plywood,,0.0,3,3,CBlock,,,,,936,,1,396,1728,GasA,3,Y,,7.454719949364001,0,0,7.454719949364001,0,0,2,0,4,2,3,8,Typ,0,,,30.0,,2,574,,,Y,40,0,0,0,0,0,,,,0,7,WD,Normal,0,1,1,0,1,1,1,1,1,1,1,1,0,1,1,1,1,1,1
12,RL,3.9512437185814275,11.843411697409698,Pave,,IR2,Lvl,AllPub,CulDSac,Gtl,NoRidge,Norm,Norm,1Fam,2Story,8,7,15,4,Hip,CompShg,VinylSd,VinylSd,,528.0,4,3,PConc,,,,,1361,,1,88,1629,GasA,5,Y,,7.430114138561801,762,0,7.803026643632217,1,0,2,1,4,1,4,8,Typ,1,,,15.0,,3,711,,,Y,517,76,0,0,0,0,,,,0,7,WD,Normal,0,1,1,0,1,1,1,1,1,1,1,1,0,1,1,1,1,1,1
9,RL,4.174387269895637,11.098732336382172,Pave,,IR1,Low,AllPub,Inside,Sev,ClearCr,Norm,Norm,1Fam,1Story,5,8,41,6,Flat,Tar&Grv,Wd Sdng,Wd Sdng,,0.0,3,3,CBlock,,,,,1324,,0,113,1437,GasA,5,Y,,7.29505641646263,0,0,7.29505641646263,2,0,1,0,1,1,5,5,Typ,2,,,41.0,,1,452,,,Y,0,48,0,0,1,0,,,,0,6,WD,Partial,0,1,1,0,1,1,1,1,1,1,1,1,0,1,1,1,1,1,1
5,RL,3.784189633918261,10.383103505819165,Pave,,IR1,Lvl,AllPub,CulDSac,Gtl,Timber,Norm,Norm,1Fam,1.5Fin,7,5,17,16,Gable,CompShg,HdBoard,HdBoard,,117.0,4,4,CBlock,,,,,902,,0,254,1156,GasA,5,Y,,7.079184394609668,530,0,7.448333860897476,0,0,2,1,3,1,4,7,Typ,1,,,17.0,,2,400,,,Y,168,36,0,0,0,0,,,,0,4,WD,Normal,0,1,1,0,1,1,1,1,1,1,1,1,0,1,1,1,1,1,1
8,RL,4.07753744390572,9.956704819693273,Pave,,IR1,Lvl,AllPub,Inside,Gtl,Gilbert,Norm,Norm,1Fam,SLvl,7,5,3,3,Gable,CompShg,VinylSd,VinylSd,,182.0,4,3,PConc,,,,,655,,0,201,856,GasA,5,Y,,7.061334366910438,0,0,7.061334366910438,1,0,2,0,2,1,4,5,Typ,0,,,3.0,,2,400,,,Y,212,0,0,0,0,0,,,,0,7,WD,Normal,0,1,1,0,1,1,1,1,1,1,1,1,0,1,1,1,1,1,1
11,RL,3.784189633918261,9.490557766477094,Pave,,IR1,Lvl,AllPub,Inside,Gtl,NridgHt,Norm,Norm,TwnhsE,1Story,8,5,1,1,Gable,CompShg,VinylSd,VinylSd,,178.0,4,3,PConc,,,,,24,,0,1346,1370,GasA,5,Y,,7.222566018822171,0,0,7.222566018822171,0,0,2,0,2,1,4,6,Typ,1,,,1.0,,2,484,,,Y,120,49,0,0,0,0,,,,0,10,WD,Normal,0,1,1,0,1,1,1,1,1,1,1,1,0,1,1,1,1,1,1
8,RL,,10.69358329867498,Pave,,IR1,Lvl,AllPub,CulDSac,Gtl,NWAmes,Norm,Norm,1Fam,SLvl,6,5,42,33,Gable,CompShg,HdBoard,HdBoard,,359.0,3,3,CBlock,,,,,528,,0,1152,1680,GasA,2,Y,,7.452402451223638,0,0,7.452402451223638,1,0,1,1,3,1,3,7,Typ,1,,,42.0,,2,480,,,Y,0,0,0,0,0,0,,,,0,6,WD,Normal,1,1,1,0,1,1,1,1,1,1,1,1,0,1,1,1,1,1,1
4,RM,3.1780538303479458,8.404094189574987,Pave,,Reg,Lvl,AllPub,Inside,Gtl,Edwards,Norm,Norm,Twnhs,2Story,7,5,2,2,Gable,CompShg,VinylSd,VinylSd,,50.0,4,3,PConc,,,,,0,,0,970,970,GasA,5,Y,,6.877296071497429,739,0,7.443663683115591,0,0,2,0,3,1,4,7,Maj1,0,,,2.0,,2,380,,,Y,0,40,0,0,0,0,,,,0,5,WD,Normal,0,1,1,0,1,1,1,1,1,1,1,1,0,1,1,1,1,1,1
4,RM,3.044522437723423,7.939120540700647,Pave,,Reg,Lvl,AllPub,Inside,Gtl,BrDale,Norm,Norm,TwnhsE,2Story,6,3,37,37,Gable,CompShg,HdBoard,HdBoard,,604.0,3,3,CBlock,,,,,358,,0,125,483,GasA,3,Y,,6.180016653652572,504,0,6.894670039433482,0,0,1,1,2,1,3,5,Typ,0,,,37.0,,1,264,,,Y,0,0,0,0,0,0,,,,0,8,WD,Normal,0,1,1,0,1,1,1,1,1,1,1,1,0,1,1,1,1,1,1
7,RL,3.9889840465642745,9.68212767615654,Pave,,Reg,Lvl,AllPub,Inside,Gtl,Crawfor,Norm,Norm,1Fam,2Story,7,6,86,56,Gable,CompShg,Stucco,Stucco,,0.0,3,3,BrkTil,,,,,352,,0,441,793,GasA,4,Y,,6.803505257608338,901,0,7.496652438168283,0,0,1,1,4,1,3,9,Typ,1,,,86.0,,1,216,,,Y,0,0,1,0,0,0,,,,0,7,WD,Normal,0,1,1,0,1,1,1,1,1,1,1,1,0,1,1,1,1,1,1
7,RL,4.382026634673881,10.602994631804254,Pave,,IR1,Lvl,AllPub,Inside,Gtl,Crawfor,Norm,Norm,1Fam,2Story,6,8,74,56,Gable,CompShg,Wd Sdng,Wd Sdng,,0.0,3,3,BrkTil,,,,,503,,0,449,952,GasA,3,Y,,7.064759027791802,1175,0,7.76004068088038,0,0,2,1,4,1,3,9,Typ,1,,,74.0,,2,360,,,Y,0,0,0,0,0,0,,,,0,7,WD,Normal,0,1,1,0,1,1,1,1,1,1,1,1,0,1,1,1,1,1,1
9,RL,4.248495242049359,9.803316024074837,Pave,,Reg,Lvl,AllPub,Inside,Gtl,Sawyer,Norm,Norm,1Fam,1Story,6,8,43,3,Hip,CompShg,HdBoard,HdBoard,,0.0,3,3,CBlock,,,,,663,,0,396,1059,GasA,3,Y,,6.97354301952014,0,0,6.97354301952014,0,1,1,0,3,1,3,6,Typ,0,,,43.0,,1,264,,,Y,192,0,0,0,0,0,,,,0,2,WD,Normal,0,1,1,0,1,1,1,1,1,1,1,1,0,1,1,1,1,1,1
11,RL,3.912023005428146,9.74586987537184,Pave,,Reg,Lvl,AllPub,Inside,Gtl,SawyerW,Norm,Norm,TwnhsE,1Story,6,5,15,14,Gable,CompShg,Plywood,Plywood,,0.0,4,3,PConc,,,,,165,,1,598,1604,GasA,5,Y,,7.388327859577107,0,0,7.388327859577107,1,0,2,0,2,1,4,5,Typ,1,,,15.0,,2,533,,,Y,0,69,0,0,0,0,,,,0,7,WD,Normal,0,1,1,0,1,1,1,1,1,1,1,1,0,1,1,1,1,1,1
9,RL,4.499809670330265,10.220212380515324,Pave,,IR1,Lvl,AllPub,Corner,Gtl,NAmes,Feedr,Norm,1Fam,1Story,6,6,50,50,Gable,CompShg,VinylSd,VinylSd,,0.0,3,3,CBlock,,,,,777,,0,467,1244,GasA,5,Y,,7.126087273299125,0,0,7.126087273299125,0,0,1,1,3,1,3,6,Typ,2,,,50.0,,1,336,,,Y,0,40,0,0,0,0,,,,0,5,WD,Normal,0,1,1,0,1,1,1,1,1,1,1,1,0,1,1,1,1,1,1
0,RL,4.382026634673881,10.181355562811735,Pave,,Reg,Lvl,AllPub,Inside,Gtl,Crawfor,Norm,Norm,1Fam,1Story,4,5,84,56,Gable,CompShg,MetalSd,MetalSd,,0.0,3,3,BrkTil,,,,,0,,0,700,700,GasA,5,Y,,7.07326971745971,0,0,7.07326971745971,0,0,1,0,2,1,2,5,Typ,1,,,84.0,,1,252,,,Y,0,0,1,0,0,0,,,,0,7,WD,Normal,0,1,1,0,1,1,1,1,1,1,1,1,0,1,1,1,1,1,1
4,FV,3.1780538303479458,8.414072459633585,Pave,,Reg,Lvl,AllPub,Inside,Gtl,Somerst,Norm,Norm,Twnhs,2Story,7,5,1,1,Gable,CompShg,MetalSd,MetalSd,,0.0,4,3,PConc,,,,,0,,0,600,600,GasA,5,Y,,6.253828811575473,623,1,7.109062135687172,0,0,2,1,2,1,4,4,Typ,0,,,1.0,,2,480,,,Y,0,166,0,0,0,0,,,,0,7,WD,Normal,0,1,1,0,1,1,1,1,1,1,1,1,0,1,1,1,1,1,1
9,RL,4.3694478524670215,10.034285099669894,Pave,,Reg,Lvl,AllPub,Inside,Gtl,NWAmes,Norm,Norm,1Fam,1Story,6,6,26,26,Gable,CompShg,Plywood,Plywood,,157.0,3,4,CBlock,,,,,625,,1,0,1686,GasA,3,Y,,7.430114138561801,0,0,7.430114138561801,1,0,2,0,3,1,3,7,Typ,1,,,26.0,,2,612,,,Y,384,131,0,0,0,0,,,,0,5,WD,Normal,0,1,1,0,1,1,1,1,1,1,1,1,0,1,1,1,1,1,1
9,RL,4.2626798770413155,9.948453195641436,Pave,,IR1,HLS,AllPub,Inside,Gtl,Timber,Norm,Norm,1Fam,1Story,8,5,1,0,Gable,CompShg,VinylSd,VinylSd,,338.0,4,3,PConc,,,,,1513,,0,125,1638,GasA,5,Y,,7.406103381237015,0,0,7.406103381237015,1,0,2,0,3,1,4,7,Typ,1,,,0.0,,3,800,,,Y,192,44,0,0,0,0,,,,0,4,New,Partial,0,1,1,0,1,1,1,1,1,1,1,1,0,1,1,1,1,1,1
9,RL,4.382026634673881,10.006351773259453,Pave,,Reg,Lvl,AllPub,Corner,Gtl,Sawyer,Feedr,Norm,1Fam,1Story,5,6,48,26,Hip,CompShg,HdBoard,HdBoard,,0.0,3,3,CBlock,,,,,594,,0,270,864,GasA,5,Y,,7.042286171939743,0,0,7.042286171939743,1,0,1,0,3,1,3,6,Typ,1,,,48.0,,1,264,,,Y,165,0,0,0,0,0,,,,1,3,WD,Normal,0,1,1,0,1,1,1,1,1,1,1,1,0,1,1,1,1,1,1
12,RL,4.3694478524670215,9.913976177037057,Pave,,IR1,Lvl,AllPub,Inside,Gtl,CollgCr,Norm,Norm,1Fam,2Story,7,5,1,1,Gable,CompShg,VinylSd,VinylSd,,0.0,4,3,PConc,,,,,0,,0,939,939,GasA,5,Y,,6.844815479208263,858,0,7.493873886783559,0,0,2,1,3,1,4,8,Typ,0,,,1.0,,2,639,,,Y,144,53,0,0,0,0,,,,0,4,WD,Normal,0,1,1,0,1,1,1,1,1,1,1,1,0,1,1,1,1,1,1
3,RL,4.248495242049359,9.987600589165414,Pave,,Reg,Lvl,AllPub,FR2,Gtl,NAmes,Norm,Norm,Duplex,1Story,4,5,45,45,Gable,CompShg,HdBoard,HdBoard,,0.0,3,3,Slab,,,,,0,,0,0,0,GasA,3,Y,,7.1098794630722715,0,0,7.1098794630722715,0,0,2,0,2,2,3,6,Typ,0,,,45.0,,2,462,,,Y,0,0,0,0,0,0,,,,0,3,WD,Normal,0,1,1,0,1,1,1,1,1,1,1,1,0,1,1,1,1,1,1
12,RL,,10.042996723780925,Pave,,IR1,Lvl,AllPub,Inside,Gtl,CollgCr,Norm,Norm,1Fam,2Story,7,5,8,8,Gable,CompShg,VinylSd,VinylSd,,0.0,4,3,PConc,,,,,735,,0,257,992,GasA,5,Y,,6.899723107284872,873,0,7.5310163320779155,1,0,2,1,3,1,4,7,Typ,1,,,8.0,,3,839,,,Y,0,184,0,0,0,0,,,,0,6,WD,Normal,1,1,1,0,1,1,1,1,1,1,1,1,0,1,1,1,1,1,1
9,RL,4.248495242049359,9.769640143255495,Pave,,Reg,Lvl,AllPub,Inside,Gtl,NAmes,Norm,Norm,1Fam,1Story,5,6,49,15,Gable,CompShg,Wd Sdng,Wd Sdng,,0.0,3,3,CBlock,,,,,846,,0,210,1056,GasA,2,Y,,6.962243464266207,0,0,6.962243464266207,1,0,1,0,3,1,3,6,Typ,0,,,49.0,,1,308,,,Y,0,0,0,0,0,0,,,,0,8,WD,Normal,0,1,1,0,1,1,1,1,1,1,1,1,0,1,1,1,1,1,1
12,RL,4.6443908991413725,10.362265553286582,Pave,,Reg,Lvl,AllPub,Inside,Gtl,NridgHt,Norm,Norm,1Fam,2Story,9,5,1,0,Hip,CompShg,VinylSd,VinylSd,,860.0,5,3,PConc,,,,,0,,0,1926,1926,GasA,5,Y,,7.583756300707112,1174,0,8.0519780789023,0,0,3,1,4,1,5,11,Typ,2,,,0.0,,3,820,,,Y,144,78,0,0,0,0,,,,0,7,New,Partial,0,1,1,0,1,1,1,1,1,1,1,1,0,1,1,1,1,1,1
8,RL,4.477336814478207,9.811242344050996,Pave,,IR1,Lvl,AllPub,Corner,Gtl,Sawyer,Norm,Norm,1Fam,SLvl,6,7,29,11,Gable,CompShg,HdBoard,Plywood,,46.0,3,3,CBlock,,,,,506,,0,0,506,GasA,3,Y,,7.10002716662926,0,0,7.10002716662926,1,0,1,0,3,1,3,6,Typ,1,,,28.0,,2,492,,,Y,292,12,0,0,0,0,,,,0,7,WD,Normal,0,1,1,0,1,1,1,1,1,1,1,1,0,1,1,1,1,1,1
9,RL,4.31748811353631,10.016202622134932,Pave,,Reg,Lvl,AllPub,Inside,Gtl,Somerst,Norm,Norm,1Fam,1Story,8,5,3,2,Gable,CompShg,VinylSd,VinylSd,,186.0,4,3,PConc,,,,,1369,,0,317,1686,GasA,5,Y,,7.434847875211999,0,0,7.434847875211999,1,0,2,0,3,1,4,7,Typ,1,,,3.0,,2,636,,,Y,255,57,0,0,0,0,,,,0,8,WD,Normal,0,1,1,0,1,1,1,1,1,1,1,1,0,1,1,1,1,1,1
12,RL,4.248495242049359,10.140674354097904,Pave,,IR1,HLS,AllPub,FR2,Gtl,Gilbert,Norm,Norm,1Fam,2Story,6,5,9,9,Gable,CompShg,VinylSd,VinylSd,,0.0,3,3,PConc,,,,,714,,0,88,802,GasA,4,Y,,6.687108607866515,709,0,7.32052696227274,1,0,2,1,3,1,3,8,Typ,1,,,9.0,,2,413,,,Y,95,75,0,0,0,0,,,,0,6,WD,Normal,0,1,1,0,1,1,1,1,1,1,1,1,0,1,1,1,1,1,1
9,RL,4.219507705176107,9.732621324990042,Pave,,Reg,Lvl,AllPub,Inside,Gtl,NAmes,Norm,Norm,1Fam,1Story,5,7,57,3,Gable,CompShg,VinylSd,VinylSd,,0.0,3,4,CBlock,,,,,731,,0,326,1057,GasA,3,Y,,6.963189985870238,0,0,6.963189985870238,1,0,1,0,3,1,4,5,Typ,0,,,57.0,,1,246,,,Y,0,52,0,0,0,0,,,,0,1,WD,Abnorml,0,1,1,0,1,1,1,1,1,1,1,1,0,1,1,1,1,1,1
2,RM,4.0943445622221,10.15459651188813,Pave,,Reg,Lvl,AllPub,Inside,Gtl,OldTown,Norm,Norm,2fmCon,2Story,4,6,125,60,Gable,CompShg,VinylSd,AsbShng,,0.0,3,3,PConc,,,,,0,,0,777,777,GasA,4,Y,,7.1276936993473985,1044,0,7.736307096548285,0,0,2,0,4,2,3,11,Typ,0,,,39.0,,2,560,,,N,0,0,1,0,0,0,,,,0,4,WD,Normal,0,1,1,0,1,1,1,1,1,1,1,1,0,1,1,1,1,1,1
5,RL,,10.389884626048334,Pave,,IR1,Lvl,AllPub,Corner,Gtl,NWAmes,Norm,Norm,1Fam,1.5Fin,7,5,18,18,Gable,CompShg,HdBoard,HdBoard,,178.0,4,4,PConc,,,,,1002,,1,0,1204,GasA,4,Y,,7.227662498728654,806,0,7.688455356549944,0,0,2,1,4,1,4,9,Typ,0,,,18.0,,3,786,,,Y,0,0,0,0,0,0,,,,0,2,WD,Normal,1,1,1,0,1,1,1,1,1,1,1,1,0,1,1,1,1,1,1
12,RL,4.499809670330265,10.257853117508699,Pave,,Reg,Lvl,AllPub,Corner,Gtl,SawyerW,Norm,Norm,1Fam,2Story,7,5,20,20,Hip,CompShg,Plywood,Plywood,,0.0,3,3,PConc,,,,,1470,,0,203,1673,GasA,4,Y,,7.4377951216719325,1523,0,8.07775756373692,1,0,3,0,5,1,4,11,Typ,2,,,20.0,,3,594,,,Y,367,0,0,0,0,0,,,,0,5,WD,Normal,0,1,1,0,1,1,1,1,1,1,1,1,0,1,1,1,1,1,1
12,RL,4.248495242049359,9.84929911646029,Pave,,Reg,Lvl,AllPub,Inside,Gtl,CollgCr,Norm,Norm,1Fam,2Story,7,5,13,13,Gable,CompShg,VinylSd,VinylSd,,0.0,4,3,PConc,,,,,0,,0,880,880,GasA,5,Y,,6.812345094177479,807,0,7.447751280047908,0,0,2,1,2,1,4,7,Typ,1,,,13.0,,2,512,,,Y,0,120,0,0,0,0,,,,0,7,WD,Normal,0,1,1,0,1,1,1,1,1,1,1,1,0,1,1,1,1,1,1
9,RL,,9.981364599288456,Pave,,Reg,Lvl,AllPub,Inside,Gtl,NWAmes,Feedr,Norm,1Fam,1Story,6,5,42,42,Gable,CompShg,BrkFace,Wd Sdng,,0.0,3,3,CBlock,,,,,251,,1,491,1372,GasA,3,Y,,7.201916317531627,0,0,7.201916317531627,0,0,2,0,3,1,3,7,Typ,1,,,42.0,,2,457,,,Y,0,0,0,0,1,0,,,,0,9,WD,Normal,1,1,1,0,1,1,1,1,1,1,1,1,0,1,1,1,1,1,1
11,RL,3.7612001156935624,8.671696295691161,Pave,,Reg,Lvl,AllPub,Inside,Gtl,Blmngtn,Norm,Norm,TwnhsE,1Story,7,5,3,2,Gable,CompShg,VinylSd,VinylSd,,14.0,4,3,PConc,,,,,16,,0,1330,1346,GasA,5,Y,,7.315883504509785,0,0,7.315883504509785,0,0,2,0,2,1,4,7,Typ,1,,,3.0,,2,437,,,Y,156,20,0,0,0,0,,,,0,5,WD,Normal,0,1,1,0,1,1,1,1,1,1,1,1,0,1,1,1,1,1,1
12,FV,4.31748811353631,9.930398163416182,Pave,,Reg,Lvl,AllPub,Inside,Gtl,Somerst,Norm,Norm,1Fam,2Story,8,5,5,4,Hip,CompShg,VinylSd,VinylSd,,768.0,4,3,PConc,,,,,0,,0,1053,1053,GasA,5,Y,,6.959398512133975,939,0,7.596894438144544,0,0,2,1,3,1,4,9,Typ,1,,,5.0,,2,648,,,Y,140,45,0,0,0,0,,,,0,8,WD,Normal,0,1,1,0,1,1,1,1,1,1,1,1,0,1,1,1,1,1,1
4,FV,3.1780538303479458,8.226350347249724,Pave,,Reg,Lvl,AllPub,Inside,Gtl,Somerst,Norm,Norm,Twnhs,2Story,7,5,9,8,Gable,CompShg,MetalSd,MetalSd,,212.0,4,3,PConc,,,,,510,,0,90,600,GasA,5,Y,,6.436150368369428,628,0,7.132497551660044,1,0,2,1,2,1,4,4,Typ,0,,,9.0,,2,462,,,Y,0,48,0,0,0,0,,,,0,3,WD,Normal,0,1,1,0,1,1,1,1,1,1,1,1,0,1,1,1,1,1,1
9,RL,,9.708094880505984,Pave,,IR1,Lvl,AllPub,Corner,Gtl,Sawyer,Norm,Norm,1Fam,1Story,5,7,45,6,Gable,CompShg,HdBoard,Plywood,,0.0,3,4,CBlock,,,,,588,,0,411,999,GasA,4,Y,,6.906754778648554,0,0,6.906754778648554,1,0,1,0,3,1,4,6,Typ,0,,,44.0,,1,264,,,Y,0,132,0,0,0,0,,,,0,3,WD,Normal,1,1,1,0,1,1,1,1,1,1,1,1,0,1,1,1,1,1,1
7,RM,4.0943445622221,9.705372005140934,Pave,,Reg,Lvl,AllPub,Inside,Gtl,OldTown,Norm,Norm,1Fam,2Story,4,7,100,60,Gable,CompShg,VinylSd,VinylSd,,0.0,3,3,CBlock,,,,,0,,0,622,622,GasA,4,Y,,6.608000625296087,622,0,7.217443431696533,0,0,1,0,3,1,3,6,Typ,0,,,44.0,,2,528,,,Y,0,0,0,0,1,0,,,,0,6,WD,Normal,0,1,1,0,1,1,1,1,1,1,1,1,0,1,1,1,1,1,1
8,RL,4.406719247264253,9.885010076007845,Pave,,Reg,Lvl,AllPub,Inside,Gtl,NAmes,Norm,Norm,1Fam,SLvl,6,7,42,42,Gable,CompShg,HdBoard,HdBoard,,183.0,3,3,CBlock,,,,,312,,1,276,1127,GasA,3,Y,,7.060476365999801,0,0,7.060476365999801,1,0,1,1,3,1,3,6,Typ,0,,,42.0,,2,490,,,Y,0,129,0,0,0,0,,,,0,5,WD,Normal,0,1,1,0,1,1,1,1,1,1,1,1,0,1,1,1,1,1,1
9,RL,4.499809670330265,10.144983372570211,Pave,,IR1,Lvl,AllPub,Corner,Gtl,CollgCr,Norm,Norm,1Fam,1Story,9,5,5,5,Hip,CompShg,VinylSd,VinylSd,,215.0,4,3,PConc,,,,,1059,,0,567,1626,GasA,5,Y,,7.419380582918692,0,0,7.419380582918692,1,0,2,0,3,1,4,7,Typ,1,,,5.0,,3,702,,,Y,257,45,0,0,0,0,,,,0,7,WD,Normal,0,1,1,0,1,1,1,1,1,1,1,1,0,1,1,1,1,1,1
12,RL,4.61512051684126,10.42181355247954,Pave,,IR1,Lvl,AllPub,Corner,Gtl,NridgHt,Norm,Norm,1Fam,2Story,8,5,1,0,Gable,CompShg,VinylSd,VinylSd,,380.0,4,3,PConc,,,,,0,,0,1158,1158,GasA,5,Y,,7.05444965813294,1218,0,7.773173680482536,0,0,3,1,4,1,4,9,Typ,1,,,1.0,,3,853,,,Y,240,154,0,0,0,0,,,,0,11,New,Partial,0,1,1,0,1,1,1,1,1,1,1,1,0,1,1,1,1,1,1
5,RM,4.143134726391533,9.195173128198821,Pave,,Reg,Lvl,AllPub,Corner,Gtl,OldTown,Norm,Norm,1Fam,1.5Fin,5,4,106,56,Gable,CompShg,Wd Sdng,Wd Sdng,,0.0,3,3,BrkTil,,,,,0,,0,540,540,GasA,4,N,,6.790097235513905,551,0,7.272398392570047,0,0,1,0,3,1,3,6,Typ,0,,,66.0,,1,352,,,Y,0,0,1,0,0,0,,,,0,4,WD,Normal,0,1,1,0,1,1,1,1,1,1,1,1,0,1,1,1,1,1,1
12,RL,,10.392620594042258,Pave,,IR2,Lvl,AllPub,Corner,Gtl,Gilbert,Norm,Norm,1Fam,2Story,6,6,10,10,Gable,CompShg,VinylSd,VinylSd,,0.0,3,3,PConc,,,,,182,,0,612,794,GasA,4,Y,,6.677083461247136,676,0,7.293017679772782,0,1,2,0,3,1,3,6,Typ,0,,,10.0,,2,388,,,Y,0,75,0,0,0,0,,,,0,7,WD,Normal,1,1,1,0,1,1,1,1,1,1,1,1,0,1,1,1,1,1,1
9,RL,4.553876891600541,10.239179940841364,Pave,,Reg,Lvl,AllPub,Corner,Gtl,NridgHt,Norm,Norm,1Fam,1Story,7,5,5,5,Gable,CompShg,VinylSd,VinylSd,,226.0,4,3,PConc,,,,,1201,,0,340,1541,GasA,5,Y,,7.340186835320115,0,0,7.340186835320115,0,0,2,0,3,1,4,7,Typ,1,,,5.0,,2,532,,,Y,0,70,0,0,0,0,,,,0,5,New,Partial,0,1,1,0,1,1,1,1,1,1,1,1,0,1,1,1,1,1,1
3,RL,4.5217885770490405,10.231980128230553,Pave,,Reg,Lvl,AllPub,Inside,Gtl,Edwards,Norm,Norm,Duplex,1Story,4,4,53,53,Gable,CompShg,VinylSd,VinylSd,,270.0,3,3,CBlock,,,,,133,,0,1307,1440,GasA,3,N,,7.272398392570047,0,0,7.272398392570047,0,0,2,0,4,2,2,8,Typ,0,,,,,0,0,,,Y,0,0,0,0,0,0,,,,0,9,WD,Normal,0,1,1,0,1,1,1,1,1,1,1,1,1,1,1,1,1,1,1
8,RL,4.290459441148391,9.957072969310346,Pave,,IR1,Lvl,AllPub,Corner,Gtl,Timber,Norm,Norm,1Fam,SLvl,7,5,4,4,Gable,CompShg,VinylSd,VinylSd,,442.0,4,3,PConc,,,,,786,,0,82,868,GasA,5,Y,,7.044032897274685,0,0,7.044032897274685,1,0,2,0,3,1,4,6,Typ,1,,,4.0,,2,438,,,Y,160,22,0,0,0,0,,,,0,5,WD,Normal,0,1,1,0,1,1,1,1,1,1,1,1,0,1,1,1,1,1,1
11,RL,3.4011973816621555,9.95203177264109,Pave,,IR1,Lvl,AllPub,CulDSac,Gtl,Veenker,Norm,Norm,TwnhsE,1Story,8,5,11,10,Hip,CompShg,BrkFace,BrkFace,,0.0,4,4,PConc,,,,,437,,1,0,1494,GasA,5,Y,,7.309212365692763,0,0,7.309212365692763,1,0,1,1,2,1,5,6,Typ,1,,,11.0,,2,481,,,Y,0,30,0,0,1,0,,,,0,4,WD,Normal,0,1,1,0,1,1,1,1,1,1,1,1,0,1,1,1,1,1,1
12,RL,4.30406509320417,9.860523844609627,Pave,,Reg,Lvl,AllPub,Inside,Gtl,NridgHt,Norm,Norm,1Fam,2Story,9,5,5,4,Hip,CompShg,VinylSd,VinylSd,,216.0,4,3,PConc,,,,,1170,,0,292,1462,GasA,5,Y,,7.2875606403097235,762,0,7.707062655370473,1,0,2,1,4,1,5,10,Typ,1,,,5.0,,3,738,,,Y,184,0,0,0,0,0,,,,0,6,WD,Normal,0,1,1,0,1,1,1,1,1,1,1,1,0,1,1,1,1,1,1
5,RL,3.9889840465642745,9.696403220852758,Pave,,IR1,Lvl,AllPub,FR2,Gtl,Crawfor,Norm,Norm,1Fam,1.5Fin,5,6,88,59,Gable,CompShg,Wd Sdng,Wd Sdng,,0.0,3,3,BrkTil,,,,,0,,0,731,731,GasA,5,Y,,6.709304340258298,523,0,7.202661196523238,0,0,1,1,3,1,3,7,Typ,1,,,88.0,,1,186,,,Y,192,0,1,0,0,0,,,,0,7,WD,Normal,0,1,1,0,1,1,1,1,1,1,1,1,0,1,1,1,1,1,1
12,RL,4.189654742026425,10.578789341493572,Pave,,IR3,Lvl,AllPub,Inside,Gtl,CollgCr,Norm,Norm,1Fam,2Story,8,5,9,8,Gable,CompShg,VinylSd,VinylSd,,0.0,4,3,PConc,,,,,281,,0,747,1028,GasA,5,Y,,7.098375638590786,1242,0,7.804659297056102,0,0,2,1,4,1,4,9,Typ,1,,,9.0,,2,683,,,Y,208,50,0,0,0,0,,,,0,5,WD,Normal,0,1,1,0,1,1,1,1,1,1,1,1,0,1,1,1,1,1,1
12,RL,4.605170185988092,9.945978968055442,Pave,,Reg,Lvl,AllPub,Corner,Gtl,NAmes,Artery,Norm,1Fam,2Story,6,6,43,29,Gable,CompShg,VinylSd,VinylSd,,272.0,3,3,CBlock,,,,,442,,0,374,816,GasA,3,Y,,7.027314514039777,850,0,7.589335823170617,0,1,1,1,4,1,3,9,Typ,1,,,43.0,,2,540,,,Y,0,52,0,0,0,0,,,,0,6,WD,Normal,0,1,1,0,1,1,1,1,1,1,1,1,0,1,1,1,1,1,1
4,RL,3.784189633918261,9.26429452341676,Pave,,IR1,Lvl,AllPub,Inside,Gtl,StoneBr,Norm,Norm,TwnhsE,2Story,7,7,19,19,Gable,CompShg,HdBoard,HdBoard,,0.0,4,4,PConc,,,,,495,,1,354,1064,GasA,4,Y,,6.96979066990159,703,0,7.4770384723196965,1,0,2,0,2,1,4,5,Typ,1,,,19.0,,2,504,,,Y,441,35,0,0,0,0,,,,0,6,WD,Normal,0,1,1,0,1,1,1,1,1,1,1,1,0,1,1,1,1,1,1
11,RL,3.871201010907891,9.453346746460348,Pave,,Reg,Lvl,AllPub,Inside,Gtl,NridgHt,Norm,Norm,TwnhsE,1Story,8,5,3,3,Hip,CompShg,MetalSd,MetalSd,,176.0,4,3,PConc,,,,,863,,0,461,1324,GasA,5,Y,,7.188412736496954,0,0,7.188412736496954,1,0,2,0,2,1,4,6,Typ,1,,,3.0,,2,550,,,Y,192,38,0,0,0,0,,,,0,12,WD,Normal,0,1,1,0,1,1,1,1,1,1,1,1,0,1,1,1,1,1,1
5,RL,4.356708826689592,10.668831640481834,Pave,,Reg,Lvl,AllPub,Inside,Gtl,NAmes,Artery,Norm,1Fam,1.5Fin,6,5,62,60,Gable,CompShg,VinylSd,VinylSd,,0.0,3,3,CBlock,,,,,0,,0,912,912,GasA,3,Y,,6.815639990074331,546,0,7.284820912568604,0,1,1,0,3,1,3,6,Typ,1,,,62.0,,1,330,,,Y,192,0,0,0,0,0,,,,0,1,WD,Abnorml,0,1,1,0,1,1,1,1,1,1,1,1,0,1,1,1,1,1,1
9,RL,4.356708826689592,9.923099242503055,Pave,,IR1,Lvl,AllPub,Inside,Gtl,CollgCr,Norm,Norm,1Fam,1Story,6,5,1,1,Gable,CompShg,VinylSd,VinylSd,,0.0,4,3,PConc,,,,,24,,0,1290,1314,GasA,4,Y,,7.1808311990445555,0,0,7.1808311990445555,0,0,2,0,3,1,4,6,Typ,1,,,1.0,,2,440,,,Y,0,22,0,0,0,0,,,,0,3,WD,Normal,0,1,1,0,1,1,1,1,1,1,1,1,0,1,1,1,1,1,1
11,RL,3.912023005428146,9.74586987537184,Pave,,Reg,Lvl,AllPub,Inside,Gtl,SawyerW,Norm,Norm,TwnhsE,1Story,6,5,15,15,Gable,CompShg,Plywood,ImStucc,,0.0,4,3,PConc,,,,,430,,0,1145,1575,GasA,4,Y,,7.362010551259734,0,0,7.362010551259734,1,0,2,0,2,1,4,5,Typ,0,,,15.0,,2,529,,,Y,0,0,1,0,0,0,,,,0,7,WD,Normal,0,1,1,0,1,1,1,1,1,1,1,1,0,1,1,1,1,1,1
9,RL,4.48863636973214,10.30670484320729,Pave,,IR1,HLS,AllPub,Inside,Gtl,Timber,Norm,Norm,1Fam,1Story,9,5,2,1,Hip,CompShg,VinylSd,VinylSd,,70.0,4,3,PConc,,,,,1022,,0,598,1620,GasA,5,Y,,7.3901814282264295,0,0,7.3901814282264295,1,0,2,0,2,1,5,6,Typ,1,,,1.0,,3,912,,,Y,228,0,0,0,0,0,,,,0,9,WD,Normal,0,1,1,0,1,1,1,1,1,1,1,1,0,1,1,1,1,1,1
5,RL,,10.145193173784754,Pave,,Reg,Lvl,AllPub,Inside,Gtl,ClearCr,Norm,Norm,1Fam,1.5Fin,4,5,52,20,Gable,CompShg,Wd Sdng,Wd Sdng,,0.0,3,3,CBlock,,,,,0,,0,1104,1104,GasA,5,Y,,7.00669522683704,684,0,7.488852955733459,1,0,1,0,5,1,3,8,Min2,2,,,52.0,,1,304,,,Y,120,0,0,0,0,0,,,,0,11,WD,Normal,1,1,1,0,1,1,1,1,1,1,1,1,0,1,1,1,1,1,1
6,RL,4.248495242049359,9.801361141894677,Pave,,Reg,Lvl,AllPub,Inside,Gtl,Sawyer,Norm,Norm,1Fam,SFoyer,6,5,41,41,Gable,CompShg,VinylSd,VinylSd,,0.0,3,3,CBlock,,,,,187,,1,0,814,GasA,4,Y,,6.816735880594968,0,0,6.816735880594968,1,0,1,0,3,1,3,6,Typ,0,,,17.0,,1,240,,,Y,0,0,1,0,0,0,,,,0,5,WD,Normal,0,1,1,0,1,1,1,1,1,1,1,1,0,1,1,1,1,1,1
9,RL,4.442651256490317,10.331845057501438,Pave,,Reg,Lvl,AllPub,Inside,Gtl,NWAmes,Norm,Norm,1Fam,1Story,6,6,32,22,Gable,CompShg,Plywood,Plywood,,119.0,3,3,CBlock,,,,,790,,1,589,1542,GasA,3,Y,,7.636752112435779,0,0,7.636752112435779,1,0,2,0,3,1,3,7,Min1,2,,,32.0,,2,500,,,Y,349,0,0,0,0,0,,,,0,2,WD,Normal,0,1,1,0,1,1,1,1,1,1,1,1,0,1,1,1,1,1,1
4,FV,3.1780538303479458,8.458820615594938,Pave,,Reg,Lvl,AllPub,Inside,Gtl,Somerst,Norm,Norm,Twnhs,2Story,8,5,8,7,Gable,CompShg,MetalSd,MetalSd,,456.0,4,3,PConc,,,,,0,,0,776,776,GasA,5,Y,,6.638567789166521,677,0,7.273092595999522,0,0,2,1,2,1,4,5,Typ,0,,,8.0,,2,492,,,Y,206,0,0,0,0,0,,,,0,11,WD,Normal,0,1,1,0,1,1,1,1,1,1,1,1,0,1,1,1,1,1,1
10,RM,4.174387269895637,9.862649998034442,Pave,,IR1,Bnk,AllPub,Corner,Gtl,OldTown,Norm,Norm,1Fam,2.5Unf,7,6,90,56,Gable,CompShg,MetalSd,MetalSd,,0.0,3,3,BrkTil,,,,,0,,0,815,815,GasA,5,Y,,6.703188113240863,875,0,7.432483807917119,0,0,1,0,3,1,3,7,Typ,1,,,90.0,,1,225,,,Y,0,0,1,0,0,0,,,,0,7,ConLw,Normal,0,1,1,0,1,1,1,1,1,1,1,1,0,1,1,1,1,1,1
9,RL,,10.41847453758917,Pave,,Reg,Bnk,AllPub,Corner,Mod,Sawyer,Norm,Norm,1Fam,1Story,5,6,50,19,Gable,CompShg,CemntBd,Wd Sdng,,0.0,3,3,CBlock,,,,,988,,0,200,1188,GasA,4,Y,,7.270312886079025,0,0,7.270312886079025,1,0,1,1,3,1,3,6,Min2,1,,,7.0,,2,576,,,Y,304,0,0,0,0,0,,,,0,11,WD,Normal,1,1,1,0,1,1,1,1,1,1,1,1,0,1,1,1,1,1,1
9,RL,,10.873318250628445,Pave,,IR2,Lvl,AllPub,CulDSac,Gtl,NWAmes,PosN,Norm,1Fam,1Story,7,7,38,3,Hip,CompShg,BrkFace,HdBoard,,0.0,3,3,CBlock,,,,,297,,1,1203,1568,GasA,3,Y,,7.6760099320288875,0,0,7.6760099320288875,0,0,2,0,3,1,3,9,Typ,1,,,38.0,,2,508,,,Y,0,80,0,1,0,0,,,,0,6,WD,Normal,1,1,1,0,1,1,1,1,1,1,1,1,0,1,1,1,1,1,1
0,RL,4.204692619390966,9.327944372672544,Pave,,Reg,Lvl,AllPub,Inside,Gtl,Edwards,Norm,Norm,1Fam,1Story,5,6,83,58,Gable,CompShg,Stucco,Stucco,,0.0,3,3,CBlock,,,,,468,,0,396,864,GasA,3,N,,6.761572768804055,0,0,6.761572768804055,1,0,1,0,2,1,3,5,Typ,0,,,,,0,0,,,Y,0,0,1,0,0,0,,,,0,4,WD,Normal,0,1,1,0,1,1,1,1,1,1,1,1,1,1,1,1,1,1,1
4,RM,3.58351893845611,8.435552334155165,Pave,,Reg,Lvl,AllPub,Inside,Gtl,MeadowV,Norm,Norm,TwnhsE,2Story,5,3,34,34,Gable,CompShg,CemntBd,CmentBd,,0.0,3,3,CBlock,,,,,129,,1,175,536,GasA,3,Y,,6.284134161070802,576,0,7.013915474810528,0,0,1,1,3,1,3,4,Typ,0,,,34.0,,1,336,,,Y,182,0,0,0,0,0,,,,0,4,WD,Normal,0,1,1,0,1,1,1,1,1,1,1,1,0,1,1,1,1,1,1
12,RL,4.7535901911063645,10.358405880204137,Pave,,Reg,Lvl,AllPub,Inside,Gtl,SawyerW,Feedr,Norm,1Fam,2Story,7,5,17,16,Gable,CompShg,HdBoard,Plywood,,246.0,4,3,CBlock,,,,,700,,0,0,700,GasA,4,Y,,7.022868086082641,1121,0,7.715569534520208,1,0,2,1,4,1,4,8,Typ,1,,,17.0,,3,746,,,Y,127,44,1,0,0,0,,,,0,6,WD,Normal,0,1,1,0,1,1,1,1,1,1,1,1,0,1,1,1,1,1,1
7,RM,4.04305126783455,9.995231381490694,Pave,,Reg,Lvl,AllPub,Inside,Gtl,OldTown,Norm,Norm,1Fam,2Story,4,4,81,56,Gable,CompShg,MetalSd,MetalSd,,0.0,3,3,CBlock,,,,,0,,0,686,686,GasA,2,N,,6.697034247666484,518,0,7.191429330036379,0,0,1,0,3,1,3,8,Typ,0,,,66.0,,1,210,,,Y,0,172,1,0,0,0,,,,0,9,WD,Family,0,1,1,0,1,1,1,1,1,1,1,1,0,1,1,1,1,1,1
0,RL,4.0943445622221,10.09703958498912,Pave,,Reg,Lvl,AllPub,Inside,Gtl,OldTown,Norm,Norm,1Fam,1Story,4,6,80,0,Gable,CompShg,Wd Sdng,Wd Sdng,,0.0,3,3,BrkTil,,,,,0,,0,656,656,GasA,3,Y,,6.875232087276577,0,0,6.875232087276577,0,0,2,0,4,1,3,5,Typ,0,,,79.0,,1,216,,,Y,0,0,0,0,0,0,,,,0,8,WD,Normal,0,1,1,0,1,1,1,1,1,1,1,1,0,1,1,1,1,1,1
7,RL,4.0943445622221,9.846610965056376,Pave,,Reg,Lvl,AllPub,Inside,Gtl,BrkSide,RRAn,Norm,1Fam,2Story,6,7,92,4,Gable,CompShg,Wd Sdng,Wd Sdng,,0.0,3,3,BrkTil,,,,,0,,0,698,698,GasA,5,Y,,6.548219102762372,698,0,7.241366283322318,0,0,1,0,3,1,3,7,Typ,0,,,4.0,,1,384,,,Y,0,0,0,0,1,0,,,,0,7,WD,Normal,0,1,1,0,1,1,1,1,1,1,1,1,0,1,1,1,1,1,1
9,RL,4.477336814478207,10.160203394630262,Pave,,Reg,Lvl,AllPub,Corner,Gtl,StoneBr,Norm,Norm,1Fam,1Story,9,2,0,0,Hip,CompShg,VinylSd,VinylSd,,350.0,4,3,PConc,,,,,1445,,0,411,1856,GasA,5,Y,,7.526178913346146,0,0,7.526178913346146,1,0,1,1,1,1,5,8,Typ,1,,,0.0,,3,834,,,Y,113,0,0,0,0,0,,,,0,6,New,Partial,0,1,1,0,1,1,1,1,1,1,1,1,0,1,1,1,1,1,1
12,RL,4.454347296253507,10.07076880913607,Pave,,Reg,Lvl,AllPub,Inside,Gtl,NridgHt,Norm,Norm,1Fam,2Story,8,5,0,0,Gable,CompShg,VinylSd,VinylSd,,300.0,4,3,PConc,,,,,1288,,0,294,1582,GasA,5,Y,,7.383989457978509,551,0,7.6783263565068856,1,0,1,1,3,1,5,8,Typ,1,,,0.0,,3,789,,,Y,178,120,0,0,0,0,,,,0,11,New,Partial,0,1,1,0,1,1,1,1,1,1,1,1,0,1,1,1,1,1,1
9,RL,,10.608363996083318,Pave,,IR1,Lvl,AllPub,FR2,Gtl,NWAmes,Norm,Norm,1Fam,1Story,6,7,32,9,Gable,CompShg,CemntBd,CmentBd,,126.0,4,3,CBlock,,,,,1246,,0,356,1602,GasA,4,Y,,7.379008127628304,0,0,7.379008127628304,0,1,2,0,3,1,4,8,Typ,1,,,32.0,,2,529,,,Y,240,0,0,0,0,0,,,,0,6,WD,Normal,1,1,1,0,1,1,1,1,1,1,1,1,0,1,1,1,1,1,1
4,RM,3.044522437723423,7.939120540700647,Pave,,Reg,Lvl,AllPub,Inside,Gtl,BrDale,Norm,Norm,Twnhs,2Story,5,5,38,38,Gable,CompShg,HdBoard,HdBoard,,142.0,3,3,CBlock,,,,,0,,0,630,630,GasA,3,Y,,6.4457198193855785,672,0,7.171656822768514,0,0,2,1,3,1,3,6,Typ,0,,,18.0,,1,280,,,Y,0,0,0,0,0,0,,,,0,5,COD,Abnorml,0,1,1,0,1,1,1,1,1,1,1,1,0,1,1,1,1,1,1
12,RL,,9.72355743518317,Pave,,IR1,Lvl,AllPub,Inside,Gtl,Gilbert,Norm,Norm,1Fam,2Story,6,5,4,3,Gable,CompShg,VinylSd,VinylSd,,0.0,4,3,PConc,,,,,457,,0,326,783,GasA,5,Y,,6.693323668269949,702,0,7.319202458767849,1,0,2,1,3,1,4,7,Typ,1,,,4.0,,2,393,,,Y,100,75,0,0,0,0,,,,0,6,WD,Normal,1,1,1,0,1,1,1,1,1,1,1,1,0,1,1,1,1,1,1
9,RL,,10.313107679197982,Pave,,IR2,Lvl,AllPub,Inside,Gtl,Sawyer,Norm,Norm,1Fam,1Story,5,6,46,46,Hip,CompShg,HdBoard,Plywood,,0.0,3,3,CBlock,,,,,737,,0,175,912,GasA,3,Y,,6.815639990074331,0,0,6.815639990074331,1,0,1,0,2,1,3,4,Typ,0,,,46.0,,1,352,,,Y,140,0,0,0,1,0,,,,0,9,WD,Normal,1,1,1,0,1,1,1,1,1,1,1,1,0,1,1,1,1,1,1
5,RM,3.912023005428146,9.195173128198821,Pave,,Reg,Lvl,AllPub,Corner,Gtl,BrkSide,Feedr,Norm,1Fam,1.5Fin,6,7,59,56,Gable,CompShg,CemntBd,CmentBd,,0.0,3,4,CBlock,,,,,399,,0,605,1004,GasA,5,Y,,6.911747300251674,660,0,7.416979621381154,0,0,2,0,3,1,3,7,Typ,2,,,56.0,,2,420,,,Y,0,24,1,0,0,0,,,,0,10,WD,Normal,0,1,1,0,1,1,1,1,1,1,1,1,0,1,1,1,1,1,1
5,RL,4.0943445622221,9.801361141894677,Pave,,Reg,Bnk,AllPub,Inside,Gtl,SWISU,Norm,Norm,1Fam,1.5Fin,6,5,83,58,Gable,CompShg,MetalSd,MetalSd,,0.0,3,3,PConc,,,,,423,,0,758,1181,GasA,2,Y,,7.237059026124737,304,0,7.434847875211999,0,0,2,0,4,1,3,7,Typ,1,,,83.0,,2,576,,,Y,342,0,1,0,0,0,,,,0,6,WD,Normal,0,1,1,0,1,1,1,1,1,1,1,1,0,1,1,1,1,1,1
0,RM,3.8501476017100584,9.100288053130127,Pave,,Reg,Lvl,AllPub,Corner,Gtl,OldTown,Artery,Norm,1Fam,1Story,4,6,65,60,Gable,CompShg,MetalSd,MetalSd,,0.0,3,4,CBlock,,,,,0,,0,747,747,GasA,3,Y,,6.616065185132817,0,0,6.616065185132817,0,0,1,0,2,1,3,4,Typ,0,,,65.0,,1,220,,,Y,0,0,0,0,0,0,,,,0,6,WD,Normal,0,1,1,0,1,1,1,1,1,1,1,1,0,1,1,1,1,1,1
9,RL,4.0943445622221,9.620654483038743,Pave,,Reg,Lvl,AllPub,Inside,Gtl,NAmes,Norm,Norm,1Fam,1Story,4,5,56,56,Gable,CompShg,BrkFace,Wd Sdng,,0.0,3,3,Slab,,,,,0,,0,0,0,GasA,3,Y,,6.946975992135418,0,0,6.946975992135418,0,0,1,0,2,1,3,4,Typ,0,,,56.0,,2,420,,,Y,0,29,0,0,0,0,,,,0,7,WD,Normal,0,1,1,0,1,1,1,1,1,1,1,1,0,1,1,1,1,1,1
12,RL,4.219507705176107,9.87388226644907,Pave,,IR1,Lvl,AllPub,Inside,Gtl,CollgCr,Norm,Norm,1Fam,2Story,7,5,7,7,Gable,CompShg,VinylSd,VinylSd,,95.0,4,3,PConc,,,,,0,,0,831,831,GasA,5,Y,,6.7226297948554485,829,0,7.414572881350589,0,0,2,1,3,1,4,7,Typ,0,,,7.0,,2,493,,,Y,144,68,0,0,0,0,,,,0,7,WD,Normal,0,1,1,0,1,1,1,1,1,1,1,1,0,1,1,1,1,1,1
5,RL,3.912023005428146,9.195173128198821,Pave,,Reg,Lvl,AllPub,Inside,Gtl,SWISU,Norm,Norm,1Fam,1.5Fin,5,6,86,60,Gable,CompShg,BrkFace,Wd Sdng,,0.0,3,3,BrkTil,,,,,218,,0,808,1026,GasA,3,Y,,6.933423025730715,665,0,7.43307534889858,0,0,2,0,3,1,4,6,Typ,1,,,86.0,,1,308,,,Y,0,0,1,0,0,0,,,,0,5,WD,Normal,0,1,1,0,1,1,1,1,1,1,1,1,0,1,1,1,1,1,1
9,RL,4.0943445622221,9.620654483038743,Pave,,Reg,Lvl,AllPub,Inside,Gtl,NAmes,Norm,Norm,1Fam,1Story,5,8,57,5,Gable,CompShg,VinylSd,VinylSd,,0.0,3,3,CBlock,,,,,398,,1,317,864,GasA,4,Y,,6.761572768804055,0,0,6.761572768804055,1,0,1,0,3,1,4,5,Typ,0,,,27.0,,2,720,,,Y,194,0,0,0,0,0,,,,0,7,WD,Normal,0,1,1,0,1,1,1,1,1,1,1,1,0,1,1,1,1,1,1
11,RL,3.912023005428146,9.616582753055537,Pave,,Reg,Lvl,AllPub,Inside,Gtl,SawyerW,Norm,Norm,TwnhsE,1Story,6,5,26,26,Gable,CompShg,Plywood,Plywood,,0.0,3,3,CBlock,,,,,623,,1,0,744,GasA,3,Y,,6.62273632394984,0,0,6.62273632394984,1,0,1,0,2,1,3,4,Typ,0,,,26.0,,1,264,,,Y,353,0,0,0,1,0,,,,0,2,WD,Normal,0,1,1,0,1,1,1,1,1,1,1,1,0,1,1,1,1,1,1
12,RL,4.382026634673881,10.263475088578268,Pave,,Reg,Lvl,AllPub,Inside,Gtl,CollgCr,Norm,Norm,1Fam,2Story,7,5,7,7,Gable,CompShg,VinylSd,VinylSd,,172.0,4,3,PConc,,,,,361,,0,602,963,GasA,5,Y,,6.870053411798126,829,0,7.491087593534876,0,0,2,1,3,1,4,7,Typ,1,,,7.0,,2,564,,,Y,0,96,0,1,0,0,,,,0,5,WD,Normal,0,1,1,0,1,1,1,1,1,1,1,1,0,1,1,1,1,1,1
4,RL,3.58351893845611,8.451407459576952,Pave,,Reg,Lvl,AllPub,Inside,Gtl,NridgHt,Norm,Norm,Twnhs,2Story,7,5,7,7,Gable,CompShg,VinylSd,Wd Shng,,106.0,4,3,PConc,,,,,0,,0,764,764,GasA,5,Y,,6.638567789166521,862,0,7.3938782901077555,0,0,2,1,2,1,4,6,Typ,0,,,7.0,,2,474,,,Y,0,27,0,0,0,0,,,,0,6,WD,Normal,0,1,1,0,1,1,1,1,1,1,1,1,0,1,1,1,1,1,1
9,RL,4.1588830833596715,9.887223274721594,Pave,,IR1,HLS,AllPub,Inside,Gtl,Timber,Norm,Norm,1Fam,1Story,8,5,1,1,Hip,CompShg,VinylSd,VinylSd,,32.0,4,3,PConc,,,,,428,,0,1048,1476,GasA,5,Y,,7.302496423727326,0,0,7.302496423727326,0,0,2,0,2,1,5,6,Typ,1,,,1.0,,2,472,,,Y,120,33,0,0,0,0,,,,0,12,WD,Normal,0,1,1,0,1,1,1,1,1,1,1,1,0,1,1,1,1,1,1
10,RM,4.465908118654584,10.727394445763924,Pave,,Reg,Lvl,AllPub,Inside,Gtl,OldTown,Norm,Norm,1Fam,2.5Fin,7,9,128,6,Gable,CompShg,CemntBd,CmentBd,,0.0,3,3,BrkTil,,,,,0,,0,1470,1470,GasA,5,Y,,7.423568444259167,1818,0,8.158516244806831,0,0,3,0,3,1,4,10,Typ,1,,,5.0,,3,870,,,Y,302,0,0,0,0,0,,,,0,5,WD,Normal,0,1,1,0,1,1,1,1,1,1,1,1,0,1,1,1,1,1,1
9,RL,4.68213122712422,10.331665407222987,Pave,,IR1,Lvl,AllPub,Corner,Gtl,NridgHt,Norm,Norm,1Fam,1Story,9,5,3,2,Hip,CompShg,VinylSd,VinylSd,,300.0,4,3,PConc,,,,,1572,,0,80,1652,GasA,5,Y,,7.409741954080923,0,0,7.409741954080923,1,0,2,0,2,1,5,6,Typ,2,,,3.0,,2,840,,,Y,404,102,0,0,0,0,,,,0,11,WD,Normal,0,1,1,0,1,1,1,1,1,1,1,1,0,1,1,1,1,1,1
9,RL,4.219507705176107,9.954739442159594,Pave,,Reg,Lvl,AllPub,Inside,Gtl,Edwards,Norm,Norm,1Fam,1Story,5,3,51,51,Gable,CompShg,BrkComm,Brk Cmn,,0.0,3,2,CBlock,,,,,0,,0,1276,1276,GasA,3,Y,,7.151485463904735,0,0,7.151485463904735,0,0,1,0,3,1,3,5,Mod,0,,,51.0,,1,350,,,Y,0,0,0,0,0,0,,,,0,6,COD,Abnorml,0,1,1,0,1,1,1,1,1,1,1,1,0,1,1,1,1,1,1
5,RL,4.382026634673881,9.95829931831355,Pave,,Reg,Lvl,AllPub,Inside,Gtl,NAmes,Norm,Norm,1Fam,1.5Fin,6,8,59,4,Gable,CompShg,VinylSd,VinylSd,,0.0,3,4,CBlock,,,,,120,,0,736,856,GasA,5,Y,,7.013915474810528,556,0,7.419380582918692,0,0,1,1,3,1,3,6,Min2,0,,,59.0,,1,271,,,Y,0,0,0,0,0,0,,,,0,9,WD,Normal,0,1,1,0,1,1,1,1,1,1,1,1,0,1,1,1,1,1,1
5,RL,4.0943445622221,10.09703958498912,Pave,,Reg,Lvl,AllPub,Inside,Gtl,NAmes,Norm,Norm,1Fam,1.5Fin,4,4,57,56,Gable,CompShg,AsbShng,AsbShng,,0.0,3,3,CBlock,,,,,0,,0,720,720,GasA,3,N,,6.579251212010101,472,0,7.083387847625295,0,0,1,1,4,1,3,6,Typ,0,,,,,0,0,,,Y,0,0,0,0,0,0,,,,0,12,WD,Abnorml,0,1,1,0,1,1,1,1,1,1,1,1,1,1,1,1,1,1,1
6,RL,,9.905679941171831,Pave,,IR1,Lvl,AllPub,CulDSac,Gtl,SawyerW,Norm,Norm,1Fam,SFoyer,5,7,24,24,Gable,CompShg,HdBoard,HdBoard,,0.0,3,3,CBlock,,,,,747,,1,0,840,GasA,4,Y,,6.784457062637643,0,0,6.784457062637643,1,0,1,0,2,1,4,5,Typ,0,,,24.0,,2,504,,,Y,240,0,0,0,0,0,,,,0,12,WD,Normal,1,1,1,0,1,1,1,1,1,1,1,1,0,1,1,1,1,1,1
12,RL,,10.43417069089516,Pave,,IR1,Low,AllPub,Inside,Mod,SawyerW,Norm,Norm,1Fam,2Story,7,5,19,18,Gable,CompShg,Plywood,Plywood,,128.0,4,3,CBlock,,,,,1065,,0,92,1157,GasA,5,Y,,7.07326971745971,882,0,7.631431664576906,1,0,2,1,3,1,3,7,Typ,1,,,19.0,,2,454,,,Y,60,55,0,0,1,0,,,,0,4,WD,Normal,1,1,1,0,1,1,1,1,1,1,1,1,0,1,1,1,1,1,1
9,RL,4.0943445622221,9.620654483038743,Pave,,Reg,Lvl,AllPub,Inside,Gtl,NAmes,Norm,Norm,1Fam,1Story,5,7,55,3,Gable,CompShg,VinylSd,VinylSd,,0.0,3,3,Slab,,,,,0,,0,0,0,GasA,5,Y,,6.717804695023691,0,0,6.717804695023691,0,0,1,0,2,1,3,5,Mod,1,,,43.0,,1,392,,,Y,0,0,0,0,0,0,,,,0,4,WD,Normal,0,1,1,0,1,1,1,1,1,1,1,1,0,1,1,1,1,1,1
7,RL,4.0943445622221,10.162273397060327,Pave,,IR1,Lvl,AllPub,Corner,Gtl,BrkSide,RRAn,Feedr,1Fam,2Story,7,8,99,16,Gable,CompShg,HdBoard,HdBoard,,0.0,3,4,BrkTil,,,,,0,,0,728,728,GasA,3,N,,7.035268599281097,883,0,7.610357618312838,0,0,1,0,3,1,4,8,Typ,0,,,12.0,,2,532,,,Y,509,135,0,0,0,0,,,,0,10,WD,Normal,0,1,1,0,1,1,1,1,1,1,1,1,0,1,1,1,1,1,1
4,RM,,8.46748231374973,Pave,,Reg,Lvl,AllPub,Inside,Gtl,MeadowV,Norm,Norm,TwnhsE,2Story,5,6,32,32,Gable,CompShg,CemntBd,CmentBd,,0.0,3,3,PConc,,,,,0,,0,264,264,GasA,3,Y,,6.423246963533519,688,0,7.1731917424865985,0,0,1,1,3,1,3,4,Typ,1,,,32.0,,1,336,,,Y,141,24,0,0,0,0,,,,0,6,WD,Normal,1,1,1,0,1,1,1,1,1,1,1,1,0,1,1,1,1,1,1
7,RM,4.0943445622221,8.814237892455079,Pave,,Reg,Lvl,AllPub,Inside,Gtl,OldTown,Norm,Norm,1Fam,2Story,6,7,96,13,Gable,CompShg,VinylSd,VinylSd,,0.0,3,3,CBlock,,,,,0,,0,684,684,GasA,5,N,,6.52795791762255,684,0,7.221105098182496,0,0,1,0,3,1,3,7,Typ,0,,,76.0,,1,216,,,N,0,158,0,0,0,0,,,,0,10,WD,Normal,0,1,1,0,1,1,1,1,1,1,1,1,0,1,1,1,1,1,1
5,RM,4.0943445622221,9.366008251392675,Pave,,Reg,Lvl,AllPub,Corner,Gtl,OldTown,Norm,Norm,1Fam,2Story,3,6,95,60,Gambrel,CompShg,VinylSd,VinylSd,,0.0,4,4,CBlock,,,,,0,,0,840,840,GasA,4,N,,6.733401891837359,765,0,7.380879035564116,0,0,2,0,3,2,3,8,Typ,0,,,95.0,,1,379,,,Y,0,0,1,0,0,0,,,,0,5,WD,Normal,0,1,1,0,1,1,1,1,1,1,1,1,0,1,1,1,1,1,1
9,RL,4.543294782270004,10.242860466342842,Pave,,Reg,Lvl,AllPub,Inside,Gtl,NridgHt,Norm,Norm,1Fam,1Story,10,5,0,0,Hip,CompShg,CemntBd,CmentBd,,305.0,5,3,CBlock,,,,,1436,,0,570,2006,GasA,5,Y,,7.61085279039525,0,0,7.61085279039525,1,0,2,1,3,1,5,9,Typ,1,,,0.0,,3,900,,,Y,156,54,0,0,0,0,,,,0,9,New,Partial,0,1,1,0,1,1,1,1,1,1,1,1,0,1,1,1,1,1,1
4,FV,3.5553480614894135,9.006706716444333,Pave,,IR1,Lvl,AllPub,Inside,Gtl,Somerst,Norm,Norm,TwnhsE,2Story,7,5,1,0,Gable,CompShg,MetalSd,MetalSd,,0.0,4,3,PConc,,,,,0,,0,625,625,GasA,5,Y,,6.437751649736401,625,0,7.1308988302963465,0,0,2,1,2,1,4,5,Typ,0,,,1.0,,2,528,,,Y,0,54,0,0,0,0,,,,0,6,New,Partial,0,1,1,0,1,1,1,1,1,1,1,1,0,1,1,1,1,1,1
9,RL,4.48863636973214,10.265944255685369,Pave,,Reg,Lvl,AllPub,Corner,Gtl,NoRidge,Norm,Norm,1Fam,1Story,8,5,12,11,Gable,CompShg,ImStucc,ImStucc,,0.0,4,3,PConc,,,,,1456,,0,168,1624,GasA,5,Y,,7.392647520721623,0,0,7.392647520721623,1,0,2,0,2,1,4,5,Typ,1,,,12.0,,3,757,,,Y,0,114,1,0,0,0,,,,0,7,WD,Normal,0,1,1,0,1,1,1,1,1,1,1,1,0,1,1,1,1,1,1
9,RL,4.23410650459726,9.683825114659289,Pave,,Reg,Lvl,AllPub,Corner,Gtl,Mitchel,Norm,Norm,1Fam,1Story,4,6,25,1,Gable,CompShg,HdBoard,Plywood,,0.0,3,3,CBlock,,,,,565,,0,280,845,GasA,3,Y,,6.739336627357174,0,0,6.739336627357174,1,0,1,0,2,1,3,4,Typ,0,,,20.0,,2,360,,,Y,0,0,0,0,0,0,,,,0,6,WD,Normal,0,1,1,0,1,1,1,1,1,1,1,1,0,1,1,1,1,1,1
9,RL,4.343805421853684,10.007528746105661,Pave,,Reg,Lvl,AllPub,Inside,Mod,Mitchel,Norm,Norm,1Fam,1Story,5,5,32,31,Gable,CompShg,HdBoard,HdBoard,,0.0,3,3,CBlock,,,,,1071,,1,195,1389,GasA,4,Y,,7.236339342754344,0,0,7.236339342754344,1,0,1,0,2,1,3,6,Typ,1,,,31.0,,2,418,,,Y,240,38,0,0,0,0,,,,0,4,WD,Normal,0,1,1,0,1,1,1,1,1,1,1,1,0,1,1,1,1,1,1
0,RM,4.0943445622221,9.818014439778864,Pave,,Reg,Lvl,AllPub,Inside,Gtl,OldTown,Norm,Norm,1Fam,1Story,5,6,84,1,Gable,CompShg,Wd Sdng,Wd Sdng,,0.0,4,3,CBlock,,,,,0,,0,968,968,GasA,3,Y,,6.875232087276577,0,0,6.875232087276577,0,0,1,0,2,1,3,5,Typ,0,,,72.0,,2,480,,,N,0,0,1,0,0,0,,,,0,7,WD,Normal,0,1,1,0,1,1,1,1,1,1,1,1,0,1,1,1,1,1,1
4,RM,3.044522437723423,8.138822531765168,Pave,,Reg,Lvl,AllPub,Inside,Gtl,MeadowV,Norm,Norm,Twnhs,2Story,4,5,37,37,Gable,CompShg,CemntBd,CmentBd,,80.0,3,3,CBlock,,,,,0,,0,546,546,GasA,2,Y,,6.302618975744905,546,0,6.9957661563048505,0,0,1,1,3,1,3,6,Typ,0,,,37.0,,1,286,,,Y,0,0,0,0,0,0,,,,0,1,WD,Normal,0,1,1,0,1,1,1,1,1,1,1,1,0,1,1,1,1,1,1
11,RM,,9.055863565872906,Pave,,Reg,Lvl,AllPub,Inside,Gtl,CollgCr,Norm,Norm,TwnhsE,1Story,6,5,6,5,Gable,CompShg,VinylSd,VinylSd,,170.0,4,3,PConc,,,,,685,,0,163,848,GasA,5,Y,,6.742880635791903,0,0,6.742880635791903,1,0,1,0,1,1,4,4,Typ,0,,,6.0,,2,420,,,Y,140,0,0,0,0,0,,,,0,6,WD,Normal,1,1,1,0,1,1,1,1,1,1,1,1,0,1,1,1,1,1,1
9,RL,4.248495242049359,9.733952814325196,Pave,,Reg,Lvl,AllPub,Inside,Gtl,NAmes,Norm,Norm,1Fam,1Story,5,6,48,48,Gable,CompShg,BrkFace,Wd Sdng,,0.0,3,3,CBlock,,,,,374,,1,363,1269,GasA,3,Y,,7.1459844677143876,0,0,7.1459844677143876,0,0,1,1,3,1,3,6,Typ,1,,,44.0,,1,308,,,Y,0,0,0,0,0,0,,,,0,6,WD,Normal,0,1,1,0,1,1,1,1,1,1,1,1,0,1,1,1,1,1,1
9,RL,,10.182982976590424,Pave,,Reg,Lvl,AllPub,Inside,Gtl,Sawyer,Norm,Norm,1Fam,1Story,5,5,47,47,Gable,CompShg,Wd Sdng,Wd Sdng,,116.0,3,3,CBlock,,,,,170,,1,252,1092,GasA,3,Y,,6.9957661563048505,0,0,6.9957661563048505,0,1,1,0,3,1,3,6,Typ,1,,,47.0,,1,288,,,Y,0,20,1,0,0,0,,,,0,9,WD,Normal,1,1,1,0,1,1,1,1,1,1,1,1,0,1,1,1,1,1,1
12,RL,,10.610077171914678,Pave,,IR1,Lvl,AllPub,Corner,Gtl,NWAmes,PosA,Norm,1Fam,2Story,7,7,29,12,Gable,CompShg,Plywood,Plywood,,34.0,3,3,CBlock,,,,,795,,0,0,795,GasA,2,Y,,7.291656209174461,795,0,7.724446645633537,1,0,2,1,3,1,4,9,Typ,1,,,29.0,,2,539,,,Y,0,250,0,0,0,0,,,,0,3,WD,Normal,1,1,1,0,1,1,1,1,1,1,1,1,0,1,1,1,1,1,1
9,RL,,9.811796608458005,Pave,,IR1,Lvl,AllPub,Inside,Gtl,NAmes,Norm,Norm,1Fam,1Story,4,7,52,52,Gable,CompShg,VinylSd,VinylSd,,0.0,3,3,CBlock,,,,,228,,0,724,952,GasA,5,Y,,6.858565034791365,0,0,6.858565034791365,0,0,1,0,2,1,3,4,Typ,0,,,52.0,,1,283,,,Y,0,0,0,0,0,0,,,,0,4,WD,Normal,1,1,1,0,1,1,1,1,1,1,1,1,0,1,1,1,1,1,1
2,RM,3.4965075614664802,9.061346012715948,Pave,,Reg,Lvl,AllPub,Inside,Gtl,OldTown,Norm,Norm,2fmCon,2Story,4,5,89,1,Gable,CompShg,MetalSd,MetalSd,,0.0,3,3,BrkTil,,,,,0,,0,736,736,GasA,4,Y,,6.601230118728877,716,0,7.280697195384741,0,0,2,0,2,3,3,8,Typ,0,,,,,0,0,,,N,0,0,1,0,0,0,,,,0,6,New,Partial,0,1,1,0,1,1,1,1,1,1,1,1,1,1,1,1,1,1,1
2,RL,4.31748811353631,10.183897429598453,Pave,,Reg,Lvl,AllPub,Inside,Gtl,Sawyer,Norm,Norm,2fmCon,1Story,5,4,45,45,Hip,CompShg,Plywood,HdBoard,,0.0,3,3,PConc,,,,,841,,0,198,1039,GasA,5,Y,,6.946013991099227,0,0,6.946013991099227,1,0,1,1,3,1,3,6,Typ,0,,,45.0,,2,504,,,Y,0,0,0,0,0,0,,,,0,4,WD,Normal,0,1,1,0,1,1,1,1,1,1,1,1,0,1,1,1,1,1,1
11,RM,3.4657359027997265,9.07275123664154,Pave,,Reg,Lvl,AllPub,FR2,Gtl,Mitchel,Norm,Norm,TwnhsE,1Story,6,5,11,11,Hip,CompShg,VinylSd,VinylSd,,320.0,3,3,PConc,,,,,866,,0,338,1204,GasA,5,Y,,7.093404625868766,0,0,7.093404625868766,1,0,2,0,2,1,3,5,Typ,0,,,11.0,,2,412,,,Y,0,247,0,0,0,0,,,,0,6,WD,Normal,0,1,1,0,1,1,1,1,1,1,1,1,0,1,1,1,1,1,1
8,RL,4.543294782270004,9.71727648087864,Pave,,Reg,Lvl,AllPub,Inside,Gtl,Edwards,Norm,Norm,1Fam,SLvl,6,5,34,34,Gable,CompShg,Plywood,Plywood,,0.0,3,3,CBlock,,,,,422,,1,480,1029,GasA,3,Y,,7.018401799069201,0,0,7.018401799069201,1,0,1,0,3,1,3,6,Typ,1,,,34.0,,2,672,,,Y,144,0,0,0,0,0,,,,0,3,WD,Abnorml,0,1,1,0,1,1,1,1,1,1,1,1,0,1,1,1,1,1,1
9,RL,4.499809670330265,10.460289398587546,Pave,,IR1,Lvl,AllPub,CulDSac,Gtl,SawyerW,Norm,Norm,1Fam,1Story,7,7,19,18,Hip,CompShg,HdBoard,HdBoard,,234.0,4,3,CBlock,,,,,485,,1,1496,2158,GasA,4,Y,,7.694392802629421,0,0,7.694392802629421,0,0,2,0,3,1,4,7,Typ,1,,,19.0,,3,701,,,Y,84,70,0,0,0,0,,,,0,6,WD,Normal,0,1,1,0,1,1,1,1,1,1,1,1,0,1,1,1,1,1,1
8,RL,4.174387269895637,9.799263071166905,Pave,,Reg,Lvl,AllPub,Inside,Gtl,CollgCr,Norm,Norm,1Fam,SLvl,5,8,31,31,Gable,CompShg,HdBoard,HdBoard,,220.0,4,3,CBlock,,,,,595,,0,390,985,GasA,3,Y,,6.892641641172089,0,0,6.892641641172089,0,0,2,0,3,1,3,6,Typ,0,,,31.0,,1,328,,,Y,210,0,0,0,0,0,,,,0,11,WD,Normal,0,1,1,0,1,1,1,1,1,1,1,1,0,1,1,1,1,1,1
9,RL,4.442651256490317,10.081102827953952,Pave,,IR1,Lvl,AllPub,Inside,Gtl,NridgHt,Norm,Norm,1Fam,1Story,8,5,6,5,Gable,CompShg,VinylSd,VinylSd,,296.0,4,3,PConc,,,,,1124,,1,1603,3206,GasA,5,Y,,7.395721608602045,0,0,7.395721608602045,1,0,2,0,3,1,4,7,Typ,1,,,6.0,,3,880,,,Y,0,0,0,0,0,0,,,,0,10,WD,Normal,0,1,1,0,1,1,1,1,1,1,1,1,0,1,1,1,1,1,1
5,RL,3.9512437185814275,9.463037667058957,Pave,,Reg,Lvl,AllPub,Inside,Gtl,SWISU,Norm,Norm,1Fam,1.5Fin,7,7,81,59,Gable,CompShg,Wd Sdng,Wd Sdng,,0.0,3,3,BrkTil,,,,,0,,0,861,861,GasA,4,Y,,6.776506992372183,600,0,7.29776828253138,0,1,2,0,3,1,3,6,Typ,1,,,81.0,,1,216,,,Y,0,50,0,0,0,0,,,,0,8,WD,Normal,0,1,1,0,1,1,1,1,1,1,1,1,0,1,1,1,1,1,1
9,RL,4.2626798770413155,9.598334362327243,Pave,,Reg,Lvl,AllPub,Inside,Gtl,Sawyer,Norm,Norm,1Fam,1Story,5,6,32,32,Gable,CompShg,Plywood,Plywood,,153.0,3,3,CBlock,,,,,560,,0,420,980,GasA,3,Y,,6.887552571664617,0,0,6.887552571664617,0,0,1,0,3,1,3,6,Typ,0,,,23.0,,2,484,,,Y,192,0,0,0,0,0,,,,0,7,WD,Normal,0,1,1,0,1,1,1,1,1,1,1,1,0,1,1,1,1,1,1
12,RL,,10.34710694693204,Pave,,IR1,Lvl,AllPub,CulDSac,Gtl,NoRidge,Norm,Norm,1Fam,2Story,7,5,14,6,Gable,CompShg,HdBoard,HdBoard,,0.0,4,3,PConc,,,,,728,,0,367,1095,GasA,5,Y,,7.061334366910438,1129,0,7.738488122494646,1,0,2,1,4,1,4,9,Typ,1,,,14.0,,2,590,,,Y,0,40,0,0,0,0,,,,0,7,WD,Normal,1,1,1,0,1,1,1,1,1,1,1,1,0,1,1,1,1,1,1
7,RL,4.007333185232471,10.074112095338865,Pave,,Reg,Lvl,AllPub,Inside,Gtl,Crawfor,Norm,Norm,1Fam,2Story,6,7,84,11,Hip,CompShg,Wd Sdng,Wd Sdng,,0.0,3,4,PConc,,,,,0,,0,602,602,GasA,3,Y,,6.802394763324311,602,0,7.31455283232408,0,0,1,1,3,1,4,7,Typ,2,,,84.0,,1,180,,,Y,96,0,1,0,1,0,,,,0,8,WD,Normal,0,1,1,0,1,1,1,1,1,1,1,1,0,1,1,1,1,1,1
8,RL,,10.809012519810768,Pave,,IR1,Lvl,AllPub,CulDSac,Gtl,Edwards,Norm,Norm,1Fam,SLvl,6,7,40,40,Flat,Tar&Grv,Plywood,Plywood,,0.0,4,4,CBlock,,,,,0,,0,697,697,GasA,3,Y,,7.362010551259734,626,0,7.696667081526462,0,0,2,0,4,1,4,8,Typ,1,,,40.0,,2,432,,,Y,586,236,0,0,0,738,,,,0,8,WD,Alloca,1,1,1,0,1,1,1,1,1,1,1,1,0,1,1,1,1,1,1
12,FV,4.442651256490317,10.09703958498912,Pave,,Reg,Lvl,AllPub,Inside,Gtl,Somerst,Norm,Norm,1Fam,2Story,8,5,1,0,Gable,CompShg,VinylSd,VinylSd,,100.0,4,3,PConc,,,,,789,,0,245,1034,GasA,5,Y,,6.956545443151569,1028,0,7.639161171659173,1,0,2,1,3,1,5,8,Typ,1,,,0.0,,3,836,,,Y,0,102,0,0,0,0,,,,0,4,New,Partial,0,1,1,0,1,1,1,1,1,1,1,1,0,1,1,1,1,1,1
0,RM,3.9318256327243257,9.430676920124982,Pave,,Reg,Lvl,AllPub,Inside,Gtl,BrkSide,Norm,Norm,1Fam,1Story,2,3,73,59,Gable,CompShg,AsbShng,AsbShng,,0.0,2,2,BrkTil,,,,,0,,0,264,264,Grav,2,N,,6.684611727667927,0,0,6.684611727667927,0,0,1,0,1,1,2,4,Maj1,1,,,,,0,0,,,N,0,0,0,0,0,0,,,,0,1,ConLw,Normal,0,1,1,0,1,1,1,1,1,1,1,1,1,1,1,1,1,1,1
9,RL,4.356708826689592,9.916136511230189,Pave,,Reg,Lvl,AllPub,Inside,Gtl,Somerst,Norm,Norm,1Fam,1Story,8,5,1,0,Gable,CompShg,CemntBd,CmentBd,,194.0,4,3,PConc,,,,,0,,0,1573,1573,GasA,5,Y,,7.363913501405819,0,0,7.363913501405819,0,0,2,0,3,1,5,7,Typ,1,,,1.0,,3,840,,,Y,0,36,0,0,0,0,,,,0,5,New,Partial,0,1,1,0,1,1,1,1,1,1,1,1,0,1,1,1,1,1,1
9,RL,4.564348191467836,10.264330373614113,Pave,,Reg,Lvl,AllPub,FR2,Gtl,NridgHt,Norm,Norm,1Fam,1Story,8,5,0,0,Hip,CompShg,VinylSd,VinylSd,,426.0,5,3,PConc,,,,,1336,,0,596,1932,GasA,5,Y,,7.566311014772463,0,0,7.566311014772463,1,0,2,0,2,1,5,7,Typ,1,,,0.0,,3,774,,,Y,0,66,0,1,0,0,,,,0,11,New,Partial,0,1,1,0,1,1,1,1,1,1,1,1,0,1,1,1,1,1,1
8,RL,4.248495242049359,9.73084369302974,Pave,,Reg,Lvl,AllPub,Inside,Gtl,NAmes,Norm,Norm,1Fam,SLvl,5,5,48,48,Hip,CompShg,BrkFace,HdBoard,,0.0,3,3,CBlock,,,,,666,,0,409,1075,GasA,4,Y,,7.317876198626496,0,0,7.317876198626496,0,0,2,0,4,1,3,7,Maj1,0,,,48.0,,1,404,,,Y,0,0,0,0,0,0,,,,0,8,WD,Normal,0,1,1,0,1,1,1,1,1,1,1,1,0,1,1,1,1,1,1
9,RL,,9.984846363716693,Pave,,IR1,Lvl,AllPub,Inside,Gtl,Sawyer,Norm,Norm,1Fam,1Story,5,5,43,43,Gable,CompShg,MetalSd,MetalSd,,31.0,3,4,CBlock,,,,,450,,0,432,882,GasA,3,Y,,6.802394763324311,0,0,6.802394763324311,0,0,1,0,3,1,3,5,Typ,0,,,40.0,,1,280,,,Y,0,0,0,0,0,0,,,,0,2,WD,Normal,1,1,1,0,1,1,1,1,1,1,1,1,0,1,1,1,1,1,1
9,RL,4.564348191467836,10.265469809078592,Pave,,Reg,Lvl,AllPub,FR2,Gtl,NridgHt,Norm,Norm,1Fam,1Story,10,5,3,2,Hip,CompShg,CemntBd,CmentBd,,230.0,5,3,PConc,,,,,1172,,0,528,1700,GasA,5,Y,,7.4489161025442,0,0,7.4489161025442,1,0,2,0,3,1,5,7,Typ,1,,,1.0,,3,786,,,Y,216,48,0,0,0,0,,,,0,7,WD,Normal,0,1,1,0,1,1,1,1,1,1,1,1,0,1,1,1,1,1,1
7,RM,3.912023005428146,9.882401061887073,Pave,,Reg,Lvl,AllPub,Corner,Gtl,OldTown,Artery,Norm,1Fam,2Story,5,6,126,15,Gable,CompShg,VinylSd,VinylSd,,0.0,3,3,BrkTil,,,,,0,,0,636,636,GasA,3,Y,,6.9930151229329605,661,0,7.4673710669175595,0,0,1,0,3,1,5,8,Typ,0,,,69.0,,1,240,,,N,0,0,1,0,0,0,,,,0,6,WD,Abnorml,0,1,1,0,1,1,1,1,1,1,1,1,0,1,1,1,1,1,1
12,RL,4.553876891600541,10.200239749795895,Pave,,IR1,Lvl,AllPub,Inside,Gtl,NoRidge,Norm,Norm,1Fam,2Story,7,5,11,10,Gable,CompShg,VinylSd,VinylSd,,594.0,4,3,PConc,,,,,719,,0,660,1379,GasA,5,Y,,7.232010331664759,1015,0,7.7823903355874595,1,0,2,1,3,1,4,8,Typ,1,,,11.0,,3,834,,,Y,239,60,0,0,0,0,,,,0,8,WD,Normal,0,1,1,0,1,1,1,1,1,1,1,1,0,1,1,1,1,1,1
12,RL,4.5217885770490405,10.221689660099694,Pave,,Reg,Lvl,AllPub,Corner,Gtl,Timber,Norm,Norm,1Fam,2Story,8,5,1,0,Gable,CompShg,VinylSd,VinylSd,,84.0,4,3,PConc,,,,,0,,0,774,774,GasA,5,Y,,6.651571873589727,1194,0,7.584773077612199,0,0,2,1,4,1,5,8,Typ,1,,,1.0,,3,680,,,Y,0,75,0,0,0,0,,,,0,5,New,Partial,0,1,1,0,1,1,1,1,1,1,1,1,0,1,1,1,1,1,1
9,RL,4.248495242049359,9.89990252748898,Pave,,Reg,Lvl,AllPub,Inside,Gtl,CollgCr,Norm,Norm,1Fam,1Story,7,5,6,5,Gable,CompShg,VinylSd,VinylSd,,113.0,4,3,PConc,,,,,810,,0,726,1536,GasA,5,Y,,7.336936913707618,0,0,7.336936913707618,1,0,2,0,3,1,4,7,Typ,0,,,6.0,,2,532,,,Y,192,74,0,0,0,0,,,,0,12,WD,Normal,0,1,1,0,1,1,1,1,1,1,1,1,0,1,1,1,1,1,1
0,RL,3.8066624897703196,9.774795295750156,Pave,,Reg,Lvl,AllPub,Inside,Gtl,Edwards,Norm,Norm,1Fam,1Story,3,3,96,60,Gable,CompShg,Stucco,Stucco,,0.0,3,2,BrkTil,,,,,203,,0,661,864,GasA,3,N,,6.761572768804055,0,0,6.761572768804055,1,0,1,0,2,1,3,5,Typ,0,,,72.0,,1,200,,,Y,0,0,1,0,0,0,,,,0,6,WD,Normal,0,1,1,0,1,1,1,1,1,1,1,1,0,1,1,1,1,1,1
9,RL,,10.287662272971858,Pave,,IR1,Lvl,AllPub,Inside,Gtl,NoRidge,Norm,Norm,1Fam,1Story,8,5,15,14,Hip,CompShg,BrkFace,BrkFace,,0.0,4,3,PConc,,,,,1231,,0,1969,3200,GasA,5,Y,,8.07961802938984,0,0,8.07961802938984,1,0,3,0,4,1,4,10,Typ,1,,,15.0,,2,546,,,Y,264,75,1,0,0,0,,,,0,5,WD,Normal,1,1,1,0,1,1,1,1,1,1,1,1,0,1,1,1,1,1,1
5,RL,3.871201010907891,10.299714433971353,Pave,,IR1,Lvl,AllPub,CulDSac,Gtl,Mitchel,Norm,Norm,1Fam,1.5Fin,7,5,6,6,Gable,CompShg,VinylSd,VinylSd,,0.0,4,3,PConc,,,,,1351,,0,83,1434,GasA,5,Y,,7.325148957955575,631,0,7.67275789664251,1,0,1,1,1,1,4,6,Typ,1,,,6.0,,2,670,,,Y,168,43,0,0,1,0,,,,0,8,WD,Abnorml,0,1,1,0,1,1,1,1,1,1,1,1,0,1,1,1,1,1,1
7,RM,4.174387269895637,10.19149094176524,Pave,,IR1,Lvl,AllPub,Corner,Gtl,OldTown,Norm,Norm,1Fam,2Story,7,7,129,6,Mansard,CompShg,Stucco,Stucco,,0.0,4,3,Stone,,,,,0,,0,1240,1240,GasW,3,N,,7.1853870155804165,1320,0,7.878534196140362,0,0,1,1,4,1,4,8,Typ,1,,,59.0,,4,864,,,N,181,0,1,0,0,0,,,,0,5,WD,Normal,0,1,1,0,1,1,1,1,1,1,1,1,0,1,1,1,1,1,1
9,RL,4.382026634673881,10.052552325239192,Pave,,Reg,Lvl,AllPub,Inside,Gtl,NWAmes,Norm,Norm,1Fam,1Story,7,6,38,38,Hip,CompShg,Plywood,Plywood,,288.0,3,3,PConc,,,,,0,,0,1304,1304,GasA,4,Y,,7.427738840532894,0,0,7.427738840532894,0,0,2,0,3,1,3,7,Typ,1,,,38.0,,2,530,,,Y,98,0,0,0,0,0,,,,0,5,WD,Normal,0,1,1,0,1,1,1,1,1,1,1,1,0,1,1,1,1,1,1
12,RL,4.382026634673881,10.034285099669894,Pave,,Reg,Lvl,AllPub,Inside,Gtl,NridgHt,Norm,Norm,1Fam,2Story,8,5,1,1,Gable,CompShg,VinylSd,VinylSd,,178.0,4,3,PConc,,,,,0,,0,1030,1030,GasA,4,Y,,6.945051063725834,1060,0,7.6487397889562425,0,0,2,1,3,1,5,8,Typ,1,,,1.0,,3,878,,,Y,192,52,0,0,0,0,,,,0,3,WD,Normal,0,1,1,0,1,1,1,1,1,1,1,1,0,1,1,1,1,1,1
9,RL,4.0943445622221,9.784614262043958,Pave,,IR1,Lvl,AllPub,Inside,Gtl,Sawyer,Norm,Norm,1Fam,1Story,5,5,44,44,Gable,CompShg,MetalSd,MetalSd,,0.0,3,3,CBlock,,,,,553,,1,0,864,GasA,4,Y,,6.761572768804055,0,0,6.761572768804055,0,0,1,0,3,1,3,5,Typ,1,,,44.0,,1,360,,,Y,0,0,1,0,0,0,,,,0,12,WD,Normal,0,1,1,0,1,1,1,1,1,1,1,1,0,1,1,1,1,1,1
12,RL,,10.126695490690151,Pave,,IR1,Lvl,AllPub,Inside,Mod,Mitchel,Norm,Norm,1Fam,2Story,5,4,39,39,Gable,CompShg,HdBoard,HdBoard,,232.0,3,3,CBlock,,,,,562,,1,29,784,GasA,5,Y,,7.0630481633881725,800,0,7.584773077612199,0,1,2,1,4,1,3,7,Min2,1,,,39.0,,2,530,,,Y,305,189,0,0,0,0,,,,1,9,WD,Normal,1,1,1,0,1,1,1,1,1,1,1,1,0,1,1,1,1,1,1
9,RL,4.394449154672439,9.96709217033176,Pave,,Reg,Lvl,AllPub,Corner,Gtl,SawyerW,Norm,Norm,1Fam,1Story,6,5,26,25,Hip,CompShg,HdBoard,Plywood,,0.0,3,3,PConc,,,,,338,,0,702,1040,GasA,3,Y,,7.00033446027523,0,0,7.00033446027523,0,0,2,0,3,1,3,6,Typ,0,,,24.0,,2,480,,,Y,0,0,0,0,0,0,,,,0,5,WD,Normal,0,1,1,0,1,1,1,1,1,1,1,1,0,1,1,1,1,1,1
5,RL,4.204692619390966,10.25575004902847,Pave,,Reg,Lvl,AllPub,Corner,Gtl,Edwards,Norm,Norm,1Fam,1.5Fin,6,8,89,9,Gable,CompShg,Wd Sdng,Wd Sdng,,0.0,3,3,BrkTil,,,,,0,,0,684,684,GasA,4,Y,,6.52795791762255,512,0,7.086737934510577,0,0,1,0,3,1,4,7,Typ,0,,,4.0,,2,528,,,Y,0,46,0,0,0,0,,,,1,8,ConLI,Normal,0,1,1,0,1,1,1,1,1,1,1,1,0,1,1,1,1,1,1
5,RL,,10.37377097247107,Pave,,Reg,Lvl,AllPub,Inside,Gtl,Sawyer,Norm,Norm,1Fam,1.5Fin,5,5,48,48,Gable,CompShg,MetalSd,MetalSd,,0.0,4,4,CBlock,,,,,57,,1,554,1052,GasA,5,Y,,7.132497551660044,668,0,7.560080465021827,1,0,2,0,4,1,4,8,Typ,1,,,48.0,,2,451,,,Y,0,0,0,0,0,0,,,,0,7,WD,Normal,1,1,1,0,1,1,1,1,1,1,1,1,0,1,1,1,1,1,1
3,RL,4.30406509320417,10.32518009135773,Pave,,IR1,Lvl,AllPub,Inside,Gtl,NAmes,Norm,Norm,Duplex,1Story,5,5,43,43,Gable,CompShg,HdBoard,HdBoard,,108.0,3,3,CBlock,,,,,231,,0,1497,1728,GasA,3,Y,,7.454719949364001,0,0,7.454719949364001,0,0,2,0,6,2,3,10,Typ,0,,,21.0,,2,576,,,Y,0,0,0,0,0,0,,,,0,11,WD,Normal,0,1,1,0,1,1,1,1,1,1,1,1,0,1,1,1,1,1,1
12,RL,4.31748811353631,9.942630633390763,Pave,,Reg,Lvl,AllPub,Inside,Gtl,CollgCr,Norm,Norm,1Fam,2Story,8,5,6,6,Gable,CompShg,VinylSd,VinylSd,,,4,3,PConc,,,,,804,,0,324,1128,GasA,5,Y,,7.028201432058005,903,0,7.616283561580385,1,0,2,1,3,1,4,7,Typ,1,,,6.0,,2,577,,,Y,0,211,0,0,0,0,,,,0,3,WD,Normal,0,1,1,1,1,1,1,1,1,1,1,1,0,1,1,1,1,1,1
9,RL,4.276666119016055,9.882401061887073,Pave,,Reg,Lvl,AllPub,Inside,Gtl,NAmes,Norm,Norm,1Fam,1Story,6,5,52,52,Gable,CompShg,Wd Sdng,Wd Sdng,,74.0,3,3,CBlock,,,,,616,,0,580,1196,GasA,4,Y,,7.086737934510577,0,0,7.086737934510577,1,0,1,0,2,1,3,6,Typ,1,,,52.0,,1,297,,,Y,0,44,0,0,0,0,,,,0,5,WD,Normal,0,1,1,0,1,1,1,1,1,1,1,1,0,1,1,1,1,1,1
1,RM,3.912023005428146,9.195173128198821,Pave,,Reg,Lvl,AllPub,Inside,Gtl,IDOTRR,RRAe,Norm,1Fam,1.5Unf,5,6,66,57,Gable,CompShg,MetalSd,MetalSd,,0.0,3,3,CBlock,,,,,116,,0,604,720,GasA,1,N,,6.688354713946762,0,0,6.688354713946762,0,0,1,0,2,1,3,5,Typ,0,,,66.0,,2,360,,,Y,0,0,1,0,0,0,,,,0,12,WD,Normal,0,1,1,0,1,1,1,1,1,1,1,1,0,1,1,1,1,1,1
12,RL,4.382026634673881,10.096275065085795,Pave,,Reg,Lvl,AllPub,Inside,Gtl,NWAmes,RRAn,Norm,1Fam,2Story,5,5,38,38,Mansard,CompShg,WdShing,HdBoard,,263.0,3,3,CBlock,,,,,493,,1,0,780,GasA,5,Y,,6.659293919683638,840,0,7.3901814282264295,0,0,2,1,4,1,3,7,Min1,0,,,38.0,,2,462,,,Y,208,0,0,0,0,0,,,,0,4,WD,Normal,0,1,1,0,1,1,1,1,1,1,1,1,0,1,1,1,1,1,1
9,RL,3.8918202981106265,10.879902343160662,Pave,,IR2,Lvl,AllPub,CulDSac,Gtl,Somerst,RRAn,Norm,1Fam,1Story,8,5,1,0,Gable,CompShg,VinylSd,VinylSd,,0.0,4,3,PConc,,,,,1721,,0,356,2077,GasA,5,Y,,7.64826303090192,0,0,7.64826303090192,1,0,1,1,1,1,5,8,Typ,1,,,1.0,,3,1134,,,Y,192,267,0,0,0,0,,,,0,1,New,Partial,0,1,1,0,1,1,1,1,1,1,1,1,0,1,1,1,1,1,1
11,RL,4.219507705176107,9.717426412100295,Pave,,IR1,Lvl,AllPub,Inside,Gtl,NridgHt,Norm,Norm,TwnhsE,1Story,9,5,0,0,Hip,CompShg,MetalSd,MetalSd,,362.0,5,3,PConc,,,,,0,,0,1869,1869,GasA,5,Y,,7.533158807455563,0,0,7.533158807455563,0,0,2,0,2,1,5,6,Typ,1,,,0.0,,2,617,,,Y,210,54,0,0,0,0,,,,0,12,New,Partial,0,1,1,0,1,1,1,1,1,1,1,1,0,1,1,1,1,1,1
12,RL,,10.141411135104414,Pave,,IR1,Lvl,AllPub,Corner,Gtl,Gilbert,Norm,Norm,1Fam,2Story,7,5,8,7,Gable,CompShg,VinylSd,VinylSd,,0.0,4,3,PConc,,,,,0,,0,930,930,GasA,4,Y,,6.862757913051401,930,0,7.542213463193403,0,0,2,1,4,1,4,10,Typ,1,,,8.0,,2,431,,,Y,89,0,0,0,0,0,,,,0,7,WD,Normal,1,1,1,0,1,1,1,1,1,1,1,1,0,1,1,1,1,1,1
9,C (all),3.912023005428146,9.882401061887073,Pave,,Reg,Lvl,AllPub,Inside,Gtl,IDOTRR,Norm,Norm,1Fam,1Story,2,3,57,56,Gable,CompShg,AsbShng,AsbShng,,0.0,3,3,CBlock,,,,,50,,0,430,480,GasA,3,N,,6.173786103901937,0,0,6.173786103901937,1,0,0,0,1,1,3,4,Typ,0,,,48.0,,1,308,,,Y,0,0,0,0,0,0,,,,0,10,WD,Abnorml,0,1,1,0,1,1,1,1,1,1,1,1,0,1,1,1,1,1,1
3,RL,4.276666119016055,10.096056541378628,Pave,,Reg,Lvl,AllPub,Inside,Gtl,Sawyer,Norm,Norm,Duplex,1Story,4,5,39,39,Gable,CompShg,MetalSd,MetalSd,,0.0,3,3,Slab,,,,,0,,0,0,0,GasA,3,Y,,7.16703787691222,0,0,7.16703787691222,0,0,2,0,2,2,3,6,Typ,0,,,39.0,,2,516,,,Y,0,0,0,0,0,0,,,,1,10,WD,Normal,0,1,1,0,1,1,1,1,1,1,1,1,0,1,1,1,1,1,1
9,RL,4.204692619390966,9.866229335937655,Pave,,Reg,Lvl,AllPub,Inside,Mod,Edwards,Norm,Norm,1Fam,1Story,4,6,71,51,Gable,CompShg,MetalSd,MetalSd,,0.0,3,3,CBlock,,,,,690,,0,126,816,GasA,5,Y,,6.704414354964107,0,0,6.704414354964107,1,0,1,0,2,1,3,3,Typ,1,,,51.0,,1,288,,,Y,0,0,0,0,0,0,,,,0,5,WD,Normal,0,1,1,0,1,1,1,1,1,1,1,1,0,1,1,1,1,1,1
9,RL,4.406719247264253,10.209522064965533,Pave,,IR1,Lvl,AllPub,Inside,Gtl,NWAmes,RRAn,Norm,1Fam,1Story,7,5,31,31,Gable,CompShg,Plywood,Plywood,,206.0,3,3,CBlock,,,,,704,,0,567,1271,GasA,3,Y,,7.3783837129967145,0,0,7.3783837129967145,0,0,2,0,3,1,3,7,Typ,1,,,31.0,,2,478,,,Y,0,0,0,0,0,0,,,,0,4,COD,Abnorml,0,1,1,0,1,1,1,1,1,1,1,1,0,1,1,1,1,1,1
12,RL,4.532599493153256,10.036698591565056,Pave,,IR1,Lvl,AllPub,Inside,Gtl,Gilbert,Norm,Norm,1Fam,2Story,6,5,8,8,Gable,CompShg,VinylSd,VinylSd,,318.0,3,3,PConc,,,,,0,,0,936,936,GasA,5,Y,,6.8690144506657065,830,0,7.491087593534876,1,0,2,1,3,1,3,8,Typ,1,,,8.0,,2,451,,,Y,0,0,0,0,0,0,,,,0,5,WD,Normal,0,1,1,0,1,1,1,1,1,1,1,1,0,1,1,1,1,1,1
12,RL,,10.448687401439283,Pave,,IR1,Lvl,AllPub,Corner,Gtl,NoRidge,Norm,Norm,1Fam,2Story,8,7,13,13,Gable,CompShg,MetalSd,MetalSd,,0.0,4,4,PConc,,,,,1012,,0,326,1338,GasA,5,Y,,7.20934025660291,1168,0,7.832014180505469,1,0,2,1,5,1,4,10,Typ,1,,,13.0,,3,796,,,Y,209,55,0,0,0,0,,,,0,11,WD,Abnorml,1,1,1,0,1,1,1,1,1,1,1,1,0,1,1,1,1,1,1
8,RL,4.248495242049359,9.767773080081106,Pave,,Reg,Lvl,AllPub,Inside,Gtl,NAmes,Norm,Norm,1Fam,SLvl,5,6,47,47,Gable,CompShg,HdBoard,HdBoard,,128.0,3,4,CBlock,,,,,748,,1,102,1144,GasA,3,Y,,7.042286171939743,0,0,7.042286171939743,1,0,1,0,3,1,3,6,Typ,1,,,47.0,,1,796,,,Y,86,0,0,0,0,0,,,,0,3,WD,Normal,0,1,1,0,1,1,1,1,1,1,1,1,0,1,1,1,1,1,1
7,RL,3.9318256327243257,9.987600589165414,Pave,,Reg,Lvl,AllPub,Inside,Gtl,SWISU,Feedr,Norm,1Fam,2Story,5,6,87,10,Gable,CompShg,MetalSd,Wd Sdng,,0.0,3,3,BrkTil,,,,,0,,0,612,612,GasA,5,Y,,6.897704943128636,1611,0,7.8636512654486515,0,0,3,1,4,1,3,8,Typ,0,,,10.0,,2,621,,,Y,183,0,1,0,0,0,,,,0,5,WD,Normal,0,1,1,0,1,1,1,1,1,1,1,1,0,1,1,1,1,1,1
5,RL,4.174387269895637,9.489287560136153,Pave,,Reg,Lvl,AllPub,Inside,Gtl,BrkSide,RRAn,Norm,1Fam,1.5Fin,6,5,67,56,Gable,CompShg,MetalSd,MetalSd,,0.0,3,3,BrkTil,,,,,0,,0,972,972,GasA,4,Y,,6.879355804460439,605,0,7.3632795869630385,0,0,1,0,3,1,2,6,Typ,1,,,67.0,,1,312,,,Y,0,0,0,0,0,0,,,,0,10,WD,Normal,0,1,1,0,1,1,1,1,1,1,1,1,0,1,1,1,1,1,1
9,RL,4.382026634673881,9.812489077778471,Pave,,Reg,Lvl,AllPub,Corner,Gtl,Sawyer,Norm,Norm,1Fam,1Story,5,6,44,44,Hip,CompShg,HdBoard,HdBoard,,0.0,3,3,CBlock,,,,,630,,0,340,970,GasA,3,Y,,6.877296071497429,0,0,6.877296071497429,1,0,1,0,2,1,3,5,Typ,0,,,11.0,,2,624,,,Y,0,24,0,0,1,0,,,,0,7,WD,Normal,0,1,1,0,1,1,1,1,1,1,1,1,0,1,1,1,1,1,1
9,RL,5.0106352940962555,13.721023607143854,Pave,,IR3,Low,AllPub,Inside,Sev,Timber,Norm,Norm,1Fam,1Story,7,5,44,44,Hip,CompShg,BrkFace,BrkFace,,0.0,3,3,CBlock,,,,,1236,,1,80,2136,GasW,3,Y,,7.618742377670413,0,0,7.618742377670413,2,0,2,0,3,1,3,8,Typ,2,,,44.0,,2,513,,,Y,0,0,0,0,0,0,,,,0,6,WD,Normal,0,1,1,0,1,1,1,1,1,1,1,1,0,1,1,1,1,1,1
9,RL,4.110873864173311,9.733804944367066,Pave,,Reg,Lvl,AllPub,Inside,Gtl,NAmes,Norm,Norm,1Fam,1Story,6,8,40,4,Gable,CompShg,Plywood,Plywood,,0.0,3,3,CBlock,,,,,439,,1,115,1026,GasA,4,Y,,6.933423025730715,0,0,6.933423025730715,1,0,1,0,3,1,4,5,Typ,0,,,40.0,,2,440,,,Y,171,48,0,0,0,0,,,,0,7,WD,Normal,0,1,1,0,1,1,1,1,1,1,1,1,0,1,1,1,1,1,1
9,RL,3.912023005428146,9.934156083484696,Pave,,Reg,Lvl,AllPub,Inside,Gtl,Edwards,Norm,Norm,1Fam,1Story,5,9,62,1,Hip,CompShg,VinylSd,VinylSd,,0.0,3,5,CBlock,,,,,0,,0,698,698,GasA,5,Y,,6.548219102762372,0,0,6.548219102762372,0,1,1,0,2,1,3,4,Typ,0,,,,,0,0,,,Y,0,200,0,0,0,0,,,,0,6,WD,Normal,0,1,1,0,1,1,1,1,1,1,1,1,1,1,1,1,1,1,1
9,RL,4.127134385045092,12.351115688417106,Pave,,IR1,Low,AllPub,Inside,Mod,ClearCr,Norm,Norm,1Fam,1Story,7,5,31,31,Gable,WdShngl,Plywood,Plywood,,0.0,3,3,CBlock,,,,,655,,0,878,1533,GasA,3,Y,,7.334981878871814,0,0,7.334981878871814,1,0,2,0,2,1,4,5,Typ,2,,,31.0,,2,576,,,Y,200,54,0,0,0,0,,,,0,12,WD,Normal,0,1,1,0,1,1,1,1,1,1,1,1,0,1,1,1,1,1,1
5,RM,,10.256132698570934,Pave,,IR1,Lvl,AllPub,Inside,Gtl,OldTown,Feedr,Norm,1Fam,1.5Fin,5,6,66,57,Gable,CompShg,MetalSd,MetalSd,,0.0,3,3,CBlock,,,,,360,,0,360,720,GasA,3,Y,,6.74993119378857,0,1,7.231287004327616,0,0,1,1,2,1,3,7,Typ,0,,,16.0,,2,660,,,Y,237,0,0,0,0,0,,,,0,5,WD,Normal,1,1,1,0,1,1,1,1,1,1,1,1,0,1,1,1,1,1,1
11,FV,4.07753744390572,9.015133189274447,Pave,,IR2,Lvl,AllPub,Inside,Gtl,Somerst,Norm,Norm,TwnhsE,1Story,7,5,4,4,Gable,CompShg,MetalSd,MetalSd,,0.0,4,3,PConc,,,,,16,,0,1375,1391,GasA,5,Y,,7.237778191923443,0,0,7.237778191923443,0,0,2,0,2,1,4,5,Typ,0,,,4.0,,2,530,,,Y,156,158,0,0,0,0,,,,0,7,WD,Normal,0,1,1,0,1,1,1,1,1,1,1,1,0,1,1,1,1,1,1
9,RL,4.219507705176107,9.972555116109493,Pave,,Reg,Lvl,AllPub,Inside,Gtl,NAmes,Norm,Norm,1Fam,1Story,5,6,60,14,Hip,CompShg,MetalSd,MetalSd,,0.0,3,3,CBlock,,,,,49,,1,0,1078,GasA,4,Y,,6.982862751468942,0,0,6.982862751468942,1,0,1,0,2,1,4,5,Typ,0,,,60.0,,1,240,,,Y,366,0,1,0,0,0,,,,0,4,WD,Normal,0,1,1,0,1,1,1,1,1,1,1,1,0,1,1,1,1,1,1
9,RL,,9.56285596687338,Pave,,IR1,Lvl,AllPub,Inside,Gtl,Timber,Norm,Norm,1Fam,1Story,8,5,8,7,Gable,CompShg,VinylSd,VinylSd,,136.0,4,3,PConc,,,,,1005,,0,262,1267,GasA,5,Y,,7.16703787691222,0,0,7.16703787691222,1,0,2,0,2,1,4,6,Typ,0,,,8.0,,2,471,,,Y,192,25,0,0,0,0,,,,0,6,WD,Normal,1,1,1,0,1,1,1,1,1,1,1,1,0,1,1,1,1,1,1
9,RL,4.31748811353631,9.97654550735469,Pave,,Reg,Lvl,AllPub,Inside,Gtl,NAmes,Norm,Norm,1Fam,1Story,6,6,49,49,Gable,CompShg,MetalSd,MetalSd,,243.0,3,3,CBlock,,,,,608,,0,834,1442,GasA,4,Y,,7.273786317844895,0,0,7.273786317844895,0,0,1,1,4,1,3,7,Typ,0,,,49.0,,1,301,,,Y,0,0,1,0,0,0,,,,1,4,COD,Normal,0,1,1,0,1,1,1,1,1,1,1,1,0,1,1,1,1,1,1
7,RH,4.007333185232471,9.818703317936672,Pave,,Reg,Bnk,AllPub,Inside,Gtl,SWISU,Norm,Norm,1Fam,2Story,5,6,97,58,Gable,CompShg,MetalSd,MetalSd,,0.0,3,3,PConc,,,,,0,,0,940,940,GasA,3,N,,6.931471805599453,940,0,7.582738488914411,0,0,1,1,4,1,3,7,Typ,0,,,,,0,0,,,N,0,192,0,0,0,0,,,,0,11,WD,Abnorml,0,1,1,0,1,1,1,1,1,1,1,1,1,1,1,1,1,1,1
9,RL,4.3694478524670215,9.951045646251272,Pave,,IR1,Lvl,AllPub,Inside,Gtl,NridgHt,Norm,Norm,1Fam,1Story,7,5,0,0,Gable,CompShg,VinylSd,VinylSd,,268.0,4,3,PConc,,,,,0,,0,1502,1502,GasA,5,Y,,7.31455283232408,0,0,7.31455283232408,0,0,2,0,3,1,4,7,Typ,0,,,0.0,,2,644,,,Y,0,114,0,0,0,0,,,,0,9,New,Partial,0,1,1,0,1,1,1,1,1,1,1,1,0,1,1,1,1,1,1
9,RL,4.382026634673881,10.211508935379848,Pave,,IR1,Lvl,AllPub,Corner,Gtl,NAmes,Norm,Norm,1Fam,1Story,6,5,51,51,Gable,CompShg,HdBoard,HdBoard,,387.0,3,3,CBlock,,,,,1040,,0,352,1392,GasA,3,Y,,7.238496840894365,0,0,7.238496840894365,1,0,1,1,3,1,3,6,Typ,2,,,51.0,,2,458,,,Y,0,0,0,0,1,0,,,,0,6,WD,Normal,0,1,1,0,1,1,1,1,1,1,1,1,0,1,1,1,1,1,1
3,RL,4.276666119016055,10.094635166944135,Pave,,Reg,Lvl,AllPub,Inside,Gtl,Sawyer,Norm,Norm,Duplex,1Story,4,5,42,42,Hip,CompShg,HdBoard,HdBoard,,0.0,3,3,CBlock,,,,,0,,0,1768,1768,GasA,3,N,,7.477604243197589,0,0,7.477604243197589,0,0,2,0,4,2,3,8,Typ,0,,,,,0,0,,,Y,0,0,0,0,0,0,,,,0,4,WD,Normal,0,1,1,0,1,1,1,1,1,1,1,1,1,1,1,1,1,1,1
9,RL,,11.548684799791422,Pave,,IR1,Low,AllPub,Inside,Mod,ClearCr,Norm,Norm,1Fam,1Story,5,5,42,42,Gable,CompShg,Wd Sdng,Wd Sdng,,621.0,3,4,CBlock,,,,,812,,0,812,1624,GasA,2,Y,,7.366445148327599,0,0,7.366445148327599,0,1,2,0,4,1,3,7,Typ,0,,,42.0,,2,390,,,N,168,198,0,0,0,0,,,,0,6,WD,Normal,1,1,1,0,1,1,1,1,1,1,1,1,0,1,1,1,1,1,1
9,RL,,10.295093251823475,Pave,,IR1,Lvl,AllPub,CulDSac,Gtl,NAmes,Norm,Norm,1Fam,1Story,6,8,47,9,Hip,CompShg,MetalSd,MetalSd,,0.0,3,4,CBlock,,,,,498,,0,460,958,GasA,3,Y,,6.86484777797086,0,0,6.86484777797086,0,0,1,0,2,1,3,5,Typ,0,,,47.0,,1,301,,,Y,0,0,0,0,0,0,,,,1,4,WD,Normal,1,1,1,0,1,1,1,1,1,1,1,1,0,1,1,1,1,1,1
9,RL,4.0943445622221,9.620654483038743,Pave,,Reg,Low,AllPub,Inside,Gtl,CollgCr,Norm,Norm,1Fam,1Story,5,5,37,37,Hip,CompShg,MetalSd,MetalSd,,0.0,3,3,CBlock,,,,,777,,0,117,894,GasA,3,Y,,6.795705775173514,0,0,6.795705775173514,0,0,1,0,2,1,3,6,Typ,0,,,24.0,,2,600,,,Y,215,0,0,0,0,0,,,,0,9,WD,Normal,0,1,1,0,1,1,1,1,1,1,1,1,0,1,1,1,1,1,1
11,RM,,9.07275123664154,Pave,,Reg,Lvl,AllPub,FR2,Gtl,Mitchel,Norm,Norm,TwnhsE,1Story,6,5,10,10,Hip,CompShg,VinylSd,VinylSd,,425.0,3,3,PConc,,,,,883,,0,341,1224,GasA,5,Y,,7.1098794630722715,0,0,7.1098794630722715,1,0,2,0,2,1,3,5,Typ,0,,,10.0,,2,402,,,Y,0,304,0,0,0,0,,,,0,6,WD,Normal,1,1,1,0,1,1,1,1,1,1,1,1,0,1,1,1,1,1,1
12,RL,4.564348191467836,10.267176942351817,Pave,,Reg,Lvl,AllPub,Inside,Gtl,NridgHt,Norm,Norm,1Fam,2Story,10,5,1,0,Gable,CompShg,VinylSd,VinylSd,,272.0,5,3,PConc,,,,,1280,,0,402,1682,GasA,5,Y,,7.462789157412448,590,0,7.754481547470383,1,0,2,1,3,1,5,9,Typ,1,,,0.0,,3,846,,,Y,196,134,0,0,0,0,,,,0,8,New,Partial,0,1,1,0,1,1,1,1,1,1,1,1,0,1,1,1,1,1,1
11,RL,3.7612001156935624,8.671696295691161,Pave,,Reg,Lvl,AllPub,Inside,Gtl,Blmngtn,Norm,Norm,TwnhsE,1Story,8,5,6,5,Gable,CompShg,VinylSd,VinylSd,,16.0,4,3,PConc,,,,,24,,0,1232,1256,GasA,5,Y,,7.1459844677143876,0,0,7.1459844677143876,0,0,2,0,2,1,4,6,Typ,1,,,6.0,,2,430,,,Y,146,20,0,0,1,0,,,,0,4,WD,Normal,0,1,1,0,1,1,1,1,1,1,1,1,0,1,1,1,1,1,1
9,RL,4.532599493153256,10.509495890598442,Pave,,IR1,HLS,AllPub,Corner,Gtl,Timber,Norm,Norm,1Fam,1Story,8,5,1,0,Gable,CompShg,VinylSd,VinylSd,,100.0,4,3,PConc,,,,,80,,0,1652,1732,GasA,5,Y,,7.4821189235521155,0,0,7.4821189235521155,1,0,2,0,3,1,4,7,Typ,1,,,1.0,,3,712,,,Y,0,0,0,0,0,0,,,,0,5,New,Partial,0,1,1,0,1,1,1,1,1,1,1,1,0,1,1,1,1,1,1
12,RL,4.174387269895637,9.80985555767014,Pave,,Reg,Lvl,AllPub,Inside,Gtl,CollgCr,Norm,Norm,1Fam,2Story,6,5,1,0,Gable,CompShg,VinylSd,VinylSd,,0.0,4,3,PConc,,,,,0,,0,728,728,GasA,5,Y,,6.590301048196686,728,0,7.283448228756631,0,0,2,1,3,1,4,8,Typ,1,,,1.0,,2,390,,,Y,0,24,0,0,0,0,,,,0,7,New,Partial,0,1,1,0,1,1,1,1,1,1,1,1,0,1,1,1,1,1,1
9,RL,4.3694478524670215,9.87058958995393,Pave,,Reg,Lvl,AllPub,Corner,Gtl,NAmes,Norm,Norm,1Fam,1Story,6,6,47,47,Hip,CompShg,BrkFace,BrkFace,,0.0,3,3,CBlock,,,,,655,,0,0,655,GasA,5,Y,,7.085064293952548,0,0,7.085064293952548,0,1,1,0,3,1,3,6,Typ,1,,,52.0,,2,539,,,Y,0,0,1,0,0,0,,,,0,7,WD,Normal,0,1,1,0,1,1,1,1,1,1,1,1,0,1,1,1,1,1,1
9,RL,4.189654742026425,9.87230291249565,Pave,,Reg,Lvl,AllPub,Inside,Gtl,NAmes,Norm,Norm,1Fam,1Story,5,7,54,1,Gable,CompShg,Wd Sdng,Wd Sdng,,0.0,3,3,CBlock,,,,,643,,0,365,1008,GasA,4,Y,,6.915723448631314,0,0,6.915723448631314,1,0,1,0,2,1,4,6,Typ,0,,,54.0,,1,240,,,Y,0,18,0,0,0,0,,,,0,5,WD,Normal,0,1,1,0,1,1,1,1,1,1,1,1,0,1,1,1,1,1,1
11,RL,3.7612001156935624,8.671696295691161,Pave,,Reg,Lvl,AllPub,Inside,Gtl,Blmngtn,Norm,Norm,TwnhsE,1Story,7,5,4,3,Gable,CompShg,VinylSd,VinylSd,,16.0,4,3,PConc,,,,,16,,0,1357,1373,GasA,5,Y,,7.349230824613334,0,0,7.349230824613334,0,0,2,0,2,1,4,7,Typ,1,,,4.0,,2,430,,,Y,143,20,0,0,0,0,,,,0,5,WD,Normal,0,1,1,0,1,1,1,1,1,1,1,1,0,1,1,1,1,1,1
7,RL,4.564348191467836,10.327976660828034,Pave,,Reg,Lvl,AllPub,Inside,Gtl,Crawfor,Norm,Norm,1Fam,2Story,5,5,92,56,Gable,CompShg,Wd Sdng,Wd Sdng,,0.0,3,3,BrkTil,,,,,0,,0,747,747,GasA,4,Y,,6.79346613258001,892,0,7.486613313139955,0,0,1,1,4,1,3,9,Typ,0,,,92.0,,1,180,,,N,203,40,0,0,0,0,,,,0,7,WD,Normal,0,1,1,0,1,1,1,1,1,1,1,1,0,1,1,1,1,1,1
1,RM,4.04305126783455,9.660467508083368,Pave,,Reg,Bnk,AllPub,Inside,Gtl,IDOTRR,Norm,Norm,1Fam,1.5Unf,7,7,77,57,Gable,CompShg,Wd Sdng,Wd Sdng,,0.0,3,3,PConc,,,,,0,,0,637,637,GasA,5,Y,,7.010311867307229,0,0,7.010311867307229,0,0,1,0,3,1,4,6,Typ,1,,,77.0,,1,280,,,N,0,0,1,0,0,0,,,,0,6,WD,Normal,0,1,1,0,1,1,1,1,1,1,1,1,0,1,1,1,1,1,1
8,RL,4.290459441148391,9.974733340166088,Pave,,Reg,Lvl,AllPub,Inside,Gtl,Timber,Norm,Norm,1Fam,SLvl,5,5,2,1,Gable,CompShg,VinylSd,VinylSd,,0.0,3,3,PConc,,,,,0,,0,384,384,GasA,4,Y,,6.625392368007956,640,0,7.2399325913204695,0,0,2,1,3,1,4,7,Typ,0,,,1.0,,2,400,,,Y,100,0,0,0,0,0,,,,0,5,WD,Normal,0,1,1,0,1,1,1,1,1,1,1,1,0,1,1,1,1,1,1
12,RL,4.382026634673881,10.054929381028852,Pave,,Reg,Lvl,AllPub,Inside,Gtl,NWAmes,Norm,Norm,1Fam,2Story,7,5,22,22,Gable,CompShg,HdBoard,HdBoard,,42.0,3,3,CBlock,,,,,394,,0,586,980,GasA,3,Y,,6.887552571664617,734,0,7.446585099157725,0,0,2,1,3,1,3,7,Typ,1,,,22.0,,2,496,,,Y,228,66,1,0,0,0,,,,1,3,WD,Normal,0,1,1,0,1,1,1,1,1,1,1,1,0,1,1,1,1,1,1
9,RL,,9.7928059255997,Pave,,IR1,Lvl,AllPub,Inside,Gtl,NAmes,Norm,Norm,1Fam,1Story,5,7,48,48,Gable,CompShg,MetalSd,MetalSd,,0.0,3,3,Slab,,,,,0,,0,0,0,GasA,3,Y,,6.782192056006791,0,0,6.782192056006791,0,0,1,0,3,1,3,5,Typ,0,,,48.0,,1,294,,,Y,0,0,0,0,0,0,,,,1,7,WD,Normal,1,1,1,0,1,1,1,1,1,1,1,1,0,1,1,1,1,1,1
0,RL,4.007333185232471,9.273910160828857,Pave,,IR1,Lvl,AllPub,Inside,Gtl,BrkSide,Norm,Norm,1Fam,1Story,3,2,70,44,Gable,CompShg,Wd Sdng,Plywood,,0.0,3,1,CBlock,,,,,0,,0,728,728,GasA,5,Y,,7.174724309836376,0,0,7.174724309836376,0,0,1,0,3,1,2,6,Mod,0,,,,,0,0,,,Y,263,0,0,0,0,0,,,,1,5,WD,Normal,0,1,1,0,1,1,1,1,1,1,1,1,1,1,1,1,1,1,1
4,RL,4.31748811353631,10.092883469726637,Pave,,Reg,Lvl,AllPub,Corner,Gtl,SawyerW,Norm,Norm,TwnhsE,2Story,6,6,29,29,Gable,CompShg,Plywood,Plywood,,0.0,3,3,CBlock,,,,,0,,0,626,626,GasA,3,Y,,6.439350371100098,591,0,7.104144092987527,0,0,1,1,3,1,3,6,Typ,1,,,29.0,,1,288,,,Y,0,28,0,0,0,0,,,,0,4,WD,Normal,0,1,1,0,1,1,1,1,1,1,1,1,0,1,1,1,1,1,1
9,RL,4.174387269895637,9.852650832315472,Pave,,Reg,Lvl,AllPub,Inside,Gtl,CollgCr,Norm,Norm,1Fam,1Story,5,5,13,13,Gable,CompShg,VinylSd,VinylSd,,0.0,3,3,PConc,,,,,495,,0,495,990,GasA,4,Y,,6.897704943128636,0,0,6.897704943128636,0,0,1,0,3,1,3,5,Typ,0,,,11.0,,1,299,,,Y,0,64,0,0,0,0,,,,0,4,WD,Normal,0,1,1,0,1,1,1,1,1,1,1,1,0,1,1,1,1,1,1
12,RL,4.68213122712422,10.353475625773285,Pave,,Reg,Lvl,AllPub,Inside,Gtl,NridgHt,Norm,Norm,1Fam,2Story,8,5,2,1,Gable,CompShg,VinylSd,VinylSd,,132.0,4,3,PConc,,,,,0,,0,1117,1117,GasA,5,Y,,7.0317412587631285,1320,0,7.804659297056102,0,0,3,1,4,1,4,9,Typ,1,,,2.0,,3,691,,,Y,113,32,0,0,0,0,,,,0,9,WD,Normal,0,1,1,0,1,1,1,1,1,1,1,1,0,1,1,1,1,1,1
11,RM,,9.055863565872906,Pave,,Reg,Lvl,AllPub,Inside,Gtl,CollgCr,Norm,Norm,TwnhsE,1Story,6,5,6,6,Gable,CompShg,VinylSd,VinylSd,,170.0,4,3,PConc,,,,,685,,0,163,848,GasA,5,Y,,6.742880635791903,0,0,6.742880635791903,1,0,1,0,1,1,4,4,Typ,0,,,6.0,,2,420,,,Y,140,0,0,0,0,0,,,,0,5,WD,Normal,1,1,1,0,1,1,1,1,1,1,1,1,0,1,1,1,1,1,1
7,RH,3.9889840465642745,9.523997962256285,Pave,,Reg,Lvl,AllPub,Inside,Gtl,Edwards,Artery,Norm,1Fam,2Story,6,6,84,59,Gambrel,CompShg,Wd Sdng,Wd Sdng,,0.0,3,4,BrkTil,,,,,551,,0,121,672,GasA,3,N,,6.546785410760524,672,0,7.221835825288449,1,0,2,0,3,1,3,6,Typ,0,,,79.0,,1,300,,,Y,147,0,0,0,0,0,,,,0,7,WD,Normal,0,1,1,0,1,1,1,1,1,1,1,1,0,1,1,1,1,1,1
9,FV,4.31748811353631,9.723706579683508,Pave,,IR1,Lvl,AllPub,Inside,Gtl,Somerst,Norm,Norm,1Fam,1Story,6,5,0,0,Gable,CompShg,VinylSd,VinylSd,,0.0,4,3,PConc,,,,,27,,0,1191,1218,GasA,5,Y,,7.1049654482698426,0,0,7.1049654482698426,0,0,2,0,2,1,4,4,Typ,0,,,0.0,,2,676,,,Y,0,102,0,0,0,0,,,,0,9,New,Partial,0,1,1,0,1,1,1,1,1,1,1,1,0,1,1,1,1,1,1
7,RL,4.3694478524670215,10.173799981547905,Pave,,IR1,Bnk,AllPub,Inside,Mod,Crawfor,Norm,Norm,1Fam,2.5Fin,6,7,86,14,Gable,CompShg,MetalSd,MetalSd,,0.0,3,3,BrkTil,,,,,0,,0,588,588,GasA,2,Y,,7.260522598089852,748,1,7.845807502637805,0,0,2,0,3,1,3,11,Min1,1,,,15.0,,2,672,,,Y,431,0,0,0,0,0,,,,0,9,WD,Normal,0,1,1,0,1,1,1,1,1,1,1,1,0,1,1,1,1,1,1
11,FV,3.6109179126442243,8.71929957108088,Pave,,IR1,Lvl,AllPub,Inside,Gtl,Somerst,Norm,Norm,TwnhsE,1Story,8,5,1,1,Gable,CompShg,MetalSd,MetalSd,,0.0,4,3,PConc,,,,,1039,,0,208,1247,GasA,5,Y,,7.1284959456800365,0,0,7.1284959456800365,1,0,1,1,1,1,4,4,Typ,1,,,1.0,,2,550,,,Y,0,84,0,0,0,0,,,,0,4,WD,Normal,0,1,1,0,1,1,1,1,1,1,1,1,0,1,1,1,1,1,1
12,RL,,10.243537231616806,Pave,,IR1,Lvl,AllPub,Corner,Gtl,NWAmes,PosN,Norm,1Fam,2Story,6,7,31,13,Gable,CompShg,HdBoard,HdBoard,,424.0,3,4,CBlock,,,,,896,,0,434,1330,GasA,3,Y,,7.340835554123275,1330,0,7.962763930168115,1,0,2,1,4,1,3,11,Typ,1,,,31.0,,2,619,,,Y,550,282,0,0,0,0,,,,0,7,WD,Normal,1,1,1,0,1,1,1,1,1,1,1,1,0,1,1,1,1,1,1
11,RM,4.1588830833596715,9.324403754177316,Pave,,IR1,HLS,AllPub,Inside,Mod,Crawfor,Norm,Norm,TwnhsE,1Story,8,5,0,0,Hip,CompShg,CemntBd,CmentBd,,186.0,5,3,PConc,,,,,1480,,0,120,1600,GasA,5,Y,,7.409741954080923,0,0,7.409741954080923,1,1,2,0,2,1,4,5,Typ,1,,,0.0,,2,482,,,Y,162,53,0,1,0,0,,,,0,11,New,Partial,0,1,1,0,1,1,1,1,1,1,1,1,0,1,1,1,1,1,1
9,RL,4.653960350157523,10.196627270843091,Pave,,IR1,Lvl,AllPub,Inside,Gtl,NWAmes,Norm,Norm,1Fam,1Story,6,6,33,33,Hip,CompShg,Plywood,Plywood,,480.0,3,3,CBlock,,,,,705,,0,1139,1844,GasA,5,Y,,7.519692404116539,0,0,7.519692404116539,0,0,2,0,3,1,3,7,Typ,1,,,33.0,,2,546,,,Y,0,122,0,0,0,0,,,,0,1,COD,Normal,0,1,1,0,1,1,1,1,1,1,1,1,0,1,1,1,1,1,1
12,RL,4.31748811353631,9.967457142575062,Pave,,Reg,Lvl,AllPub,Inside,Gtl,Somerst,Norm,Norm,1Fam,2Story,7,5,4,4,Gable,CompShg,VinylSd,VinylSd,,0.0,4,3,PConc,,,,,341,,0,772,1113,GasA,5,Y,,7.014814351275545,858,0,7.58629630715272,0,0,2,1,3,1,4,8,Typ,1,,,4.0,,2,689,,,Y,0,48,0,0,0,0,,,,0,2,WD,Normal,0,1,1,0,1,1,1,1,1,1,1,1,0,1,1,1,1,1,1
12,RL,4.0943445622221,9.762009899452,Pave,,IR1,Lvl,AllPub,Inside,Gtl,Gilbert,RRAn,Norm,1Fam,2Story,6,5,9,9,Gable,CompShg,VinylSd,VinylSd,,16.0,3,3,PConc,,,,,0,,0,982,982,GasA,5,Y,,6.914730892718563,793,0,7.495541943884256,0,0,2,1,3,1,3,7,Typ,1,,,9.0,,2,463,,,Y,100,63,0,0,0,0,,,,0,6,WD,Normal,0,1,1,0,1,1,1,1,1,1,1,1,0,1,1,1,1,1,1
12,RL,4.382026634673881,9.999028638821708,Pave,,Reg,Lvl,AllPub,Inside,Gtl,SawyerW,Norm,Norm,1Fam,2Story,7,5,17,16,Gable,CompShg,MetalSd,MetalSd,,246.0,4,3,PConc,,,,,750,,0,300,1050,GasA,5,Y,,6.967909201801884,887,0,7.575071699507561,1,0,2,1,3,1,4,8,Typ,1,,,17.0,,2,574,,,Y,156,90,0,0,0,0,,,,0,6,WD,Normal,0,1,1,0,1,1,1,1,1,1,1,1,0,1,1,1,1,1,1
1,RM,3.044522437723423,7.803180260482359,Pave,,Reg,Lvl,AllPub,Inside,Gtl,MeadowV,Norm,Norm,TwnhsE,SFoyer,4,6,38,38,Gable,CompShg,CemntBd,CmentBd,,0.0,3,3,CBlock,,,,,150,,1,0,630,GasA,5,Y,,6.4457198193855785,0,0,6.4457198193855785,1,0,1,0,1,1,3,3,Typ,0,,,,,0,0,,,Y,96,24,0,0,0,0,,,,0,5,WD,Normal,0,1,1,0,1,1,1,1,1,1,1,1,1,1,1,1,1,1,1
9,RL,4.477336814478207,10.297960473145244,Pave,,IR1,Lvl,AllPub,Inside,Gtl,CollgCr,Norm,Norm,1Fam,1Story,7,5,6,6,Gable,CompShg,VinylSd,VinylSd,,99.0,4,3,PConc,,,,,922,,0,572,1494,GasA,5,Y,,7.309212365692763,0,0,7.309212365692763,1,0,2,0,3,1,4,6,Typ,1,,,6.0,,2,530,,,Y,192,36,0,0,0,0,,,,0,9,WD,Normal,0,1,1,0,1,1,1,1,1,1,1,1,0,1,1,1,1,1,1
5,RM,3.912023005428146,9.392890478215914,Pave,,Reg,Lvl,AllPub,Inside,Gtl,OldTown,Norm,Norm,1Fam,1.5Fin,3,6,99,59,Gable,CompShg,VinylSd,VinylSd,,0.0,3,3,BrkTil,,,,,0,,0,600,600,Grav,2,N,,6.396929655216146,368,0,6.875232087276577,0,0,1,0,2,1,3,6,Typ,0,,,,,0,0,,,Y,0,0,0,0,0,0,,,,0,5,WD,Abnorml,0,1,1,0,1,1,1,1,1,1,1,1,1,1,1,1,1,1,1
9,RL,4.219507705176107,9.857860827984023,Pave,,Reg,Lvl,AllPub,Inside,Gtl,CollgCr,Norm,Norm,1Fam,1Story,7,5,2,0,Gable,CompShg,VinylSd,VinylSd,,80.0,4,3,PConc,,,,,925,,0,349,1274,GasA,5,Y,,7.149916836132109,0,0,7.149916836132109,1,0,2,0,3,1,4,6,Typ,0,,,2.0,,2,508,,,Y,264,98,0,0,0,0,,,,0,1,New,Partial,0,1,1,0,1,1,1,1,1,1,1,1,0,1,1,1,1,1,1
8,RL,4.382026634673881,9.95829931831355,Pave,,Reg,Lvl,AllPub,Inside,Gtl,NAmes,Norm,Norm,1Fam,SLvl,6,6,55,38,Gable,CompShg,AsbShng,AsbShng,,164.0,3,3,CBlock,,,,,674,,1,350,1156,GasA,5,Y,,7.326465613840322,0,0,7.326465613840322,1,0,1,0,3,1,3,7,Typ,2,,,55.0,,1,364,,,Y,0,0,1,0,0,0,,,,0,3,WD,Normal,0,1,1,0,1,1,1,1,1,1,1,1,0,1,1,1,1,1,1
9,RL,4.2626798770413155,9.772650018167303,Pave,,Reg,Lvl,AllPub,Inside,Gtl,Sawyer,Norm,Norm,1Fam,1Story,6,5,30,30,Gable,CompShg,Plywood,Plywood,,148.0,3,3,CBlock,,,,,0,,0,660,660,GasA,5,Y,,7.158513997329321,0,0,7.158513997329321,0,0,1,1,3,1,3,7,Typ,1,,,30.0,,2,528,,,Y,138,0,0,0,0,0,,,,0,4,WD,Normal,0,1,1,0,1,1,1,1,1,1,1,1,0,1,1,1,1,1,1
12,RL,4.143134726391533,9.72564376457094,Pave,,Reg,Lvl,AllPub,Inside,Gtl,Gilbert,Norm,Norm,1Fam,2Story,7,5,3,3,Gable,CompShg,VinylSd,VinylSd,,0.0,4,3,PConc,,,,,0,,0,783,783,GasA,5,Y,,6.693323668269949,702,0,7.319202458767849,0,0,2,1,3,1,4,8,Typ,1,,,3.0,,2,393,,,Y,0,75,0,0,0,0,,,,0,7,WD,Normal,0,1,1,0,1,1,1,1,1,1,1,1,0,1,1,1,1,1,1
12,RL,,10.258616959431112,Pave,,Reg,Lvl,AllPub,CulDSac,Gtl,NWAmes,Norm,Norm,1Fam,2Story,7,7,31,31,Gable,CompShg,Plywood,Plywood,,233.0,3,3,CBlock,,,,,0,,0,793,793,GasA,3,Y,,7.040536390215956,793,0,7.5678626054638825,0,0,2,1,3,1,3,7,Typ,1,,,31.0,,2,550,,,Y,0,113,1,0,0,0,,,,0,11,WD,Normal,1,1,1,0,1,1,1,1,1,1,1,1,0,1,1,1,1,1,1
3,RL,4.394449154672439,10.205638200667222,Grvl,,Reg,Lvl,AllPub,Inside,Gtl,Edwards,Norm,Norm,Duplex,SFoyer,6,5,17,17,Gable,CompShg,HdBoard,HdBoard,,104.0,3,4,CBlock,,,,,816,,0,0,816,GasA,3,Y,,6.704414354964107,0,0,6.704414354964107,1,0,1,0,3,1,3,5,Typ,0,,,,,0,0,,,Y,0,32,0,0,0,0,,,,0,5,WD,Normal,0,1,1,0,1,1,1,1,1,1,1,1,1,1,1,1,1,1,1
9,RL,4.204692619390966,10.016085824836653,Pave,,Reg,Lvl,AllPub,Inside,Gtl,SawyerW,Norm,Norm,1Fam,1Story,7,5,6,6,Gable,CompShg,VinylSd,VinylSd,,,4,3,PConc,,,,,833,,0,343,1176,GasA,5,Y,,7.090076835776092,0,0,7.090076835776092,1,0,2,0,2,1,4,5,Typ,0,,,6.0,,2,555,,,Y,0,41,0,0,0,0,,,,0,8,WD,Normal,0,1,1,1,1,1,1,1,1,1,1,1,0,1,1,1,1,1,1
5,RL,4.0943445622221,9.769065973000298,Pave,,Reg,Lvl,AllPub,Inside,Gtl,Edwards,Norm,Norm,1Fam,1.5Fin,4,6,54,36,Gable,CompShg,MetalSd,MetalSd,,0.0,3,3,PConc,,,,,0,,0,941,941,GasA,5,Y,,6.904750769961838,473,0,7.293017679772782,0,0,2,0,4,1,3,7,Typ,0,,,50.0,,1,548,,,Y,0,0,0,0,1,0,,,,0,5,WD,Normal,0,1,1,0,1,1,1,1,1,1,1,1,0,1,1,1,1,1,1
9,RL,4.948759890378168,11.381646462065367,Pave,,IR1,Lvl,AllPub,Corner,Gtl,NAmes,Norm,Norm,1Fam,1Story,6,5,50,50,Hip,CompShg,BrkFace,Plywood,,112.0,3,3,CBlock,,,,,639,,0,441,1080,GasA,2,Y,,7.412160334945205,0,0,7.412160334945205,1,0,1,0,3,1,3,7,Typ,2,,,50.0,,2,528,,,P,210,62,0,0,0,0,,,,0,5,WD,Normal,0,1,1,0,1,1,1,1,1,1,1,1,0,1,1,1,1,1,1
0,RL,3.9512437185814275,9.88527066485959,Pave,,Reg,Lvl,AllPub,Inside,Gtl,OldTown,Norm,Norm,1Fam,1Story,5,8,85,3,Gable,CompShg,VinylSd,VinylSd,,0.0,4,3,BrkTil,,,,,0,,0,768,768,GasA,5,Y,,6.674561391814426,0,0,6.674561391814426,0,0,1,0,2,1,4,5,Typ,0,,,85.0,,1,240,,,N,316,0,1,0,0,0,,,,0,5,WD,Normal,0,1,1,0,1,1,1,1,1,1,1,1,0,1,1,1,1,1,1
9,RL,4.532599493153256,10.224344199880761,Pave,,Reg,Lvl,AllPub,Inside,Gtl,NridgHt,Norm,Norm,1Fam,1Story,8,5,0,0,Hip,CompShg,VinylSd,VinylSd,,254.0,5,3,PConc,,,,,0,,0,1694,1694,GasA,5,Y,,7.434847875211999,0,0,7.434847875211999,0,0,2,0,3,1,4,7,Typ,0,,,0.0,,3,818,,,Y,168,228,0,0,0,0,,,,0,12,New,Partial,0,1,1,0,1,1,1,1,1,1,1,1,0,1,1,1,1,1,1
9,RL,4.442651256490317,10.43144476469088,Pave,,Reg,Lvl,AllPub,Inside,Gtl,Timber,Norm,Norm,1Fam,1Story,8,5,4,4,Hip,CompShg,VinylSd,VinylSd,,630.0,4,3,PConc,,,,,1274,,0,526,1800,GasA,5,Y,,7.495541943884256,0,0,7.495541943884256,1,0,2,0,3,1,4,7,Typ,1,,,4.0,,3,765,,,Y,270,78,0,0,0,0,,,,0,5,WD,Normal,0,1,1,0,1,1,1,1,1,1,1,1,0,1,1,1,1,1,1
2,RM,4.442651256490317,10.369425768548549,Pave,,Reg,Lvl,AllPub,Inside,Gtl,OldTown,Norm,Norm,2fmCon,2Story,5,5,107,57,Gable,CompShg,Wd Sdng,Wd Sdng,,0.0,3,3,BrkTil,,,,,0,,0,662,662,GasA,3,N,,7.259819610363186,915,0,7.756623334538858,0,0,2,0,5,2,3,10,Min2,0,,,62.0,,2,560,,,Y,0,57,0,0,0,0,,,,0,9,WD,Normal,0,1,1,0,1,1,1,1,1,1,1,1,0,1,1,1,1,1,1
5,RL,4.356708826689592,10.063380629293032,Pave,,Reg,Lvl,AllPub,Inside,Gtl,NAmes,Artery,Norm,1Fam,1.5Fin,6,6,58,57,Gable,CompShg,Wd Sdng,Wd Sdng,,320.0,3,3,CBlock,,,,,196,,0,844,1040,GasA,5,Y,,7.0630481633881725,678,0,7.520776415062797,0,0,2,0,3,1,3,7,Typ,1,,,58.0,,1,315,,,Y,0,0,0,0,0,0,,,,0,1,WD,Normal,0,1,1,0,1,1,1,1,1,1,1,1,0,1,1,1,1,1,1
8,RL,,10.115458586505653,Pave,,IR1,Low,AllPub,Inside,Mod,CollgCr,Norm,Norm,1Fam,SLvl,6,6,30,30,Gable,CompShg,Plywood,HdBoard,,0.0,3,3,CBlock,,,,,505,,1,0,940,GasA,3,Y,,6.933423025730715,0,0,6.933423025730715,1,0,1,0,3,1,3,5,Typ,0,,,27.0,,2,576,,,Y,0,0,1,0,0,0,,,,0,10,WD,Normal,1,1,1,0,1,1,1,1,1,1,1,1,0,1,1,1,1,1,1
9,RL,,9.614459943651067,Pave,,IR1,Lvl,AllPub,Inside,Gtl,Sawyer,Norm,Norm,1Fam,1Story,5,7,42,42,Gable,CompShg,HdBoard,HdBoard,,41.0,3,3,PConc,,,,,0,,0,876,876,GasA,3,Y,,6.806829360392176,0,0,6.806829360392176,0,0,1,0,3,1,3,6,Typ,0,,,42.0,,1,408,,,Y,0,0,0,0,0,0,,,,0,12,WD,Abnorml,1,1,1,0,1,1,1,1,1,1,1,1,0,1,1,1,1,1,1
9,RL,4.382026634673881,10.661812282249796,Pave,,Reg,Low,AllPub,Inside,Mod,Mitchel,Norm,Norm,1Fam,1Story,5,5,29,29,Gable,CompShg,BrkFace,BrkFace,,0.0,3,3,CBlock,,,,,936,,0,190,1126,GasA,2,Y,,7.026426808699636,0,0,7.026426808699636,1,0,2,0,3,1,3,5,Typ,1,,,29.0,,2,484,,,P,295,41,0,0,0,0,,,,0,5,WD,Normal,0,1,1,0,1,1,1,1,1,1,1,1,0,1,1,1,1,1,1
12,RL,4.59511985013459,10.231101529190692,Pave,,IR1,Lvl,AllPub,Inside,Gtl,NridgHt,Norm,Norm,1Fam,2Story,8,5,3,3,Gable,CompShg,VinylSd,VinylSd,,388.0,4,3,PConc,,,,,970,,0,166,1136,GasA,5,Y,,7.035268599281097,1332,0,7.811163385025279,1,0,2,1,4,1,4,10,Typ,1,,,3.0,,3,872,,,Y,184,154,0,0,0,0,,,,0,6,WD,Normal,0,1,1,0,1,1,1,1,1,1,1,1,0,1,1,1,1,1,1
8,RL,,10.911296841309943,Pave,,IR1,Low,AllPub,CulDSac,Sev,ClearCr,Norm,Norm,1Fam,SLvl,6,5,37,37,Flat,Metal,Plywood,Plywood,,0.0,3,3,CBlock,,,,,938,,0,0,938,GasA,5,Y,,6.895682697747868,0,0,6.895682697747868,1,0,1,0,1,1,3,4,Typ,2,,,37.0,,2,540,,,Y,0,130,0,1,0,0,,,,0,10,WD,Normal,1,1,1,0,1,1,1,1,1,1,1,1,0,1,1,1,1,1,1
9,RL,4.248495242049359,9.801361141894677,Pave,,Reg,Lvl,AllPub,Inside,Gtl,NAmes,Feedr,Norm,1Fam,1Story,5,5,38,38,Hip,CompShg,HdBoard,HdBoard,,168.0,3,3,CBlock,,,,,1016,,0,36,1052,GasA,4,Y,,6.9584483932976555,0,0,6.9584483932976555,1,0,1,1,3,1,3,5,Typ,0,,,38.0,,1,288,,,Y,356,0,0,0,0,0,,,,0,11,WD,Normal,0,1,1,0,1,1,1,1,1,1,1,1,0,1,1,1,1,1,1
5,RL,4.0943445622221,9.95829931831355,Pave,,Reg,Lvl,AllPub,Corner,Gtl,Edwards,Artery,Norm,1Fam,1.5Fin,6,5,84,58,Gable,CompShg,Wd Sdng,Wd Sdng,,0.0,3,3,BrkTil,,,,,0,,0,572,572,Grav,2,N,,6.349138991379798,524,0,6.999422467507961,0,0,1,0,2,1,3,5,Typ,0,,,,,0,0,,,N,0,8,1,0,0,0,,,,0,4,WD,Normal,0,1,1,0,1,1,1,1,1,1,1,1,1,1,1,1,1,1,1
9,RL,4.143134726391533,10.322558055570436,Pave,,Reg,Lvl,AllPub,Inside,Gtl,SawyerW,RRAe,Norm,1Fam,1Story,6,5,1,1,Gable,CompShg,VinylSd,VinylSd,,0.0,4,3,PConc,,,,,0,,0,1141,1141,GasA,5,Y,,7.039660349862076,0,0,7.039660349862076,0,0,1,1,3,1,3,6,Typ,0,,,1.0,,2,484,,,Y,0,0,0,0,0,0,,,,0,3,WD,Abnorml,0,1,1,0,1,1,1,1,1,1,1,1,0,1,1,1,1,1,1
12,RL,4.382026634673881,10.052552325239192,Pave,,Reg,Lvl,AllPub,Inside,Gtl,NWAmes,Norm,Norm,1Fam,2Story,6,5,34,34,Gable,CompShg,VinylSd,VinylSd,,288.0,3,3,CBlock,,,,,247,,0,485,732,GasA,4,Y,,6.919683849847411,778,0,7.489970898834801,1,0,1,2,4,1,3,8,Min2,1,,,34.0,,2,484,,,Y,148,0,0,0,1,0,,,,0,11,WD,Normal,0,1,1,0,1,1,1,1,1,1,1,1,0,1,1,1,1,1,1
12,RL,4.290459441148391,9.890989311076577,Pave,,IR1,Lvl,AllPub,Inside,Gtl,CollgCr,Norm,Norm,1Fam,2Story,8,5,9,8,Gable,CompShg,VinylSd,VinylSd,,320.0,4,3,PConc,,,,,668,,0,336,1004,GasA,5,Y,,6.911747300251674,848,0,7.524021415206125,0,0,2,1,3,1,4,7,Typ,2,,,9.0,,3,660,,,Y,224,106,0,0,0,0,,,,0,12,WD,Normal,0,1,1,0,1,1,1,1,1,1,1,1,0,1,1,1,1,1,1
2,RM,4.0943445622221,9.550331191253461,Pave,,Reg,Lvl,AllPub,Inside,Gtl,IDOTRR,Norm,Norm,2fmCon,1.5Fin,6,8,71,24,Gable,CompShg,Wd Sdng,Wd Sdng,,0.0,3,2,CBlock,,,,,490,,0,30,520,GasA,4,N,,6.253828811575473,0,1,6.625392368007956,1,0,1,0,2,1,3,5,Typ,0,,,,,0,0,,,N,53,0,0,0,0,0,,,,0,6,WD,Normal,0,1,1,0,1,1,1,1,1,1,1,1,1,1,1,1,1,1,1
7,RM,3.5263605246161616,9.090926186840612,Pave,,Reg,Lvl,AllPub,Inside,Gtl,OldTown,Norm,Norm,1Fam,2Story,5,5,92,58,Gable,CompShg,AsbShng,AsbShng,,0.0,3,3,BrkTil,,,,,0,,0,624,624,GasA,2,N,,6.436150368369428,720,0,7.203405521083095,0,0,1,0,4,1,3,7,Typ,0,,,92.0,,3,513,,,Y,0,0,1,0,0,0,,,,0,5,COD,Abnorml,0,1,1,0,1,1,1,1,1,1,1,1,0,1,1,1,1,1,1
9,RL,,10.821657961337332,Pave,,Reg,Lvl,AllPub,Inside,Gtl,NAmes,PosA,Norm,1Fam,1Story,7,5,40,21,Gable,CompShg,Plywood,Plywood,,287.0,3,3,CBlock,,,,,912,,0,1035,1947,GasA,3,Y,,7.699389406256737,0,0,7.699389406256737,1,0,2,0,3,1,3,7,Min1,1,,,40.0,,2,576,,,Y,301,0,0,0,0,0,,,,0,7,WD,Normal,1,1,1,0,1,1,1,1,1,1,1,1,0,1,1,1,1,1,1
5,RL,4.31748811353631,11.81744839699421,Pave,,IR2,Bnk,AllPub,Inside,Gtl,ClearCr,Norm,Norm,1Fam,1.5Fin,6,8,100,11,Gable,CompShg,Wd Sdng,Wd Sdng,,0.0,3,3,BrkTil,,,,,0,,0,907,907,GasA,3,Y,,7.175489713624222,1051,0,7.765569081097317,0,0,3,0,5,1,3,10,Typ,1,,,100.0,,2,360,,,Y,486,40,0,0,1,0,,,,0,9,WD,Normal,0,1,1,0,1,1,1,1,1,1,1,1,0,1,1,1,1,1,1
12,RL,,9.877559339118461,Pave,,IR1,Lvl,AllPub,Inside,Gtl,NWAmes,Norm,Norm,1Fam,2Story,8,9,32,12,Hip,CompShg,VinylSd,VinylSd,,289.0,5,4,CBlock,,,,,575,,1,487,1142,GasA,5,Y,,7.069023426578259,1540,0,7.906547232368036,0,1,3,1,4,1,4,11,Typ,2,,,14.0,,2,831,,,Y,0,204,0,0,0,0,,,,0,7,WD,Normal,1,1,1,0,1,1,1,1,1,1,1,1,0,1,1,1,1,1,1
11,RL,3.7612001156935624,9.596344720985424,Pave,,IR1,Lvl,AllPub,Inside,Gtl,NridgHt,Norm,Norm,TwnhsE,1Story,7,5,1,1,Gable,CompShg,VinylSd,VinylSd,,240.0,4,3,PConc,,,,,659,,0,705,1364,GasA,5,Y,,7.218176838403408,0,0,7.218176838403408,1,0,2,0,2,1,4,6,Typ,1,,,1.0,,2,484,,,Y,192,36,0,0,0,0,,,,0,6,WD,Normal,0,1,1,0,1,1,1,1,1,1,1,1,0,1,1,1,1,1,1
9,RL,4.143134726391533,9.72564376457094,Pave,,Reg,Lvl,AllPub,Inside,Gtl,Gilbert,Norm,Norm,1Fam,1Story,7,5,12,11,Gable,CompShg,HdBoard,HdBoard,,38.0,3,3,PConc,,,,,0,,0,1237,1237,GasA,4,Y,,7.133295954896068,0,0,7.133295954896068,0,0,2,0,3,1,3,6,Typ,1,,,12.0,,2,402,,,Y,220,21,0,0,0,0,,,,0,6,WD,Normal,0,1,1,0,1,1,1,1,1,1,1,1,0,1,1,1,1,1,1
9,RL,,9.981364599288456,Pave,,Reg,Lvl,AllPub,Inside,Gtl,NWAmes,Feedr,Norm,1Fam,1Story,6,5,47,47,Hip,CompShg,HdBoard,HdBoard,,451.0,3,3,CBlock,,,,,569,,1,678,1328,GasA,3,Y,,7.191429330036379,0,0,7.191429330036379,1,0,1,1,3,1,3,6,Typ,2,,,47.0,,2,528,,,Y,0,26,0,0,0,0,,,,0,6,WD,Normal,1,1,1,0,1,1,1,1,1,1,1,1,0,1,1,1,1,1,1
9,RL,,10.254601369860689,Pave,,IR1,Lvl,AllPub,Inside,Gtl,NAmes,Norm,Norm,1Fam,1Story,5,5,47,29,Hip,CompShg,Wd Sdng,Wd Sdng,,0.0,3,3,CBlock,,,,,0,,0,978,978,GasA,3,Y,,7.259819610363186,0,0,7.259819610363186,0,0,1,0,3,1,3,6,Min1,1,,,47.0,,1,286,,,Y,0,0,1,0,0,0,,,,1,8,WD,Normal,1,1,1,0,1,1,1,1,1,1,1,1,0,1,1,1,1,1,1
12,RL,4.442651256490317,10.369425768548549,Pave,,Reg,Lvl,AllPub,Inside,Gtl,NAmes,Norm,Norm,1Fam,2Story,7,6,44,19,Gable,CompShg,HdBoard,HdBoard,,176.0,3,3,CBlock,,,,,454,,0,314,768,GasA,3,Y,,7.078341579557671,800,0,7.593877844605118,0,0,2,1,3,1,3,7,Typ,3,,,44.0,,2,486,,,Y,0,42,0,0,1,0,,,,0,10,WD,Normal,0,1,1,0,1,1,1,1,1,1,1,1,0,1,1,1,1,1,1
0,RL,,9.863180946508251,Pave,,Reg,Lvl,AllPub,Inside,Gtl,BrkSide,Norm,Norm,1Fam,1.5Unf,6,6,93,59,Gable,CompShg,Wd Sdng,Wd Sdng,,0.0,3,3,BrkTil,,,,,0,,0,952,952,Grav,2,N,,6.858565034791365,0,0,6.858565034791365,0,0,1,0,2,1,2,4,Typ,1,,,93.0,,1,192,,,P,0,98,0,0,1,0,,,,0,5,WD,Normal,1,1,1,0,1,1,1,1,1,1,1,1,0,1,1,1,1,1,1
9,RL,4.442651256490317,10.02759392490879,Pave,,IR1,Lvl,AllPub,CulDSac,Gtl,Somerst,RRNn,Norm,1Fam,1Story,8,5,0,0,Hip,CompShg,VinylSd,VinylSd,,420.0,4,3,PConc,,,,,1220,,0,440,1660,GasA,5,Y,,7.414572881350589,0,0,7.414572881350589,1,0,2,0,3,1,4,8,Typ,1,,,0.0,,2,500,,,Y,322,50,0,0,0,0,,,,0,5,New,Partial,0,1,1,0,1,1,1,1,1,1,1,1,0,1,1,1,1,1,1
9,RL,4.143134726391533,10.663383244236178,Pave,,IR1,Lvl,AllPub,CulDSac,Gtl,StoneBr,Norm,Norm,1Fam,1Story,9,5,1,0,Hip,CompShg,VinylSd,VinylSd,,748.0,5,3,PConc,,,,,1904,,0,312,2216,GasA,5,Y,,7.711548979629146,0,0,7.711548979629146,1,0,2,0,1,1,5,9,Typ,1,,,0.0,,3,1166,,,Y,0,60,0,0,0,0,,,,0,7,New,Partial,0,1,1,0,1,1,1,1,1,1,1,1,0,1,1,1,1,1,1
0,RL,3.9512437185814275,9.463037667058957,Pave,,Reg,Bnk,AllPub,Inside,Gtl,SWISU,Norm,Norm,1Fam,1Story,6,5,78,58,Gable,CompShg,Wd Sdng,Wd Sdng,,0.0,3,3,BrkTil,,,,,384,,0,384,768,GasA,3,N,,6.672032945461067,0,0,6.672032945461067,0,0,1,0,2,1,3,4,Typ,0,,,83.0,,1,160,,,Y,0,141,0,0,0,0,,,,0,4,WD,Normal,0,1,1,0,1,1,1,1,1,1,1,1,0,1,1,1,1,1,1
9,RL,4.290459441148391,9.869137936783508,Pave,,IR1,Lvl,AllPub,Inside,Gtl,Gilbert,Norm,Norm,1Fam,1Story,7,5,0,0,Gable,CompShg,VinylSd,VinylSd,,0.0,4,3,PConc,,,,,24,,0,1316,1340,GasA,5,Y,,7.200424892944957,0,0,7.200424892944957,0,0,2,0,3,1,4,6,Typ,0,,,0.0,,2,396,,,Y,100,30,0,0,0,0,,,,0,8,New,Partial,0,1,1,0,1,1,1,1,1,1,1,1,0,1,1,1,1,1,1
9,RL,,10.075335637190776,Pave,,IR1,Lvl,AllPub,Inside,Gtl,NWAmes,Norm,Norm,1Fam,1Story,6,7,33,9,Gable,CompShg,Plywood,Plywood,,28.0,3,3,PConc,,,,,1200,,0,410,1610,GasA,4,Y,,7.383989457978509,0,0,7.383989457978509,1,0,2,0,3,1,4,6,Typ,2,,,33.0,,2,480,,,Y,168,68,0,0,0,0,,,,0,2,WD,Normal,1,1,1,0,1,1,1,1,1,1,1,1,0,1,1,1,1,1,1
3,RL,,10.759594565041358,Pave,,IR1,Lvl,AllPub,Inside,Gtl,Sawyer,Feedr,RRAe,Duplex,1.5Fin,5,5,30,30,Shed,CompShg,Plywood,Plywood,,1.0,3,3,CBlock,,,,,498,,1,652,1361,GasA,5,Y,,7.215975002651466,1259,0,7.8709295967551425,0,0,2,2,4,2,3,12,Typ,1,,,30.0,,2,600,,,N,155,24,1,0,0,0,,,,1,8,WD,Normal,1,1,1,0,1,1,1,1,1,1,1,1,0,1,1,1,1,1,1
11,RL,3.7612001156935624,8.607622625179104,Pave,,Reg,Lvl,AllPub,Inside,Gtl,Blmngtn,Norm,Norm,TwnhsE,1Story,7,5,1,0,Gable,CompShg,VinylSd,VinylSd,,16.0,4,3,PConc,,,,,16,,0,1232,1248,GasA,5,Y,,7.129297548929373,0,0,7.129297548929373,0,0,2,0,2,1,4,5,Typ,0,,,1.0,,2,438,,,Y,108,0,0,0,0,0,,,,0,3,New,Partial,0,1,1,0,1,1,1,1,1,1,1,1,0,1,1,1,1,1,1
9,RL,4.174387269895637,9.54825965739218,Pave,,IR1,Lvl,AllPub,Inside,Gtl,Sawyer,Feedr,Norm,1Fam,1Story,6,8,47,12,Hip,CompShg,HdBoard,HdBoard,,0.0,3,4,CBlock,,,,,832,,0,80,912,GasA,4,Y,,6.815639990074331,0,0,6.815639990074331,1,1,1,0,3,1,4,5,Typ,0,,,46.0,,1,288,,,Y,168,0,0,0,0,0,,,,0,5,WD,Normal,0,1,1,0,1,1,1,1,1,1,1,1,0,1,1,1,1,1,1
12,RL,4.07753744390572,9.88787343737329,Pave,,IR1,Lvl,AllPub,Inside,Gtl,Gilbert,Norm,Norm,1Fam,2Story,6,5,10,10,Gable,CompShg,VinylSd,VinylSd,,0.0,3,3,PConc,,,,,828,,0,115,943,GasA,4,Y,,6.849066282633458,695,0,7.401231264413015,1,0,2,1,3,1,3,7,Typ,2,,,10.0,,2,472,,,Y,100,38,0,0,0,0,,,,0,7,WD,Normal,0,1,1,0,1,1,1,1,1,1,1,1,0,1,1,1,1,1,1
2,RL,,11.407589908912529,Pave,,Reg,Low,AllPub,Inside,Mod,Mitchel,Norm,Norm,2fmCon,1Story,4,4,46,32,Gable,CompShg,MetalSd,MetalSd,,149.0,3,4,CBlock,,,,,1159,,0,90,1249,GasA,5,Y,,7.3914152346753585,0,0,7.3914152346753585,1,0,1,0,3,1,3,7,Typ,1,,,32.0,,4,1356,,,Y,439,0,0,0,0,0,,,,0,3,WD,Normal,1,1,1,0,1,1,1,1,1,1,1,1,0,1,1,1,1,1,1
7,RL,4.110873864173311,9.630208978577766,Pave,,IR1,Lvl,AllPub,Inside,Mod,Crawfor,Norm,Norm,1Fam,2Story,6,8,62,5,Gambrel,CompShg,Wd Sdng,Wd Sdng,,0.0,3,3,CBlock,,,,,774,,1,104,1028,GasA,5,Y,,7.269616749608169,884,0,7.749322464660356,1,0,2,1,3,1,4,9,Typ,1,,,62.0,,1,180,,,Y,224,0,0,0,0,0,,,,0,7,WD,Normal,0,1,1,0,1,1,1,1,1,1,1,1,0,1,1,1,1,1,1
9,RL,4.31748811353631,9.72564376457094,Pave,,Reg,Lvl,AllPub,Inside,Gtl,NAmes,Norm,Norm,1Fam,1Story,5,6,47,47,Gable,CompShg,VinylSd,VinylSd,,136.0,3,3,CBlock,,,,,572,,0,572,1144,GasA,4,Y,,7.042286171939743,0,0,7.042286171939743,1,0,1,0,3,1,3,6,Typ,0,,,47.0,,2,456,,,Y,0,0,0,0,0,0,,,,0,9,WD,Normal,0,1,1,0,1,1,1,1,1,1,1,1,0,1,1,1,1,1,1
5,RH,4.007333185232471,9.07275123664154,Pave,,IR2,Bnk,AllPub,Inside,Gtl,SWISU,Norm,Norm,1Fam,1.5Fin,5,5,77,9,Gable,CompShg,VinylSd,Stucco,,0.0,3,3,BrkTil,,,,,182,,0,611,793,GasA,5,Y,,6.742880635791903,672,0,7.326465613840322,0,0,1,0,3,1,3,6,Typ,0,,,41.0,,1,281,,,Y,0,0,1,0,0,0,,,,0,7,WD,Abnorml,0,1,1,0,1,1,1,1,1,1,1,1,0,1,1,1,1,1,1
9,RL,4.605170185988092,10.006822701052913,Pave,,Reg,Lvl,AllPub,Inside,Gtl,NAmes,Norm,Norm,1Fam,1Story,6,6,45,45,Gable,CompShg,HdBoard,Plywood,,180.0,3,3,CBlock,,,,,196,,1,975,1516,GasA,3,Y,,7.323830566202317,0,0,7.323830566202317,0,0,1,1,3,1,3,6,Typ,0,,,45.0,,2,472,,,Y,0,0,0,0,1,0,,,,0,2,WD,Normal,0,1,1,0,1,1,1,1,1,1,1,1,0,1,1,1,1,1,1
9,RL,4.290459441148391,9.881094418725288,Pave,,IR1,Lvl,AllPub,Inside,Gtl,CollgCr,Norm,Norm,1Fam,1Story,7,5,0,0,Gable,CompShg,VinylSd,VinylSd,,0.0,4,3,PConc,,,,,0,,0,1498,1498,GasA,5,Y,,7.311886164077165,0,0,7.311886164077165,0,0,2,0,2,1,4,5,Typ,0,,,0.0,,2,675,,,Y,351,33,0,0,0,0,,,,0,4,New,Partial,0,1,1,0,1,1,1,1,1,1,1,1,0,1,1,1,1,1,1
12,RL,4.2626798770413155,10.241796208385761,Pave,,IR1,Lvl,AllPub,CulDSac,Gtl,Mitchel,Norm,Norm,1Fam,2Story,6,5,8,7,Gable,CompShg,VinylSd,VinylSd,,0.0,3,3,PConc,,,,,690,,0,114,804,GasA,5,Y,,6.6895992691789665,1157,0,7.581209826196346,1,0,2,1,3,1,4,7,Typ,1,,,8.0,,2,560,,,Y,125,192,0,0,0,0,,,,0,6,WD,Normal,0,1,1,0,1,1,1,1,1,1,1,1,0,1,1,1,1,1,1
12,RL,4.442651256490317,10.12967432794342,Pave,,IR1,Lvl,AllPub,Corner,Gtl,CollgCr,Norm,Norm,1Fam,2Story,7,5,1,1,Gable,CompShg,VinylSd,VinylSd,,0.0,4,3,PConc,,,,,0,,0,728,728,GasA,5,Y,,6.590301048196686,728,0,7.283448228756631,0,0,2,1,3,1,4,8,Typ,1,,,1.0,,2,440,,,Y,0,0,0,0,0,0,,,,0,7,New,Partial,0,1,1,0,1,1,1,1,1,1,1,1,0,1,1,1,1,1,1
7,RL,,11.049825892160616,Pave,,Reg,Lvl,AllPub,Inside,Gtl,ClearCr,Norm,Norm,1Fam,2Story,7,7,70,60,Gable,CompShg,MetalSd,MetalSd,,0.0,3,4,CBlock,,,,,0,,0,1032,1032,GasA,5,Y,,7.095893221097532,1196,0,7.784473235736469,0,0,2,0,4,1,3,10,Typ,2,,,70.0,,1,349,,,Y,56,0,1,0,0,0,,,,0,6,COD,Normal,1,1,1,0,1,1,1,1,1,1,1,1,0,1,1,1,1,1,1
9,RL,4.499809670330265,10.258044123443602,Pave,,IR1,Lvl,AllPub,Inside,Gtl,NridgHt,Norm,Norm,1Fam,1Story,9,5,3,2,Gable,CompShg,VinylSd,VinylSd,,0.0,4,3,PConc,,,,,1274,,0,622,1896,GasA,5,Y,,7.572502985020384,0,0,7.572502985020384,1,0,2,0,3,1,5,8,Typ,3,,,3.0,,3,708,,,Y,208,175,0,0,0,0,,,,0,11,WD,Normal,0,1,1,0,1,1,1,1,1,1,1,1,0,1,1,1,1,1,1
11,RL,3.871201010907891,9.580138632122866,Pave,,IR1,Lvl,AllPub,Inside,Gtl,NridgHt,Norm,Norm,TwnhsE,1Story,7,5,1,0,Gable,CompShg,VinylSd,VinylSd,,94.0,4,3,PConc,,,,,0,,0,1368,1368,GasA,5,Y,,7.221105098182496,0,0,7.221105098182496,0,0,2,0,2,1,4,6,Typ,1,,,1.0,,2,474,,,Y,132,35,0,0,0,0,,,,0,9,New,Partial,0,1,1,0,1,1,1,1,1,1,1,1,0,1,1,1,1,1,1
12,RL,4.219507705176107,9.905551856659958,Pave,,IR1,Lvl,AllPub,Inside,Gtl,CollgCr,Norm,Norm,1Fam,2Story,7,5,9,9,Gable,CompShg,VinylSd,VinylSd,,158.0,4,3,PConc,,,,,633,,0,240,873,GasA,5,Y,,6.782192056006791,908,0,7.489970898834801,1,0,2,1,3,1,4,7,Typ,0,,,9.0,,2,588,,,Y,0,88,0,0,0,0,,,,0,6,WD,Abnorml,0,1,1,0,1,1,1,1,1,1,1,1,0,1,1,1,1,1,1
12,RL,4.204692619390966,10.481419863818363,Pave,,IR1,Lvl,AllPub,Inside,Gtl,NridgHt,Norm,Norm,1Fam,2Story,9,5,0,0,Hip,CompShg,VinylSd,VinylSd,,268.0,5,3,PConc,,,,,1330,,0,122,1452,GasA,5,Y,,7.297091005160418,1237,0,7.905810312658931,1,0,2,1,3,1,5,11,Typ,1,,,0.0,,3,858,,,Y,126,66,0,0,0,0,,,,0,11,New,Partial,0,1,1,0,1,1,1,1,1,1,1,1,0,1,1,1,1,1,1
5,RL,4.74493212836325,10.901968975952832,Pave,,Reg,Lvl,AllPub,Inside,Gtl,Sawyer,Norm,Norm,1Fam,1.5Fin,5,5,60,58,Gable,CompShg,Wd Sdng,Wd Sdng,,0.0,3,3,CBlock,,,,,0,,0,720,720,GasA,3,Y,,6.579251212010101,551,0,7.147559271189454,0,0,2,0,4,1,3,7,Typ,1,,,60.0,,1,312,,,Y,0,0,1,0,0,0,,,,0,8,WD,Normal,0,1,1,0,1,1,1,1,1,1,1,1,0,1,1,1,1,1,1
9,RL,4.382026634673881,10.052552325239192,Pave,,Reg,Lvl,AllPub,Inside,Gtl,NWAmes,Norm,Norm,1Fam,1Story,7,5,18,18,Gable,CompShg,Wd Sdng,Wd Sdng,,102.0,3,3,CBlock,,,,,929,,0,916,1845,GasA,4,Y,,7.534762657037537,0,0,7.534762657037537,0,1,2,0,3,1,3,6,Typ,1,,,18.0,,2,604,,,Y,197,39,0,0,0,0,,,,0,6,WD,Normal,0,1,1,0,1,1,1,1,1,1,1,1,0,1,1,1,1,1,1
4,RL,,9.209507640516724,Pave,,IR1,Lvl,AllPub,CulDSac,Gtl,StoneBr,Norm,Norm,TwnhsE,2Story,7,5,23,23,Gable,CompShg,HdBoard,HdBoard,,0.0,4,3,CBlock,,,,,828,,1,180,1190,GasA,4,Y,,7.081708586105575,900,0,7.644919344958857,1,0,2,0,3,1,4,6,Min1,1,,,23.0,,2,577,,,Y,219,0,0,0,0,0,,,,0,9,WD,Normal,1,1,1,0,1,1,1,1,1,1,1,1,0,1,1,1,1,1,1
12,RL,,9.949811845637305,Pave,,IR1,Lvl,AllPub,CulDSac,Gtl,CollgCr,Norm,Norm,1Fam,2Story,6,5,9,9,Gable,CompShg,VinylSd,VinylSd,,0.0,3,3,PConc,,,,,706,,0,88,794,GasA,5,Y,,6.782192056006791,914,0,7.493317248862145,1,0,2,1,3,1,3,7,Typ,0,,,9.0,,2,546,,,Y,0,36,0,0,0,0,,,,0,5,WD,Normal,1,1,1,0,1,1,1,1,1,1,1,1,0,1,1,1,1,1,1
9,RL,4.290459441148391,9.881486561497434,Pave,,IR1,Lvl,AllPub,Inside,Gtl,Gilbert,Norm,Norm,1Fam,1Story,7,5,0,0,Gable,CompShg,VinylSd,VinylSd,,0.0,4,3,PConc,,,,,0,,0,1302,1302,GasA,5,Y,,7.171656822768514,0,0,7.171656822768514,0,0,2,0,3,1,4,6,Typ,0,,,0.0,,2,436,,,Y,0,22,0,0,0,0,,,,0,8,New,Partial,0,1,1,0,1,1,1,1,1,1,1,1,0,1,1,1,1,1,1
9,RL,4.382026634673881,9.95829931831355,Pave,,Reg,Lvl,AllPub,Inside,Gtl,NWAmes,PosN,Norm,1Fam,1Story,8,5,28,28,Hip,WdShngl,BrkFace,BrkFace,,0.0,4,3,PConc,,,,,1104,,0,1420,2524,GasA,3,Y,,7.8336002236611035,0,0,7.8336002236611035,1,0,2,1,4,1,4,9,Typ,1,,,28.0,,2,542,,,Y,474,120,0,0,0,0,,,,0,7,WD,Normal,0,1,1,0,1,1,1,1,1,1,1,1,0,1,1,1,1,1,1
5,RL,4.499809670330265,9.284743197764715,Pave,,Reg,Lvl,AllPub,Corner,Gtl,OldTown,Artery,Norm,1Fam,1.5Fin,4,6,89,59,Gable,CompShg,CBlock,CBlock,,0.0,2,3,PConc,,,,,315,,1,420,840,GasA,5,Y,,6.733401891837359,534,0,7.2254814727822945,0,0,1,0,2,1,3,6,Typ,0,,,42.0,,1,338,,,Y,0,0,1,0,0,0,,,,0,10,WD,Normal,0,1,1,0,1,1,1,1,1,1,1,1,0,1,1,1,1,1,1
4,RL,3.58351893845611,8.282265926418695,Pave,,Reg,Lvl,AllPub,Inside,Gtl,NridgHt,Norm,Norm,Twnhs,2Story,7,5,6,5,Gable,CompShg,VinylSd,Wd Shng,,106.0,4,3,PConc,,,,,567,,0,197,764,GasA,5,Y,,6.638567789166521,862,0,7.3938782901077555,0,0,2,0,2,1,4,6,Typ,0,,,6.0,,2,474,,,Y,0,27,0,0,0,0,,,,0,7,WD,Normal,0,1,1,0,1,1,1,1,1,1,1,1,0,1,1,1,1,1,1
5,RL,4.0943445622221,10.022028030182744,Pave,,Reg,Lvl,AllPub,Inside,Gtl,OldTown,Norm,Norm,1Fam,1.5Fin,5,6,67,57,Gable,CompShg,MetalSd,MetalSd,,0.0,3,3,CBlock,,,,,0,,0,735,735,GasA,4,Y,,6.5998704992128365,299,0,6.9411900550683745,0,0,1,0,2,1,3,5,Typ,0,,,67.0,,1,240,,,Y,0,39,0,0,0,0,,,,0,7,WD,Normal,0,1,1,0,1,1,1,1,1,1,1,1,0,1,1,1,1,1,1
11,RL,4.127134385045092,10.286263844410673,Pave,,IR1,Lvl,AllPub,Inside,Gtl,NridgHt,Norm,Norm,TwnhsE,1Story,8,5,5,4,Hip,CompShg,MetalSd,MetalSd,,472.0,5,3,PConc,,,,,1218,,0,300,1518,GasA,5,Y,,7.325148957955575,0,0,7.325148957955575,0,0,1,1,1,1,5,6,Typ,1,,,5.0,,2,588,,,Y,185,140,0,0,0,0,,,,0,4,WD,Normal,0,1,1,0,1,1,1,1,1,1,1,1,0,1,1,1,1,1,1
5,RM,,9.708094880505984,Pave,,Reg,Lvl,AllPub,Corner,Gtl,IDOTRR,Norm,Norm,1Fam,1.5Fin,7,4,76,57,Gable,CompShg,Stucco,Stucco,,600.0,3,2,PConc,,,,,224,,0,816,1040,GasA,5,Y,,7.111512116496157,592,0,7.505492274737424,0,0,1,1,4,1,3,7,Typ,2,,,56.0,,1,240,,,Y,0,0,0,0,1,0,,,,0,6,WD,Normal,1,1,1,0,1,1,1,1,1,1,1,1,0,1,1,1,1,1,1
9,RL,3.871201010907891,10.234806812664319,Pave,,IR2,Lvl,AllPub,CulDSac,Gtl,CollgCr,Norm,Norm,1Fam,1Story,7,5,12,12,Gable,CompShg,VinylSd,VinylSd,,442.0,3,3,PConc,,,,,0,,0,1649,1649,GasA,5,Y,,7.415175109613295,0,0,7.415175109613295,0,0,2,0,3,1,4,6,Typ,0,,,12.0,,2,598,,,Y,0,34,0,0,0,0,,,,0,5,WD,Normal,0,1,1,0,1,1,1,1,1,1,1,1,0,1,1,1,1,1,1
5,RL,,10.147812602537678,Pave,,IR1,HLS,AllPub,Corner,Mod,Crawfor,Norm,Norm,1Fam,1.5Fin,6,7,75,57,Gable,CompShg,MetalSd,MetalSd,,480.0,3,3,CBlock,,,,,297,,1,0,854,GasA,3,Y,,6.999422467507961,895,0,7.596392304064196,0,0,1,1,3,1,3,7,Typ,1,,,30.0,,2,432,,,Y,0,0,1,0,0,0,,,,0,3,WD,Normal,1,1,1,0,1,1,1,1,1,1,1,1,0,1,1,1,1,1,1
7,RM,3.912023005428146,9.882401061887073,Pave,,Reg,Lvl,AllPub,Inside,Gtl,OldTown,Artery,Norm,1Fam,2Story,7,9,89,21,Hip,CompShg,VinylSd,VinylSd,,0.0,3,4,PConc,,,,,624,,0,26,650,GasA,5,Y,,6.723832440821209,650,0,7.301147805856032,0,1,1,0,3,1,3,7,Typ,0,,,79.0,,2,324,,,Y,0,0,0,0,0,0,,,,0,7,WD,Normal,0,1,1,0,1,1,1,1,1,1,1,1,0,1,1,1,1,1,1
11,RL,,9.512302546816372,Pave,,IR1,Low,AllPub,CulDSac,Mod,StoneBr,Norm,Norm,1Fam,1Story,8,5,21,21,Gable,CompShg,HdBoard,HdBoard,,0.0,4,3,PConc,,,,,1148,,0,594,1742,GasA,3,Y,,7.462789157412448,0,0,7.462789157412448,1,0,2,0,2,1,4,5,Typ,1,,,21.0,,2,564,,,Y,114,28,1,0,0,0,,,,0,12,WD,Normal,1,1,1,0,1,1,1,1,1,1,1,1,0,1,1,1,1,1,1
5,RL,3.8066624897703196,9.779928300513122,Pave,,Reg,Lvl,AllPub,Inside,Gtl,Edwards,Norm,Norm,1Fam,1.5Fin,5,7,88,56,Gable,CompShg,Stucco,Stucco,,0.0,3,3,BrkTil,,,,,0,,0,686,686,GasW,4,Y,,6.530877627725885,564,0,7.1308988302963465,0,1,1,1,3,1,2,7,Typ,0,,,51.0,,1,280,,,P,207,0,1,0,0,0,,,,0,7,WD,Normal,0,1,1,0,1,1,1,1,1,1,1,1,0,1,1,1,1,1,1
5,RM,3.9512437185814275,9.453346746460348,Pave,,Reg,Lvl,AllPub,Inside,Gtl,BrkSide,Norm,Norm,1Fam,1.5Fin,6,6,72,56,Gable,CompShg,Wd Sdng,Wd Sdng,,0.0,3,3,PConc,,,,,0,,0,816,816,GasA,3,Y,,6.704414354964107,0,1,7.069874128458572,0,0,1,0,3,1,3,6,Typ,1,,,21.0,,2,528,,,Y,112,0,0,0,0,0,,,,1,9,WD,Normal,0,1,1,0,1,1,1,1,1,1,1,1,0,1,1,1,1,1,1
12,RL,4.382026634673881,10.011170036885591,Pave,,IR1,Lvl,AllPub,Inside,Gtl,SawyerW,Norm,Norm,1Fam,2Story,8,5,14,14,Gable,CompShg,HdBoard,HdBoard,,0.0,4,3,PConc,,,,,789,,0,119,908,GasA,5,Y,,6.831953565565855,988,0,7.557472901614746,1,0,2,1,3,1,4,8,Typ,1,,,14.0,,2,506,,,Y,120,150,0,0,0,0,,,,0,2,WD,Abnorml,0,1,1,0,1,1,1,1,1,1,1,1,0,1,1,1,1,1,1
5,RL,4.0943445622221,9.801361141894677,Pave,,Reg,Bnk,AllPub,Inside,Gtl,SWISU,Norm,Norm,1Fam,1.5Fin,6,5,66,6,Gable,CompShg,Wd Sdng,MetalSd,,0.0,3,3,CBlock,,,,,388,,0,552,940,GasA,5,Y,,7.083387847625295,403,0,7.374629015218945,0,0,1,0,2,1,3,6,Typ,2,,,66.0,,1,240,,,Y,0,0,1,0,0,0,,,,0,6,WD,Normal,0,1,1,0,1,1,1,1,1,1,1,1,0,1,1,1,1,1,1
8,RL,4.382026634673881,9.95829931831355,Pave,,Reg,Lvl,AllPub,Inside,Gtl,NAmes,Norm,Norm,1Fam,SLvl,6,6,53,12,Hip,CompShg,AsbShng,AsbShng,,0.0,3,3,CBlock,,,,,831,,0,161,992,GasA,4,Y,,7.415175109613295,0,0,7.415175109613295,1,0,1,0,3,1,4,8,Typ,1,,,53.0,,1,377,,,Y,0,28,0,0,1,0,,,,0,10,WD,Normal,0,1,1,0,1,1,1,1,1,1,1,1,0,1,1,1,1,1,1
12,FV,4.31748811353631,9.744698160377592,Pave,,IR1,Lvl,AllPub,Inside,Gtl,Somerst,RRAn,Norm,1Fam,2Story,8,5,0,0,Gable,CompShg,VinylSd,VinylSd,,110.0,4,3,PConc,,,,,544,,0,288,832,GasA,5,Y,,6.723832440821209,1103,0,7.5678626054638825,1,0,2,1,3,1,3,8,Typ,0,,,0.0,,2,552,,,Y,0,150,0,0,0,0,,,,0,12,New,Partial,0,1,1,0,1,1,1,1,1,1,1,1,0,1,1,1,1,1,1
9,RL,4.31748811353631,9.975579359211,Pave,,Reg,Lvl,AllPub,Inside,Gtl,CollgCr,Norm,Norm,1Fam,1Story,8,5,6,6,Hip,CompShg,VinylSd,VinylSd,,281.0,4,3,PConc,,,,,0,,0,1777,1777,GasA,5,Y,,7.492760300922379,0,0,7.492760300922379,0,0,2,0,3,1,4,7,Typ,1,,,6.0,,2,534,,,Y,171,159,0,0,0,0,,,,0,9,WD,Normal,0,1,1,0,1,1,1,1,1,1,1,1,0,1,1,1,1,1,1
12,RL,4.174387269895637,9.773079381957759,Pave,,Reg,Lvl,AllPub,Inside,Gtl,CollgCr,Norm,Norm,1Fam,2Story,7,5,4,3,Gable,CompShg,VinylSd,VinylSd,,0.0,4,3,PConc,,,,,0,,0,847,847,GasA,5,Y,,6.741700694652055,1081,0,7.564238475170491,0,0,2,1,4,1,4,8,Typ,1,,,4.0,,2,434,,,Y,100,48,0,0,0,0,,,,0,7,WD,Normal,0,1,1,0,1,1,1,1,1,1,1,1,0,1,1,1,1,1,1
9,RL,,10.17656225358402,Pave,,IR1,Lvl,AllPub,Inside,Gtl,Sawyer,Norm,Norm,1Fam,1Story,5,5,38,38,Hip,CompShg,Plywood,Plywood,,188.0,3,3,CBlock,,,,,673,,0,378,1051,GasA,3,Y,,7.055312843339752,0,0,7.055312843339752,0,0,1,1,3,1,3,7,Typ,1,,,38.0,,1,336,,,Y,466,0,0,0,0,0,,,,0,7,WD,Normal,1,1,1,0,1,1,1,1,1,1,1,1,0,1,1,1,1,1,1
4,RL,3.1780538303479458,8.288316630934473,Pave,,Reg,Lvl,AllPub,Inside,Gtl,NPkVill,Norm,Norm,Twnhs,2Story,6,5,32,32,Gable,CompShg,Plywood,Brk Cmn,,0.0,3,3,CBlock,,,,,311,,0,544,855,GasA,2,Y,,6.75110146893676,601,0,7.283448228756631,0,0,2,1,3,1,3,7,Typ,1,,,32.0,,2,440,,,Y,26,0,0,0,0,0,,,,0,7,WD,Normal,0,1,1,0,1,1,1,1,1,1,1,1,0,1,1,1,1,1,1
5,RL,,10.5366310440262,Pave,,IR1,Lvl,AllPub,Corner,Gtl,Crawfor,Norm,Norm,1Fam,1.5Fin,7,9,69,2,Gable,CompShg,VinylSd,VinylSd,,312.0,4,4,CBlock,,,,,341,,0,457,798,GasA,5,Y,,7.036148493750536,817,0,7.577633832602728,0,1,1,1,3,1,4,8,Typ,2,,,69.0,,2,431,,,Y,0,119,1,0,0,0,,,,0,5,WD,Normal,1,1,1,0,1,1,1,1,1,1,1,1,0,1,1,1,1,1,1
9,RL,4.477336814478207,10.165268581568707,Pave,,Reg,Lvl,AllPub,Inside,Gtl,Timber,Norm,Norm,1Fam,1Story,8,5,1,0,Hip,CompShg,VinylSd,VinylSd,,208.0,4,3,PConc,,,,,1460,,0,408,1868,GasA,5,Y,,7.614805364711073,0,0,7.614805364711073,1,0,2,0,2,1,4,7,Typ,2,,,1.0,,3,880,,,Y,326,66,0,0,0,0,,,,0,3,New,Partial,0,1,1,0,1,1,1,1,1,1,1,1,0,1,1,1,1,1,1
9,RL,,10.524288837851033,Pave,,IR1,Lvl,AllPub,Corner,Gtl,Timber,Norm,Norm,1Fam,1Story,8,6,32,32,Hip,WdShake,Stone,HdBoard,,0.0,4,3,CBlock,,,,,1165,,1,0,1565,GasA,3,Y,,7.971776122880628,0,0,7.971776122880628,1,0,2,0,2,1,4,10,Typ,1,,,32.0,,2,665,,,Y,0,72,1,0,0,0,,,,0,5,COD,Abnorml,1,1,1,0,1,1,1,1,1,1,1,1,0,1,1,1,1,1,1
12,FV,,9.668460516349608,Pave,,Reg,Lvl,AllPub,Inside,Gtl,Somerst,Norm,Norm,1Fam,2Story,7,5,10,10,Gable,CompShg,VinylSd,VinylSd,,0.0,4,3,PConc,,,,,533,,0,281,814,GasA,5,Y,,6.70196036600254,860,0,7.422971251049421,1,0,2,1,3,1,4,7,Typ,0,,,10.0,,2,663,,,Y,0,96,0,0,0,0,,,,0,1,WD,Normal,1,1,1,0,1,1,1,1,1,1,1,1,0,1,1,1,1,1,1
9,RL,4.143134726391533,10.0873928835456,Pave,,Reg,Lvl,AllPub,Inside,Gtl,Mitchel,Norm,Norm,1Fam,1Story,5,5,16,15,Gable,CompShg,HdBoard,HdBoard,,0.0,3,3,PConc,,,,,212,,0,762,974,GasA,3,Y,,6.881411303642535,0,0,6.881411303642535,0,0,1,0,3,1,3,5,Typ,0,,,,,0,0,,,Y,0,28,0,0,0,0,,,,0,9,Oth,Abnorml,0,1,1,0,1,1,1,1,1,1,1,1,1,1,1,1,1,1,1
12,RL,4.499809670330265,10.157403223360207,Pave,,Reg,Lvl,AllPub,Corner,Gtl,CollgCr,Norm,Norm,1Fam,2Story,8,5,4,4,Gable,CompShg,VinylSd,VinylSd,,210.0,4,3,PConc,,,,,932,,0,133,1065,GasA,5,Y,,6.994849985833071,898,0,7.5953872788539725,1,0,2,1,3,1,4,7,Typ,1,,,4.0,,2,586,,,Y,199,60,0,0,0,0,,,,0,11,WD,Normal,0,1,1,0,1,1,1,1,1,1,1,1,0,1,1,1,1,1,1
12,RL,4.07753744390572,10.142883342969995,Pave,,IR2,Lvl,AllPub,CulDSac,Gtl,SawyerW,Norm,Norm,1Fam,2Story,7,5,15,15,Gable,CompShg,VinylSd,VinylSd,,0.0,4,3,PConc,,,,,50,,1,499,1080,GasA,5,Y,,6.984716320118266,1017,0,7.64826303090192,0,1,2,1,3,1,4,9,Typ,1,,,15.0,,3,678,,,Y,196,187,0,0,0,0,,,,0,12,WD,Normal,0,1,1,0,1,1,1,1,1,1,1,1,0,1,1,1,1,1,1
9,RL,4.59511985013459,10.20663525971085,Pave,,Reg,Lvl,AllPub,Corner,Gtl,Gilbert,Norm,Norm,1Fam,1Story,7,5,19,19,Gable,CompShg,HdBoard,HdBoard,,0.0,3,3,PConc,,,,,0,,0,1424,1424,GasA,5,Y,,7.273786317844895,0,0,7.273786317844895,0,0,2,0,3,1,3,5,Typ,0,,,19.0,,2,500,,,Y,0,34,0,1,0,0,,,,0,5,WD,Normal,0,1,1,0,1,1,1,1,1,1,1,1,0,1,1,1,1,1,1
0,RL,4.0943445622221,10.09703958498912,Pave,,Reg,Lvl,AllPub,Inside,Gtl,OldTown,Norm,Norm,1Fam,1Story,5,6,86,56,Hip,CompShg,Stucco,Stucco,,0.0,3,3,BrkTil,,,,,821,,0,299,1120,GasA,5,Y,,7.029972911706386,0,0,7.029972911706386,1,0,1,0,2,1,3,5,Typ,1,,,36.0,,2,720,,,Y,229,0,0,0,0,0,,,,0,6,WD,Normal,0,1,1,0,1,1,1,1,1,1,1,1,0,1,1,1,1,1,1
5,RL,4.0943445622221,9.897970509860052,Pave,,Reg,Lvl,AllPub,Inside,Gtl,BrkSide,Norm,Norm,1Fam,1.5Fin,7,6,83,58,Gable,CompShg,Wd Sdng,Wd Sdng,,0.0,3,4,PConc,,,,,329,,0,697,1026,GasA,5,Y,,7.0326242610280065,687,0,7.506591780070841,1,0,2,0,4,1,3,8,Typ,0,,,83.0,,1,240,,,N,0,100,0,0,0,0,,,,0,6,WD,Normal,0,1,1,0,1,1,1,1,1,1,1,1,0,1,1,1,1,1,1
8,RL,,10.057978692114316,Pave,,IR1,Lvl,AllPub,Corner,Gtl,NWAmes,Norm,Norm,1Fam,SLvl,6,6,37,37,Gable,CompShg,HdBoard,HdBoard,,333.0,3,3,CBlock,,,,,0,,0,689,689,GasA,3,Y,,7.228388451573604,741,0,7.6586995582682995,0,0,2,1,3,1,3,7,Typ,1,,,37.0,,2,583,,,Y,0,104,0,0,0,0,,,,0,8,COD,Abnorml,1,1,1,0,1,1,1,1,1,1,1,1,0,1,1,1,1,1,1
12,RL,4.406719247264253,10.263760251124953,Pave,,IR1,Lvl,AllPub,Inside,Gtl,StoneBr,Norm,Norm,1Fam,2Story,8,5,0,0,Hip,CompShg,VinylSd,VinylSd,,466.0,5,3,PConc,,,,,0,,0,1234,1234,GasA,5,Y,,7.142036574706803,1312,0,7.853993087224244,0,0,2,1,4,1,5,10,Typ,1,,,0.0,,3,666,,,Y,324,100,0,0,0,0,,,,0,7,New,Partial,0,1,1,0,1,1,1,1,1,1,1,1,0,1,1,1,1,1,1
5,RL,3.9889840465642745,9.472281967428724,Pave,,Reg,Lvl,AllPub,Inside,Gtl,Sawyer,Feedr,Norm,1Fam,1.5Fin,5,8,135,14,Gable,CompShg,VinylSd,VinylSd,,0.0,3,4,CBlock,,,,,0,,0,780,780,GasA,4,N,,6.659293919683638,240,0,6.927557906278317,0,0,1,0,2,1,3,6,Typ,0,,,,,0,0,,,N,0,0,1,0,0,0,,,,0,5,WD,Normal,0,1,1,0,1,1,1,1,1,1,1,1,1,1,1,1,1,1,1
7,RM,4.0943445622221,9.95829931831355,Pave,,Reg,Lvl,AllPub,Inside,Gtl,OldTown,Norm,Norm,1Fam,2Story,4,2,106,56,Gable,CompShg,AsbShng,Stucco,,0.0,3,3,BrkTil,,,,,0,,0,1095,1095,GasW,2,N,,6.9985096422506015,679,0,7.480992162869525,1,0,2,0,4,2,3,8,Min2,0,,,86.0,,3,779,,,N,0,0,1,0,0,0,,,,0,5,WD,Normal,0,1,1,0,1,1,1,1,1,1,1,1,0,1,1,1,1,1,1
0,RL,,10.00870456471319,Pave,,IR1,Low,AllPub,Inside,Sev,Edwards,Norm,Norm,1Fam,1Story,1,1,87,59,Gable,CompShg,Wd Sdng,Wd Sdng,,0.0,2,2,BrkTil,,,,,350,,0,333,683,GasA,4,N,,6.806829360392176,0,0,6.806829360392176,1,0,0,1,1,1,2,4,Maj1,0,,,,,0,0,,,Y,0,0,0,0,0,0,,,,0,3,WD,Normal,1,1,1,0,1,1,1,1,1,1,1,1,1,1,1,1,1,1,1
4,FV,,8.461425858641427,Pave,,Reg,Lvl,AllPub,FR2,Gtl,Somerst,Norm,Norm,Twnhs,2Story,7,5,6,6,Gable,CompShg,MetalSd,MetalSd,,0.0,4,3,PConc,,,,,641,,0,32,673,GasA,5,Y,,6.511745329644728,709,0,7.231287004327616,1,0,2,1,3,1,4,6,Typ,0,,,6.0,,2,490,,,Y,153,50,0,0,0,0,,,,0,4,WD,Normal,1,1,1,0,1,1,1,1,1,1,1,1,0,1,1,1,1,1,1
10,RM,4.499809670330265,10.991863066844722,Pave,,IR2,Lvl,AllPub,Inside,Gtl,OldTown,Artery,Norm,1Fam,2.5Fin,10,9,114,13,Gable,WdShngl,Wd Sdng,Wd Sdng,,0.0,4,4,BrkTil,,,,,0,,0,1107,1107,GasA,5,Y,,7.325148957955575,1518,1,8.190908881182514,0,0,2,1,4,1,5,12,Typ,2,,,13.0,,3,840,,,Y,0,260,0,0,1,0,,,,0,6,WD,Normal,0,1,1,0,1,1,1,1,1,1,1,1,0,1,1,1,1,1,1
7,RM,4.499809670330265,9.994518054711198,Pave,,Reg,Lvl,AllPub,Inside,Gtl,OldTown,Norm,Norm,1Fam,2Story,6,4,127,57,Gable,CompShg,Wd Sdng,Wd Sdng,,0.0,3,3,BrkTil,,,,,0,,0,1008,1008,GasW,3,Y,,7.071573364211532,1032,0,7.700747794511798,0,0,2,0,5,1,2,8,Typ,0,,,77.0,,1,205,,,N,0,48,0,0,0,0,,,,0,5,WD,Normal,0,1,1,0,1,1,1,1,1,1,1,1,0,1,1,1,1,1,1
12,RL,,10.04846638346659,Pave,,IR1,Lvl,AllPub,Inside,Gtl,Gilbert,Norm,Norm,1Fam,2Story,6,5,12,11,Gable,CompShg,MetalSd,MetalSd,,0.0,3,3,PConc,,,,,0,,0,806,806,GasA,4,Y,,6.692083742506628,766,0,7.360103972989152,0,0,2,1,3,1,3,7,Typ,1,,,12.0,,2,373,,,Y,0,40,0,0,0,0,,,,0,5,WD,Normal,1,1,1,0,1,1,1,1,1,1,1,1,0,1,1,1,1,1,1
9,RL,,12.947383629109707,Pave,,IR2,Low,AllPub,CulDSac,Sev,ClearCr,Norm,Norm,1Fam,1Story,7,5,36,5,Gable,CompShg,Plywood,Plywood,,351.0,3,3,CBlock,,,,,1219,,0,424,1643,GasA,3,Y,,7.508787170634276,0,0,7.508787170634276,1,0,2,0,2,1,4,5,Typ,2,,,36.0,,2,739,,,Y,380,48,0,0,0,0,,,,0,6,WD,Normal,1,1,1,0,1,1,1,1,1,1,1,1,0,1,1,1,1,1,1
9,RL,4.174387269895637,9.8083282321743,Pave,,Reg,Lvl,AllPub,Inside,Gtl,NAmes,Norm,Norm,1Fam,1Story,5,6,42,42,Gable,CompShg,VinylSd,VinylSd,,0.0,3,3,CBlock,,,,,775,,0,281,1056,GasA,5,Y,,6.962243464266207,0,0,6.962243464266207,1,0,1,0,3,1,3,6,Typ,1,,,42.0,,1,304,,,Y,0,85,1,0,0,0,,,,0,7,WD,Normal,0,1,1,0,1,1,1,1,1,1,1,1,0,1,1,1,1,1,1
5,RL,4.0943445622221,9.975095992892731,Pave,,Reg,Lvl,AllPub,Inside,Gtl,Edwards,Norm,Norm,1Fam,1.5Fin,5,7,82,56,Gable,CompShg,AsbShng,AsbShng,,0.0,3,4,BrkTil,,,,,392,,0,392,784,GasA,4,Y,,6.855408798609928,272,0,7.107425474110705,1,0,1,0,4,1,3,7,Typ,0,,,41.0,,1,392,,,Y,0,0,1,0,0,0,,,,0,3,WD,Normal,0,1,1,0,1,1,1,1,1,1,1,1,0,1,1,1,1,1,1
9,RL,4.382026634673881,10.02932798298754,Pave,,IR1,Lvl,AllPub,Inside,Gtl,NAmes,Norm,Norm,1Fam,1Story,6,5,47,47,Gable,CompShg,WdShing,Wd Shng,,491.0,3,3,CBlock,,,,,288,,1,700,1362,GasA,3,Y,,7.216709486709457,0,0,7.216709486709457,1,0,1,1,3,1,3,6,Typ,1,,,47.0,,2,504,,,Y,0,20,0,0,0,0,,,,0,6,COD,Normal,0,1,1,0,1,1,1,1,1,1,1,1,0,1,1,1,1,1,1
11,RM,,9.053506137589956,Pave,,Reg,Lvl,AllPub,Inside,Gtl,CollgCr,Norm,Norm,TwnhsE,1Story,6,5,4,4,Gable,CompShg,VinylSd,VinylSd,,147.0,4,3,PConc,,,,,697,,0,151,848,GasA,5,Y,,6.742880635791903,0,0,6.742880635791903,1,0,1,0,1,1,4,3,Typ,1,,,4.0,,2,420,,,Y,149,0,0,0,0,0,,,,0,5,WD,Normal,1,1,1,0,1,1,1,1,1,1,1,1,0,1,1,1,1,1,1
9,RL,4.174387269895637,9.81925413481717,Pave,,IR1,Lvl,AllPub,Inside,Gtl,SawyerW,Norm,Norm,1Fam,1Story,7,5,8,8,Gable,CompShg,VinylSd,VinylSd,,0.0,4,3,PConc,,,,,20,,0,1434,1454,GasA,5,Y,,7.2682230211595655,0,0,7.2682230211595655,0,0,2,0,3,1,4,6,Typ,1,,,8.0,,2,527,,,Y,290,39,0,0,0,0,,,,0,4,WD,Normal,0,1,1,0,1,1,1,1,1,1,1,1,0,1,1,1,1,1,1
9,RL,4.1588830833596715,9.547222537381385,Pave,,Reg,Lvl,AllPub,Inside,Gtl,CollgCr,Norm,Norm,1Fam,1Story,7,5,0,0,Gable,CompShg,VinylSd,VinylSd,,108.0,4,3,PConc,,,,,664,,0,544,1208,GasA,5,Y,,7.0967213784947605,0,0,7.0967213784947605,1,0,2,0,2,1,4,6,Typ,0,,,0.0,,2,628,,,Y,105,54,0,0,0,0,,,,0,9,New,Partial,0,1,1,0,1,1,1,1,1,1,1,1,0,1,1,1,1,1,1
5,RL,4.0943445622221,10.09703958498912,Pave,,Reg,Lvl,AllPub,Inside,Gtl,OldTown,Norm,Norm,1Fam,1.5Fin,5,8,70,17,Gable,CompShg,Wd Sdng,Wd Sdng,,0.0,3,3,CBlock,,,,,626,,0,170,796,GasA,4,Y,,6.999422467507961,370,0,7.290292882446597,0,1,2,0,3,1,4,7,Min1,1,,,56.0,,2,566,,,Y,436,21,0,0,0,0,,,,1,4,WD,Normal,0,1,1,0,1,1,1,1,1,1,1,1,0,1,1,1,1,1,1
9,RL,4.51085950651685,10.429127018533949,Pave,,IR1,Lvl,AllPub,Corner,Gtl,NoRidge,Norm,Norm,1Fam,1Story,8,5,14,14,Hip,CompShg,HdBoard,HdBoard,,554.0,4,3,PConc,,,,,1314,,0,672,1986,GasA,5,Y,,7.594381242551817,0,0,7.594381242551817,1,0,2,0,2,1,4,7,Typ,1,,,14.0,,2,691,,,Y,262,36,0,0,0,0,,,,0,8,WD,Normal,0,1,1,0,1,1,1,1,1,1,1,1,0,1,1,1,1,1,1
12,RL,4.564348191467836,10.068534766184127,Pave,,Reg,Lvl,AllPub,Inside,Gtl,NoRidge,Norm,Norm,1Fam,2Story,7,5,15,14,Hip,CompShg,Wd Sdng,ImStucc,,651.0,4,3,PConc,,,,,1173,,0,138,1311,GasA,5,Y,,7.1891677384203225,1093,0,7.790696031174738,1,0,2,1,3,1,4,9,Typ,1,,,15.0,,3,983,,,Y,250,154,1,0,0,0,,,,0,8,WD,Normal,0,1,1,0,1,1,1,1,1,1,1,1,0,1,1,1,1,1,1
11,RL,3.5263605246161616,9.209737426653728,Pave,,Reg,Lvl,AllPub,Inside,Gtl,NridgHt,Norm,Norm,Twnhs,1Story,7,5,2,1,Gable,CompShg,VinylSd,VinylSd,,166.0,4,3,PConc,,,,,904,,0,410,1314,GasA,5,Y,,7.1808311990445555,0,0,7.1808311990445555,1,0,2,0,2,1,4,6,Typ,1,,,1.0,,2,626,,,Y,172,62,0,0,0,0,,,,0,4,ConLw,Normal,0,1,1,0,1,1,1,1,1,1,1,1,0,1,1,1,1,1,1
4,RM,3.1780538303479458,8.404094189574987,Pave,,Reg,Lvl,AllPub,Inside,Gtl,Edwards,Norm,Norm,Twnhs,2Story,7,5,2,2,Gable,CompShg,VinylSd,VinylSd,,50.0,4,3,PConc,,,,,0,,0,970,970,GasA,5,Y,,6.877296071497429,739,0,7.443663683115591,0,0,2,0,3,1,4,7,Maj1,0,,,2.0,,2,380,,,Y,0,40,0,0,0,0,,,,0,4,WD,Normal,0,1,1,0,1,1,1,1,1,1,1,1,0,1,1,1,1,1,1
4,RM,3.044522437723423,7.939120540700647,Pave,,Reg,Lvl,AllPub,Inside,Gtl,BrDale,Norm,Norm,Twnhs,2Story,6,5,35,35,Gable,CompShg,CemntBd,CmentBd,,236.0,3,3,CBlock,,,,,0,,0,672,672,GasA,3,Y,,6.51025834052315,546,0,7.1049654482698426,0,0,1,1,3,1,3,7,Typ,0,,,,,0,0,,,N,201,0,0,0,0,0,,,,0,4,WD,Abnorml,0,1,1,0,1,1,1,1,1,1,1,1,1,1,1,1,1,1,1
2,RH,4.0943445622221,10.107475605609679,Pave,,Reg,Bnk,AllPub,Inside,Gtl,SWISU,Feedr,Norm,2fmCon,2.5Fin,6,7,93,12,Hip,CompShg,VinylSd,VinylSd,,0.0,2,3,CBlock,,,,,256,,0,1184,1440,GasA,5,Y,,7.272398392570047,1440,1,8.130059039992796,0,0,2,0,8,2,2,14,Typ,0,,,,,0,0,,,N,0,110,0,0,0,0,,,,0,3,WD,Abnorml,0,1,1,0,1,1,1,1,1,1,1,1,1,1,1,1,1,1,1
3,RL,4.0943445622221,10.09703958498912,Pave,,Reg,Lvl,AllPub,Inside,Gtl,Edwards,Norm,Norm,Duplex,1Story,5,5,22,21,Gable,CompShg,Plywood,Plywood,,0.0,3,3,CBlock,,,,,1200,,0,0,1200,GasA,3,Y,,7.090076835776092,0,0,7.090076835776092,3,0,3,0,3,1,3,5,Typ,0,,,,,0,0,,,Y,120,0,0,0,0,0,,,,0,3,WD,Alloca,0,1,1,0,1,1,1,1,1,1,1,1,1,1,1,1,1,1,1
9,RL,4.248495242049359,9.6739150864075,Pave,,IR1,Lvl,AllPub,Inside,Gtl,NAmes,Norm,Norm,1Fam,1Story,5,7,49,22,Gable,CompShg,MetalSd,MetalSd,,0.0,3,3,CBlock,,,,,111,,1,522,912,GasA,2,Y,,6.815639990074331,0,0,6.815639990074331,0,1,1,0,2,1,3,5,Typ,0,,,49.0,,1,297,,,Y,12,285,0,0,0,0,,,,1,6,WD,Normal,0,1,1,0,1,1,1,1,1,1,1,1,0,1,1,1,1,1,1
12,RL,4.6443908991413725,10.915850914836401,Pave,,IR1,Lvl,AllPub,Corner,Gtl,NoRidge,Norm,Norm,1Fam,2Story,10,6,13,12,Gable,WdShngl,HdBoard,HdBoard,,1170.0,5,3,PConc,,,,,1455,,0,989,2444,GasA,5,Y,,7.8013913202914855,1872,0,8.370084326378025,0,1,3,1,4,1,5,10,Typ,2,,,13.0,,3,832,,,Y,382,50,0,0,0,0,,,,0,1,WD,Normal,0,1,1,0,1,1,1,1,1,1,1,1,0,1,1,1,1,1,1
12,RL,4.174387269895637,9.8083282321743,Pave,,Reg,Lvl,AllPub,Inside,Gtl,CollgCr,Norm,Norm,1Fam,2Story,7,5,5,5,Gable,CompShg,VinylSd,VinylSd,,196.0,4,3,PConc,,,,,706,,0,150,856,GasA,5,Y,,6.752270376141742,854,0,7.444248649496705,1,0,2,1,3,1,4,8,Typ,0,,,5.0,,2,548,,,Y,0,61,0,0,0,0,,,,0,2,WD,Normal,0,1,1,0,1,1,1,1,1,1,1,1,0,1,1,1,1,1,1
12,RL,4.532599493153256,10.22129589624527,Pave,,Reg,Lvl,AllPub,Inside,Gtl,NridgHt,Norm,Norm,1Fam,2Story,8,5,4,3,Hip,CompShg,VinylSd,VinylSd,,340.0,4,3,PConc,,,,,0,,0,1181,1181,GasA,5,Y,,7.1180162044653335,1140,0,7.772331575169614,0,0,2,1,4,1,5,10,Typ,1,,,4.0,,3,656,,,Y,104,100,0,0,0,0,,,,0,5,WD,Normal,0,1,1,0,1,1,1,1,1,1,1,1,0,1,1,1,1,1,1
7,RL,4.31748811353631,10.221394349294162,Pave,,Reg,Bnk,AllPub,Inside,Gtl,Crawfor,Norm,Norm,1Fam,2Story,7,7,68,59,Gable,CompShg,MetalSd,MetalSd,,0.0,3,3,CBlock,,,,,275,,0,429,704,GasA,5,Y,,6.756932389247553,704,0,7.355001921105257,0,0,1,1,3,1,2,7,Typ,1,,,68.0,,1,234,,,Y,0,0,0,0,0,0,,,,0,7,WD,Normal,0,1,1,0,1,1,1,1,1,1,1,1,0,1,1,1,1,1,1
9,RL,4.897839799950911,10.685835599865916,Pave,,Reg,Lvl,AllPub,Inside,Gtl,Edwards,Norm,Norm,1Fam,1Story,5,4,47,47,Gable,CompShg,HdBoard,Plywood,,132.0,3,3,CBlock,,,,,176,,0,1290,1466,GasA,3,Y,,7.290292882446597,0,0,7.290292882446597,0,0,1,1,3,1,2,6,Typ,2,,,47.0,,2,528,,,Y,0,140,0,0,1,0,,,,0,11,WD,Normal,0,1,1,0,1,1,1,1,1,1,1,1,0,1,1,1,1,1,1
9,RL,4.382026634673881,10.181355562811735,Pave,,Reg,Lvl,AllPub,Inside,Gtl,NAmes,Norm,Norm,1Fam,1Story,6,5,46,46,Hip,CompShg,Wd Sdng,Wd Sdng,,175.0,3,3,CBlock,,,,,565,,0,818,1383,GasA,3,Y,,7.232010331664759,0,0,7.232010331664759,0,0,1,1,3,1,3,7,Typ,0,,,46.0,,1,292,,,Y,0,45,0,0,0,0,,,,0,4,WD,Normal,0,1,1,0,1,1,1,1,1,1,1,1,0,1,1,1,1,1,1
3,RL,4.1588830833596715,9.590689294342361,Pave,,Reg,Bnk,AllPub,Inside,Gtl,SawyerW,Norm,Norm,Duplex,1Story,5,5,30,30,Gable,CompShg,HdBoard,HdBoard,,0.0,3,2,Slab,,,,,0,,0,0,0,GasA,3,Y,,7.336285660021297,0,0,7.336285660021297,0,0,2,0,4,2,3,8,Typ,0,,,30.0,,2,410,,,Y,0,0,0,0,0,0,,,,0,6,WD,Alloca,0,1,1,0,1,1,1,1,1,1,1,1,0,1,1,1,1,1,1
9,RL,3.7612001156935624,10.366636596127107,Pave,,IR2,Lvl,AllPub,CulDSac,Gtl,CollgCr,Norm,Norm,1Fam,1Story,5,5,11,11,Gable,CompShg,VinylSd,VinylSd,,0.0,3,3,PConc,,,,,716,,0,274,990,GasA,5,Y,,6.897704943128636,0,0,6.897704943128636,0,1,1,0,3,1,3,5,Typ,0,,,10.0,,2,576,,,Y,224,0,0,0,0,0,,,,0,7,WD,Normal,0,1,1,0,1,1,1,1,1,1,1,1,0,1,1,1,1,1,1
10,RL,3.970291913552122,9.608890038627484,Pave,,Reg,Lvl,AllPub,Inside,Gtl,Crawfor,Norm,Norm,1Fam,2.5Unf,7,5,66,57,Gable,CompShg,MetalSd,MetalSd,,0.0,3,4,CBlock,,,,,364,,0,554,918,GasA,4,Y,,6.822197390620491,728,0,7.406103381237015,0,0,2,0,4,1,3,7,Typ,2,,,66.0,,1,240,,,Y,0,0,0,0,1,0,,,,0,8,WD,Normal,0,1,1,0,1,1,1,1,1,1,1,1,0,1,1,1,1,1,1
2,RM,4.23410650459726,9.900803069671543,Pave,,Reg,Lvl,AllPub,Inside,Gtl,OldTown,Norm,Norm,2fmCon,2Story,6,8,96,56,Gable,CompShg,AsbShng,AsbShng,,0.0,3,2,Stone,,,,,0,,0,1020,1020,GasA,4,N,,6.811244378601294,1020,0,7.564238475170491,0,0,2,0,4,2,2,9,Typ,0,,,96.0,,1,440,,,Y,0,60,1,0,0,0,,,,0,4,WD,Normal,0,1,1,0,1,1,1,1,1,1,1,1,0,1,1,1,1,1,1
12,RL,4.382026634673881,10.179725942875478,Pave,,Reg,Lvl,AllPub,Inside,Gtl,NWAmes,Norm,Norm,1Fam,SLvl,7,6,28,28,Hip,CompShg,HdBoard,HdBoard,,96.0,3,3,CBlock,,,,,315,,1,114,539,GasA,3,Y,,6.946975992135418,685,0,7.45298232946546,0,0,2,1,3,1,3,6,Typ,1,,,28.0,,2,550,,,Y,0,88,1,0,0,0,,,,0,11,WD,Normal,0,1,1,0,1,1,1,1,1,1,1,1,0,1,1,1,1,1,1
5,RL,4.442651256490317,10.083644888546132,Pave,,Reg,Lvl,AllPub,Inside,Gtl,NoRidge,Norm,Norm,1Fam,1.5Fin,8,5,15,7,Hip,CompShg,HdBoard,HdBoard,,337.0,4,3,PConc,,,,,700,,0,983,1683,GasA,5,Y,,7.663407664893479,743,0,7.962763930168115,0,0,2,1,4,1,4,9,Typ,1,,,15.0,,2,541,,,Y,0,33,0,0,0,0,,,,0,4,WD,Normal,0,1,1,0,1,1,1,1,1,1,1,1,0,1,1,1,1,1,1
12,RL,4.442651256490317,10.126695490690151,Pave,,Reg,Lvl,AllPub,Inside,Gtl,NAmes,Norm,Norm,1Fam,2Story,6,5,39,39,Gable,CompShg,HdBoard,HdBoard,,0.0,3,3,CBlock,,,,,500,,1,176,952,GasA,3,Y,,6.9957661563048505,1020,0,7.655390644826152,0,0,2,1,4,1,3,9,Typ,2,,,39.0,,2,576,,,Y,280,0,0,0,0,0,,,,0,6,WD,Normal,0,1,1,0,1,1,1,1,1,1,1,1,0,1,1,1,1,1,1
5,RM,3.912023005428146,9.407566278407877,Pave,,Reg,Lvl,AllPub,Inside,Gtl,BrkSide,Norm,Norm,1Fam,1.5Fin,4,6,73,59,Gable,CompShg,MetalSd,MetalSd,,0.0,3,3,BrkTil,,,,,672,,0,0,672,GasA,3,Y,,6.6293632534374485,567,0,7.188412736496954,0,0,1,0,3,1,3,6,Typ,0,,,73.0,,1,240,,,Y,0,0,0,0,0,0,,,,0,7,WD,Normal,0,1,1,0,1,1,1,1,1,1,1,1,0,1,1,1,1,1,1
4,FV,3.4011973816621555,8.670970988015094,Pave,,Reg,Lvl,AllPub,Inside,Gtl,Somerst,Norm,Norm,TwnhsE,2Story,7,5,1,1,Gable,CompShg,MetalSd,MetalSd,,0.0,4,3,PConc,,,,,0,,0,600,600,GasA,5,Y,,6.253828811575473,600,1,7.090076835776092,0,0,2,1,2,1,4,4,Typ,0,,,1.0,,2,480,,,Y,0,166,0,0,0,0,,,,0,4,WD,Abnorml,0,1,1,0,1,1,1,1,1,1,1,1,0,1,1,1,1,1,1
7,RM,4.07753744390572,10.084969046987881,Pave,,Reg,Lvl,AllPub,Inside,Gtl,IDOTRR,Norm,Norm,1Fam,2Story,5,7,89,12,Hip,CompShg,VinylSd,VinylSd,,0.0,3,4,CBlock,,,,,456,,0,216,672,GasA,4,Y,,6.51025834052315,672,0,7.203405521083095,0,0,1,0,3,1,3,6,Typ,0,,,45.0,,1,468,,,Y,0,128,1,0,0,0,,,,0,7,WD,Normal,0,1,1,0,1,1,1,1,1,1,1,1,0,1,1,1,1,1,1
12,RL,4.276666119016055,10.15220042776413,Pave,,Reg,Lvl,AllPub,Inside,Gtl,CollgCr,Norm,Norm,1Fam,2Story,7,5,4,4,Gable,CompShg,VinylSd,VinylSd,,101.0,4,3,PConc,,,,,0,,0,840,840,GasA,5,Y,,6.733401891837359,828,0,7.419380582918692,0,0,2,1,3,1,4,8,Typ,0,,,4.0,,2,500,,,Y,144,68,0,0,0,0,,,,0,9,WD,Normal,0,1,1,0,1,1,1,1,1,1,1,1,0,1,1,1,1,1,1
3,RL,4.0943445622221,9.821317440955939,Pave,,Reg,Lvl,AllPub,Inside,Gtl,NAmes,Norm,Norm,Duplex,1Story,3,4,56,56,Gable,CompShg,Stucco,Stone,,0.0,3,3,CBlock,,,,,0,,0,0,0,GasA,4,N,,6.946975992135418,0,0,6.946975992135418,0,0,2,0,2,2,3,6,Typ,0,,,57.0,,2,400,,,Y,0,0,0,0,0,0,,,,0,7,WD,Normal,0,1,1,0,1,1,1,1,1,1,1,1,0,1,1,1,1,1,1
9,RL,4.0943445622221,9.620654483038743,Pave,,Reg,Lvl,AllPub,Corner,Gtl,NAmes,Norm,Norm,1Fam,1Story,5,7,59,10,Gable,CompShg,Wd Sdng,Wd Sdng,,0.0,3,3,CBlock,,,,,234,,1,180,900,GasA,3,Y,,6.802394763324311,0,0,6.802394763324311,0,1,1,0,3,1,4,5,Typ,0,,,5.0,,2,576,,,Y,222,32,0,0,0,0,,,,0,5,WD,Normal,0,1,1,0,1,1,1,1,1,1,1,1,0,1,1,1,1,1,1
0,RM,4.499809670330265,9.758683436576483,Pave,,Reg,Lvl,AllPub,Inside,Gtl,OldTown,Norm,Norm,1Fam,1Story,5,6,59,34,Gable,CompShg,VinylSd,VinylSd,,0.0,3,3,BrkTil,,,,,338,,0,1221,1559,GasA,4,Y,,7.351799869057777,0,0,7.351799869057777,1,0,1,0,2,1,3,5,Min2,0,,,59.0,,2,812,,,Y,0,116,1,0,0,0,,,,0,6,COD,Normal,0,1,1,0,1,1,1,1,1,1,1,1,0,1,1,1,1,1,1
9,RL,4.31748811353631,10.03140554871559,Pave,,Reg,Bnk,AllPub,Inside,Gtl,Edwards,Norm,Norm,1Fam,1Story,4,5,53,53,Hip,CompShg,Wd Sdng,Wd Sdng,,132.0,3,3,PConc,,,,,492,,0,372,864,GasA,5,Y,,6.854354502255021,0,0,6.854354502255021,0,0,1,0,3,1,3,5,Typ,0,,,53.0,,1,248,,,Y,0,0,0,0,0,0,,,,0,2,WD,Normal,0,1,1,0,1,1,1,1,1,1,1,1,0,1,1,1,1,1,1
11,RL,3.912023005428146,9.74586987537184,Pave,,Reg,Lvl,AllPub,Inside,Gtl,SawyerW,Norm,Norm,TwnhsE,1Story,6,5,30,30,Gable,CompShg,Plywood,Plywood,,0.0,3,3,CBlock,,,,,543,,1,261,923,GasA,3,Y,,6.827629234502852,0,0,6.827629234502852,0,0,2,0,2,1,3,5,Typ,1,,,30.0,,1,264,,,Y,80,0,0,0,0,0,,,,0,5,WD,Normal,0,1,1,0,1,1,1,1,1,1,1,1,0,1,1,1,1,1,1
9,RL,4.430816798843313,10.016202622134932,Pave,,Reg,Lvl,AllPub,Inside,Gtl,CollgCr,Norm,Norm,1Fam,1Story,7,5,1,0,Gable,CompShg,VinylSd,VinylSd,,196.0,4,3,PConc,,,,,24,,0,1528,1552,GasA,5,Y,,7.347299700743164,0,0,7.347299700743164,0,0,2,0,3,1,4,7,Typ,0,,,1.0,,3,782,,,Y,144,20,0,0,0,0,,,,0,7,New,Partial,0,1,1,0,1,1,1,1,1,1,1,1,0,1,1,1,1,1,1
7,RL,4.0943445622221,9.952154981383599,Pave,,IR1,Lvl,AllPub,Corner,Gtl,Crawfor,Norm,Norm,1Fam,2Story,7,5,91,36,Gable,CompShg,Wd Sdng,Wd Shng,,0.0,3,3,BrkTil,,,,,216,,0,540,756,GasA,4,Y,,6.8679744089702925,756,0,7.448333860897476,1,0,1,0,3,1,4,7,Typ,1,,,8.0,,3,642,,,Y,0,35,1,0,0,0,,,,0,2,WD,Abnorml,0,1,1,0,1,1,1,1,1,1,1,1,0,1,1,1,1,1,1
9,RL,4.356708826689592,10.045164780294026,Pave,,IR1,Lvl,AllPub,Inside,Gtl,Sawyer,Norm,Norm,1Fam,1Story,5,6,38,13,Gable,CompShg,Plywood,Plywood,,0.0,3,3,CBlock,,,,,570,,0,891,1461,GasA,4,Y,,7.450660796211539,0,0,7.450660796211539,0,0,2,1,3,1,3,7,Min1,1,,,38.0,,2,440,,,Y,0,96,1,0,0,0,,,,0,7,WD,Normal,0,1,1,0,1,1,1,1,1,1,1,1,0,1,1,1,1,1,1
4,RM,3.044522437723423,7.939120540700647,Pave,,Reg,Lvl,AllPub,Inside,Gtl,BrDale,Norm,Norm,Twnhs,2Story,6,5,35,35,Gable,CompShg,HdBoard,HdBoard,,158.0,3,3,CBlock,,,,,330,,0,153,483,GasA,3,Y,,6.180016653652572,504,0,6.894670039433482,1,0,1,1,2,1,3,5,Typ,0,,,35.0,,1,264,,,Y,0,0,0,0,0,0,,,,0,11,WD,Normal,0,1,1,0,1,1,1,1,1,1,1,1,0,1,1,1,1,1,1
9,RL,4.653960350157523,10.145088277756951,Pave,,IR2,Lvl,AllPub,Inside,Gtl,CollgCr,Norm,Norm,1Fam,1Story,6,5,12,12,Gable,CompShg,VinylSd,VinylSd,,0.0,4,4,PConc,,,,,334,,1,322,1200,GasA,5,Y,,7.090076835776092,0,0,7.090076835776092,1,0,2,0,3,1,4,6,Typ,0,,,12.0,,2,521,,,Y,0,26,0,0,0,0,,,,0,8,WD,Normal,0,1,1,0,1,1,1,1,1,1,1,1,0,1,1,1,1,1,1
5,RL,4.0943445622221,10.161756230625295,Pave,,Reg,Lvl,AllPub,Inside,Gtl,Edwards,Norm,Norm,1Fam,1.5Fin,5,4,60,1,Gable,CompShg,Wd Sdng,Wd Sdng,,0.0,3,3,CBlock,,,,,292,,0,476,768,GasA,4,Y,,7.045776576879511,568,0,7.447751280047908,0,0,1,1,3,1,3,8,Min2,1,,,60.0,,1,281,,,Y,0,0,0,0,1,0,,,,0,1,WD,Normal,0,1,1,0,1,1,1,1,1,1,1,1,0,1,1,1,1,1,1
9,RL,4.174387269895637,9.8083282321743,Pave,,Reg,Lvl,AllPub,Inside,Gtl,Sawyer,RRAe,Norm,1Fam,1Story,5,8,45,1,Gable,CompShg,MetalSd,MetalSd,,0.0,3,4,CBlock,,,,,553,,1,224,894,GasA,5,Y,,6.795705775173514,0,0,6.795705775173514,1,0,1,0,3,1,3,5,Typ,1,,,37.0,,1,336,,,Y,416,144,0,0,0,0,,,,0,4,WD,Normal,0,1,1,0,1,1,1,1,1,1,1,1,0,1,1,1,1,1,1
9,RL,4.605170185988092,10.92771107780313,Pave,,Reg,Lvl,AllPub,Inside,Gtl,Mitchel,Norm,Norm,1Fam,1Story,5,4,49,3,Hip,CompShg,HdBoard,HdBoard,,75.0,3,2,Slab,,,,,0,,0,0,0,GasA,3,Y,,7.479299637782834,0,0,7.479299637782834,0,0,1,0,3,1,3,9,Min1,1,,,49.0,,2,336,,,Y,0,0,0,0,0,0,,,,0,11,WD,Normal,0,1,1,0,1,1,1,1,1,1,1,1,0,1,1,1,1,1,1
6,RL,4.442651256490317,10.07777898526175,Pave,,Reg,Lvl,AllPub,Inside,Gtl,NWAmes,Norm,Norm,1Fam,SFoyer,7,6,36,36,Gable,CompShg,Plywood,Plywood,,81.0,3,3,CBlock,,,,,885,,1,0,1053,GasA,3,Y,,7.067319848653476,0,0,7.067319848653476,1,0,2,0,3,1,4,6,Typ,2,,,36.0,,2,528,,,Y,0,120,0,0,0,0,,,,0,1,WD,Family,0,1,1,0,1,1,1,1,1,1,1,1,0,1,1,1,1,1,1
9,RL,,9.986164391616471,Pave,,IR1,Lvl,AllPub,Corner,Gtl,NAmes,Norm,Norm,1Fam,1Story,5,7,51,4,Gable,CompShg,Wd Sdng,Wd Sdng,,0.0,3,4,CBlock,,,,,72,,1,733,1063,GasA,5,Y,,7.160069207596127,0,0,7.160069207596127,1,0,1,0,3,1,4,7,Typ,1,,,13.0,,2,576,,,Y,364,17,0,0,1,0,,,,0,3,WD,Normal,1,1,1,0,1,1,1,1,1,1,1,1,0,1,1,1,1,1,1
9,RL,4.31748811353631,10.143618770944391,Pave,,Reg,Lvl,AllPub,Inside,Gtl,Sawyer,Norm,Norm,1Fam,1Story,4,5,43,27,Gable,CompShg,HdBoard,HdBoard,,51.0,3,3,CBlock,,,,,547,,0,504,1051,GasA,4,Y,,7.231287004327616,0,0,7.231287004327616,0,0,1,1,3,1,3,6,Typ,1,,,32.0,,2,459,,,Y,0,82,0,0,0,0,,,,0,10,WD,Normal,0,1,1,0,1,1,1,1,1,1,1,1,0,1,1,1,1,1,1
12,RL,4.406719247264253,10.000449515097605,Pave,,IR1,Lvl,AllPub,Inside,Gtl,NoRidge,Norm,Norm,1Fam,2Story,7,5,12,12,Gable,CompShg,VinylSd,VinylSd,,290.0,4,3,PConc,,,,,565,,0,638,1203,GasA,5,Y,,7.101675971619444,1306,0,7.832014180505469,0,0,2,1,4,1,4,9,Typ,1,,,12.0,,3,721,,,Y,224,114,0,0,0,0,,,,0,6,WD,Abnorml,0,1,1,0,1,1,1,1,1,1,1,1,0,1,1,1,1,1,1
9,RL,4.189654742026425,10.260143190444078,Pave,,IR1,Lvl,AllPub,Inside,Gtl,NAmes,Feedr,Norm,1Fam,1Story,6,7,51,11,Hip,CompShg,Wd Sdng,Wd Sdng,,176.0,3,3,CBlock,,,,,585,,0,630,1215,GasA,3,Y,,7.102499355774649,0,0,7.102499355774649,0,0,1,0,3,1,3,6,Typ,0,,,51.0,,1,297,,,Y,0,0,0,0,1,0,,,,0,6,WD,Normal,0,1,1,0,1,1,1,1,1,1,1,1,0,1,1,1,1,1,1
12,RL,4.5217885770490405,10.02039976638097,Pave,,Reg,Lvl,AllPub,Inside,Gtl,NoRidge,Norm,Norm,1Fam,2Story,8,5,12,12,Hip,CompShg,VinylSd,VinylSd,,391.0,4,3,PConc,,,,,740,,0,425,1165,GasA,5,Y,,7.0925737159746784,1323,0,7.8343923029104365,1,0,2,1,4,1,4,8,Typ,1,,,12.0,,3,844,,,Y,309,78,0,0,0,0,,,,0,12,WD,Normal,0,1,1,0,1,1,1,1,1,1,1,1,0,1,1,1,1,1,1
4,FV,3.4011973816621555,8.671696295691161,Pave,,Reg,Lvl,AllPub,Inside,Gtl,Somerst,Norm,Norm,TwnhsE,2Story,7,5,6,5,Gable,CompShg,MetalSd,MetalSd,,0.0,4,3,PConc,,,,,0,,0,600,600,GasA,5,Y,,6.396929655216146,600,0,7.090076835776092,0,0,2,1,2,1,4,4,Typ,0,,,6.0,,2,480,,,Y,0,172,0,0,0,0,,,,0,6,WD,Normal,0,1,1,0,1,1,1,1,1,1,1,1,0,1,1,1,1,1,1
3,RL,4.143134726391533,9.920572022255735,Pave,,Reg,Lvl,AllPub,Inside,Gtl,Mitchel,Norm,Norm,Duplex,1Story,5,5,30,30,Gable,CompShg,Plywood,Plywood,,0.0,3,3,CBlock,,,,,1606,,0,122,1728,GasA,3,Y,,7.454719949364001,0,0,7.454719949364001,2,0,2,0,4,2,3,8,Typ,0,,,30.0,,2,560,,,Y,0,0,0,0,0,0,,,,0,7,WD,Family,0,1,1,0,1,1,1,1,1,1,1,1,0,1,1,1,1,1,1
7,RM,3.912023005428146,10.041167947936927,Pave,,IR1,Bnk,AllPub,Inside,Gtl,OldTown,RRAn,Feedr,1Fam,2Story,7,6,89,60,Gable,CompShg,Stucco,Stucco,,0.0,3,3,BrkTil,,,,,0,,0,576,576,GasA,4,Y,,6.804614520062624,808,0,7.444248649496705,0,0,2,0,3,1,3,9,Typ,0,,,20.0,,2,480,,,Y,12,11,1,0,0,0,,,,0,4,WD,Normal,0,1,1,0,1,1,1,1,1,1,1,1,0,1,1,1,1,1,1
12,RL,4.406719247264253,9.940019886622752,Pave,,Reg,Lvl,AllPub,Inside,Gtl,NoRidge,Norm,Norm,1Fam,2Story,8,5,9,8,Gable,CompShg,VinylSd,VinylSd,,423.0,4,3,PConc,,,,,1074,,0,322,1396,GasA,5,Y,,7.249215057114389,985,0,7.779885115070522,1,0,2,1,3,1,4,7,Typ,1,,,9.0,,3,870,,,Y,0,70,0,0,0,0,,,,0,6,WD,Normal,0,1,1,0,1,1,1,1,1,1,1,1,0,1,1,1,1,1,1
12,RL,,9.940144337019797,Pave,,IR1,Lvl,AllPub,CulDSac,Gtl,SawyerW,RRNe,Norm,1Fam,2Story,7,7,17,7,Gable,CompShg,HdBoard,HdBoard,,0.0,4,3,PConc,,,,,402,,0,594,996,GasA,5,Y,,6.921658184151129,730,0,7.463936604468925,0,0,2,1,3,1,4,7,Typ,0,,,17.0,,2,457,,,Y,370,70,0,1,0,0,,,,0,2,WD,Normal,1,1,1,0,1,1,1,1,1,1,1,1,0,1,1,1,1,1,1
12,FV,4.174387269895637,9.76229871979014,Pave,,Reg,Lvl,AllPub,Inside,Gtl,Somerst,Norm,Norm,1Fam,2Story,7,6,1,1,Gable,CompShg,CemntBd,CmentBd,,,4,3,PConc,,,,,0,,0,813,813,GasA,5,Y,,6.71174039505618,843,0,7.417580402414544,0,0,2,1,3,1,4,7,Typ,0,,,1.0,,2,562,,,Y,0,0,0,0,0,0,,,,0,5,WD,Normal,0,1,1,1,1,1,1,1,1,1,1,1,0,1,1,1,1,1,1
12,RL,4.343805421853684,10.00222324556066,Pave,,Reg,Lvl,AllPub,Inside,Gtl,CollgCr,Norm,Norm,1Fam,2Story,7,5,0,0,Gable,CompShg,VinylSd,VinylSd,,220.0,4,3,PConc,,,,,984,,0,280,1264,GasA,5,Y,,7.156176637480615,1414,0,7.899524472032198,1,0,2,1,4,1,5,10,Typ,1,,,0.0,,3,792,,,Y,120,184,0,0,1,0,,,,0,10,New,Partial,0,1,1,0,1,1,1,1,1,1,1,1,0,1,1,1,1,1,1
9,RL,4.0943445622221,9.882401061887073,Pave,,Reg,Lvl,AllPub,FR2,Gtl,NAmes,Norm,Norm,1Fam,1Story,4,6,36,36,Gable,CompShg,HdBoard,HdBoard,,0.0,3,3,PConc,,,,,616,,0,248,864,GasA,3,Y,,6.761572768804055,0,0,6.761572768804055,0,0,1,0,3,1,3,5,Typ,0,,,33.0,,2,528,,,Y,0,0,0,0,0,0,,,,0,5,WD,Normal,0,1,1,0,1,1,1,1,1,1,1,1,0,1,1,1,1,1,1
0,RL,3.912023005428146,9.925998967288617,Pave,,Reg,Lvl,AllPub,Inside,Gtl,Edwards,Norm,Norm,1Fam,1Story,4,6,68,59,Hip,CompShg,MetalSd,MetalSd,,0.0,3,3,CBlock,,,,,344,,0,328,672,GasA,3,Y,,6.51025834052315,0,0,6.51025834052315,1,0,1,0,2,1,3,4,Typ,0,,,68.0,,1,234,,,N,0,113,0,0,0,0,,,,0,8,WD,Normal,0,1,1,0,1,1,1,1,1,1,1,1,0,1,1,1,1,1,1
8,RL,4.564348191467836,10.199237371584404,Pave,,IR1,Lvl,AllPub,Inside,Gtl,Sawyer,Norm,Norm,1Fam,SLvl,5,6,40,40,Gable,CompShg,VinylSd,VinylSd,,97.0,3,3,CBlock,,,,,328,,1,285,1164,GasA,5,Y,,7.1853870155804165,0,0,7.1853870155804165,1,0,1,0,3,1,3,6,Typ,2,,,40.0,,2,564,,,Y,160,68,1,0,0,0,,,,0,5,WD,Abnorml,0,1,1,0,1,1,1,1,1,1,1,1,0,1,1,1,1,1,1
11,RL,,9.178305896628084,Pave,,IR1,Lvl,AllPub,Inside,Gtl,NPkVill,Norm,Norm,TwnhsE,1Story,6,5,31,31,Gable,CompShg,Plywood,Plywood,,0.0,3,3,CBlock,,,,,120,,0,958,1078,GasA,3,Y,,6.86484777797086,0,0,6.86484777797086,0,0,2,0,2,1,3,5,Typ,1,,,30.0,,2,440,,,Y,0,205,0,0,0,0,,,,0,2,WD,Normal,1,1,1,0,1,1,1,1,1,1,1,1,0,1,1,1,1,1,1
9,RL,3.7612001156935624,10.23295559741516,Pave,,IR1,Lvl,AllPub,CulDSac,Gtl,Mitchel,Norm,Norm,1Fam,1Story,7,5,5,4,Hip,CompShg,VinylSd,VinylSd,,108.0,4,3,PConc,,,,,0,,0,1710,1710,GasA,5,Y,,7.444248649496705,0,0,7.444248649496705,0,0,2,0,3,1,4,7,Typ,1,,,5.0,,2,550,,,Y,100,48,0,0,1,0,,,,0,4,WD,Normal,0,1,1,0,1,1,1,1,1,1,1,1,0,1,1,1,1,1,1
8,RL,4.442651256490317,9.927257530372875,Pave,,Reg,Lvl,AllPub,Inside,Gtl,NAmes,Norm,Norm,1Fam,SLvl,5,8,43,9,Gable,CompShg,BrkFace,BrkFace,,0.0,3,4,PConc,,,,,633,,0,586,1219,GasA,4,Y,,7.142827401161621,0,0,7.142827401161621,0,1,2,0,3,1,4,6,Typ,1,,,43.0,,2,502,,,Y,0,92,0,1,0,0,,,,0,10,WD,Normal,0,1,1,0,1,1,1,1,1,1,1,1,0,1,1,1,1,1,1
11,RL,,8.676760950298469,Pave,,Reg,Lvl,AllPub,Inside,Gtl,Blmngtn,Norm,Norm,TwnhsE,1Story,8,5,3,3,Gable,CompShg,VinylSd,VinylSd,,40.0,4,3,PConc,,,,,0,,0,1273,1273,GasA,5,Y,,7.283448228756631,0,0,7.283448228756631,0,0,2,0,2,1,4,7,Typ,1,,,3.0,,2,400,,,Y,143,20,0,0,0,0,,,,0,5,WD,Normal,1,1,1,0,1,1,1,1,1,1,1,1,0,1,1,1,1,1,1
5,RM,3.9318256327243257,9.430676920124982,Pave,,Reg,Lvl,AllPub,Corner,Gtl,BrkSide,Norm,Norm,1Fam,1.5Fin,5,6,73,59,Gable,CompShg,Wd Sdng,Wd Sdng,,0.0,3,2,BrkTil,,,,,0,,0,927,927,GasA,3,Y,,6.9726062513017535,472,0,7.338888133838879,0,0,1,1,3,1,3,5,Typ,0,,,14.0,,2,576,,,Y,112,0,0,0,0,0,,,,0,4,WD,Normal,0,1,1,0,1,1,1,1,1,1,1,1,0,1,1,1,1,1,1
3,RL,4.406719247264253,10.126162777209734,Pave,,Reg,Lvl,AllPub,Inside,Gtl,Mitchel,Norm,Norm,Duplex,1Story,7,5,18,17,Gable,CompShg,VinylSd,VinylSd,,70.0,3,3,CBlock,,,,,0,,0,1907,1907,GasA,4,Y,,7.580189417944541,0,0,7.580189417944541,0,0,3,0,5,2,3,9,Typ,0,,,17.0,,3,766,,,Y,0,0,0,0,0,0,,,,0,7,WD,Family,0,1,1,0,1,1,1,1,1,1,1,1,0,1,1,1,1,1,1
5,RL,4.0943445622221,9.407566278407877,Pave,,Reg,Lvl,AllPub,Inside,Gtl,SWISU,Norm,Norm,1Fam,1.5Fin,5,5,80,56,Gable,CompShg,Wd Sdng,Wd Sdng,,0.0,3,2,BrkTil,,,,,0,,0,1008,1008,GasA,5,Y,,6.915723448631314,0,1,7.3277805384216315,0,0,2,0,4,1,3,7,Typ,0,,,,,0,0,,,P,0,0,1,0,0,0,,,,0,6,WD,Normal,0,1,1,0,1,1,1,1,1,1,1,1,1,1,1,1,1,1,1
9,RL,4.343805421853684,9.792242782458548,Pave,,Reg,Lvl,AllPub,Corner,Gtl,Edwards,Norm,Norm,1Fam,1Story,5,5,52,52,Gable,CompShg,Wd Sdng,Wd Sdng,,0.0,3,3,Slab,,,,,0,,0,0,0,GasA,4,Y,,7.024649030453636,0,0,7.024649030453636,0,0,1,0,3,1,3,5,Min2,1,,,,,0,0,,,N,0,36,1,0,0,0,,,,0,4,WD,Normal,0,1,1,0,1,1,1,1,1,1,1,1,1,1,1,1,1,1,1
12,RL,,10.050511093761548,Pave,,IR1,Lvl,AllPub,Corner,Gtl,NWAmes,PosN,Norm,1Fam,2Story,7,6,36,36,Gable,CompShg,HdBoard,HdBoard,,240.0,3,3,CBlock,,,,,859,,1,216,1107,GasA,5,Y,,7.009408932708637,983,0,7.644919344958857,1,0,2,1,3,1,3,7,Typ,2,,,36.0,,2,484,,,Y,235,204,1,0,0,0,,,,1,11,WD,Normal,1,1,1,0,1,1,1,1,1,1,1,1,0,1,1,1,1,1,1
9,RL,4.248495242049359,9.90439847894754,Pave,,Reg,Lvl,AllPub,Corner,Gtl,Edwards,Feedr,Norm,1Fam,1Story,5,7,42,42,Hip,CompShg,MetalSd,MetalSd,,0.0,3,3,CBlock,,,,,698,,1,420,1214,GasA,5,Y,,7.101675971619444,0,0,7.101675971619444,1,0,1,0,2,1,3,6,Typ,0,,,42.0,,2,461,,,Y,0,0,1,0,0,0,,,,1,4,WD,Normal,0,1,1,0,1,1,1,1,1,1,1,1,0,1,1,1,1,1,1
9,RL,4.624972813284271,10.696841204774154,Pave,,Reg,Lvl,AllPub,Inside,Gtl,Sawyer,Norm,Norm,1Fam,1Story,5,4,51,32,Hip,CompShg,Wd Sdng,Plywood,,0.0,3,3,CBlock,,,,,306,,1,372,1763,GasA,3,Y,,7.483806687665835,0,0,7.483806687665835,1,0,1,1,3,1,3,6,Typ,1,,,51.0,,2,454,,,Y,0,418,0,0,1,0,,,,0,7,WD,Abnorml,0,1,1,0,1,1,1,1,1,1,1,1,0,1,1,1,1,1,1
9,RL,4.442651256490317,10.448279712455243,Pave,,Reg,Lvl,AllPub,Inside,Gtl,Timber,Norm,Norm,1Fam,1Story,8,5,5,4,Hip,CompShg,VinylSd,VinylSd,,236.0,4,3,PConc,,,,,1300,,0,316,1616,GasA,5,Y,,7.395721608602045,0,0,7.395721608602045,1,0,2,0,3,1,4,9,Typ,1,,,5.0,,3,808,,,Y,0,252,0,0,0,0,,,,0,11,WD,Normal,0,1,1,0,1,1,1,1,1,1,1,1,0,1,1,1,1,1,1
11,RL,3.5263605246161616,9.095742889034543,Pave,,Reg,Lvl,AllPub,Inside,Gtl,NridgHt,Norm,Norm,Twnhs,1Story,8,5,1,1,Gable,CompShg,VinylSd,VinylSd,,108.0,4,3,PConc,,,,,24,,0,1530,1554,GasA,5,Y,,7.348587530927593,0,0,7.348587530927593,0,0,2,0,2,1,4,6,Typ,1,,,1.0,,2,627,,,Y,156,73,0,0,0,0,,,,0,8,WD,Normal,0,1,1,0,1,1,1,1,1,1,1,1,0,1,1,1,1,1,1
12,RL,,10.31656930331302,Pave,,IR1,Lvl,AllPub,Corner,Gtl,Gilbert,Norm,Norm,1Fam,2Story,7,5,9,9,Gable,CompShg,HdBoard,HdBoard,,285.0,3,3,PConc,,,,,0,,0,964,964,GasA,4,Y,,6.900730664045173,1243,0,7.71244383427499,0,0,2,1,4,1,4,8,Typ,1,,,9.0,,2,642,,,Y,0,0,0,0,0,0,,,,0,11,WD,Normal,1,1,1,0,1,1,1,1,1,1,1,1,0,1,1,1,1,1,1
0,RM,3.6888794541139363,8.825743304430016,Pave,,Reg,Lvl,AllPub,Inside,Gtl,IDOTRR,Norm,Norm,1Fam,1Story,4,4,86,58,Gable,CompShg,AsbShng,AsbShng,,0.0,3,3,BrkTil,,,,,0,,0,796,796,GasA,2,N,,6.679599185844383,0,0,6.679599185844383,0,0,1,0,2,1,3,5,Typ,0,,,,,0,0,,,N,0,0,1,0,0,0,,,,0,1,WD,Normal,0,1,1,0,1,1,1,1,1,1,1,1,1,1,1,1,1,1,1
7,RL,4.143134726391533,10.530247118894218,Pave,,Reg,Lvl,AllPub,Inside,Gtl,Crawfor,Norm,Norm,1Fam,2Story,6,7,93,32,Gable,CompShg,Wd Sdng,Plywood,,0.0,3,3,BrkTil,,,,,0,,0,840,840,GasA,5,Y,,6.733401891837359,840,0,7.426549072397305,0,0,2,0,4,1,3,8,Typ,0,,,48.0,,1,308,,,Y,0,0,1,0,0,0,,,,0,3,WD,Normal,0,1,1,0,1,1,1,1,1,1,1,1,0,1,1,1,1,1,1
11,RM,3.6109179126442243,9.055863565872906,Pave,,Reg,Lvl,AllPub,Inside,Gtl,CollgCr,Norm,Norm,TwnhsE,1Story,6,5,5,5,Gable,CompShg,VinylSd,VinylSd,,170.0,4,3,PConc,,,,,686,,0,162,848,GasA,5,Y,,6.742880635791903,0,0,6.742880635791903,1,0,1,0,1,1,4,3,Typ,0,,,5.0,,2,420,,,Y,140,0,0,0,0,0,,,,0,3,WD,Normal,0,1,1,0,1,1,1,1,1,1,1,1,0,1,1,1,1,1,1
11,RM,3.784189633918261,8.999318217295523,Pave,,Reg,Lvl,AllPub,Inside,Gtl,MeadowV,Norm,Norm,TwnhsE,1Story,5,5,31,31,Gable,CompShg,CemntBd,CmentBd,,0.0,3,3,PConc,,,,,874,,0,268,1142,GasA,3,Y,,7.040536390215956,0,0,7.040536390215956,1,0,1,1,3,1,3,6,Typ,1,,,31.0,,2,528,,,Y,536,90,0,0,0,0,,,,0,8,WD,Normal,0,1,1,0,1,1,1,1,1,1,1,1,0,1,1,1,1,1,1
9,RL,,10.360688089636996,Pave,,Reg,Lvl,AllPub,Inside,Gtl,ClearCr,Norm,Norm,1Fam,1Story,6,7,48,33,Flat,CompShg,BrkFace,Plywood,,0.0,3,3,CBlock,,,,,429,,1,93,1602,GasA,4,Y,,7.132497551660044,0,0,7.132497551660044,1,0,1,0,1,1,3,4,Typ,1,,,48.0,,2,564,,,Y,409,0,0,0,0,0,,,,0,3,WD,Normal,1,1,1,0,1,1,1,1,1,1,1,1,0,1,1,1,1,1,1
11,RL,4.143134726391533,9.862517224089629,Pave,,IR1,Lvl,AllPub,Inside,Gtl,NridgHt,Norm,Norm,TwnhsE,1Story,9,5,3,3,Hip,CompShg,MetalSd,MetalSd,,616.0,5,3,PConc,,,,,28,,0,1656,1684,GasA,5,Y,,7.428927194802272,0,0,7.428927194802272,0,0,2,0,2,1,5,6,Typ,1,,,3.0,,2,564,,,Y,495,72,0,0,0,0,,,,0,7,WD,Normal,0,1,1,0,1,1,1,1,1,1,1,1,0,1,1,1,1,1,1
9,RL,4.382026634673881,10.050965000974328,Pave,,Reg,Lvl,AllPub,Inside,Gtl,CollgCr,Norm,Norm,1Fam,1Story,8,5,3,2,Gable,CompShg,CemntBd,CmentBd,,246.0,4,3,PConc,,,,,1464,,0,536,2000,GasA,5,Y,,7.600902459542082,0,0,7.600902459542082,1,0,2,0,3,1,4,8,Typ,0,,,3.0,,3,888,,,Y,168,0,0,0,0,0,,,,0,7,WD,Normal,0,1,1,0,1,1,1,1,1,1,1,1,0,1,1,1,1,1,1
9,RL,4.290459441148391,9.840946104496197,Pave,,Reg,Lvl,AllPub,Inside,Gtl,Somerst,Norm,Norm,1Fam,1Story,7,5,1,1,Gable,CompShg,VinylSd,VinylSd,,228.0,4,3,PConc,,,,,0,,0,1616,1616,GasA,5,Y,,7.38770923908104,0,0,7.38770923908104,0,0,2,0,3,1,4,7,Typ,0,,,1.0,,3,834,,,Y,208,59,0,0,0,0,,,,0,4,WD,Normal,0,1,1,0,1,1,1,1,1,1,1,1,0,1,1,1,1,1,1
12,RL,,10.210019090386215,Pave,,Reg,Lvl,AllPub,Inside,Gtl,CollgCr,Norm,Norm,1Fam,2Story,8,5,8,8,Gable,CompShg,VinylSd,VinylSd,,108.0,4,3,PConc,,,,,990,,0,309,1299,GasA,5,Y,,7.1693500166706,573,0,7.534762657037537,1,0,2,1,3,1,5,7,Typ,1,,,8.0,,2,531,,,Y,160,122,0,0,0,0,,,,0,11,WD,Normal,1,1,1,0,1,1,1,1,1,1,1,1,0,1,1,1,1,1,1
5,RM,3.9512437185814275,9.453346746460348,Pave,,Reg,Lvl,AllPub,Inside,Gtl,BrkSide,Norm,Norm,1Fam,1.5Fin,5,6,78,56,Gable,CompShg,MetalSd,MetalSd,,0.0,3,3,BrkTil,,,,,0,,0,1042,1042,GasA,5,Y,,6.948897222313312,534,0,7.362645270417825,0,0,1,0,3,1,3,8,Typ,1,,,78.0,,1,225,,,Y,0,0,0,0,0,0,,,,0,8,WD,Family,0,1,1,0,1,1,1,1,1,1,1,1,0,1,1,1,1,1,1
12,RL,4.406719247264253,10.149067902792497,Pave,,Reg,Lvl,AllPub,Inside,Gtl,SawyerW,Norm,Norm,1Fam,2Story,7,6,18,18,Gable,CompShg,Plywood,Plywood,,340.0,4,3,CBlock,,,,,421,,0,386,807,GasA,4,Y,,7.069023426578259,807,0,7.591861714889934,0,0,2,1,3,1,4,7,Typ,1,,,18.0,,2,575,,,Y,0,84,0,1,0,0,,,,0,1,WD,Normal,0,1,1,0,1,1,1,1,1,1,1,1,0,1,1,1,1,1,1
9,RL,4.0943445622221,9.620654483038743,Pave,,Reg,Lvl,AllPub,Inside,Gtl,NAmes,Norm,Norm,1Fam,1Story,5,7,57,57,Gable,CompShg,MetalSd,MetalSd,,0.0,3,3,CBlock,,,,,534,,1,246,876,GasA,3,Y,,6.895682697747868,0,0,6.895682697747868,0,0,1,0,3,1,3,6,Typ,0,,,57.0,,1,276,,,Y,0,80,0,0,0,0,,,,0,5,WD,Normal,0,1,1,0,1,1,1,1,1,1,1,1,0,1,1,1,1,1,1
9,RL,4.477336814478207,10.118036306451927,Pave,,IR1,Lvl,AllPub,Corner,Gtl,SawyerW,Norm,Norm,1Fam,1Story,8,5,4,3,Gable,CompShg,VinylSd,VinylSd,,366.0,4,3,PConc,,,,,976,,0,868,1844,GasA,5,Y,,7.519692404116539,0,0,7.519692404116539,1,0,2,0,2,1,4,7,Typ,1,,,4.0,,2,620,,,Y,165,44,0,0,0,0,,,,0,9,COD,Abnorml,0,1,1,0,1,1,1,1,1,1,1,1,0,1,1,1,1,1,1
9,RL,4.382026634673881,10.1229615251312,Pave,,Reg,Lvl,AllPub,Inside,Gtl,NWAmes,Norm,Norm,1Fam,1Story,6,7,37,4,Gable,CompShg,VinylSd,VinylSd,,144.0,4,4,CBlock,,,,,656,,0,602,1258,GasA,5,Y,,7.1372784372603855,0,0,7.1372784372603855,0,1,2,0,3,1,4,5,Typ,0,,,37.0,,2,528,,,Y,55,0,0,1,0,0,,,,0,10,COD,Abnorml,0,1,1,0,1,1,1,1,1,1,1,1,0,1,1,1,1,1,1
11,RL,3.6375861597263857,10.48260942780192,Pave,,IR2,Lvl,AllPub,Inside,Gtl,Veenker,Norm,Norm,TwnhsE,1Story,8,5,12,12,Gable,CompShg,BrkFace,BrkFace,,0.0,4,3,PConc,,,,,786,,0,474,1260,GasA,5,Y,,7.160845906664299,0,0,7.160845906664299,1,0,1,1,1,1,5,4,Typ,2,,,12.0,,2,500,,,Y,120,30,0,0,1,0,,,,0,12,WD,Normal,0,1,1,0,1,1,1,1,1,1,1,1,0,1,1,1,1,1,1
9,RL,4.584967478670572,10.163720280210851,Pave,,IR1,Lvl,AllPub,Inside,Gtl,NridgHt,Norm,Norm,1Fam,1Story,8,5,1,1,Gable,CompShg,VinylSd,VinylSd,,248.0,4,3,PConc,,,,,0,,0,1626,1626,GasA,5,Y,,7.3987862754199485,0,0,7.3987862754199485,0,0,2,0,3,1,4,7,Typ,1,,,1.0,,3,866,,,Y,0,44,0,0,0,0,,,,0,5,WD,Normal,0,1,1,0,1,1,1,1,1,1,1,1,0,1,1,1,1,1,1
4,RL,3.1780538303479458,8.30231421871038,Pave,,Reg,Lvl,AllPub,Inside,Gtl,NPkVill,Norm,Norm,TwnhsE,2Story,6,5,35,35,Gable,CompShg,Plywood,Brk Cmn,,0.0,3,3,CBlock,,,,,257,,1,103,855,GasA,3,Y,,6.75110146893676,467,0,7.186901020411631,0,1,2,1,3,1,3,6,Typ,1,,,35.0,,2,440,,,Y,260,0,0,0,0,0,,,,0,6,WD,Normal,0,1,1,0,1,1,1,1,1,1,1,1,0,1,1,1,1,1,1
12,RL,4.30406509320417,9.889692016043632,Pave,,IR1,Lvl,AllPub,Inside,Gtl,Gilbert,Norm,Norm,1Fam,2Story,8,5,2,2,Gable,CompShg,VinylSd,VinylSd,,0.0,4,3,PConc,,,,,0,,0,707,707,GasA,5,Y,,6.561030665896573,707,0,7.254177846456518,0,0,2,1,3,1,4,6,Typ,1,,,2.0,,2,403,,,Y,100,35,0,0,0,0,,,,0,10,WD,Normal,0,1,1,0,1,1,1,1,1,1,1,1,0,1,1,1,1,1,1
9,RL,4.290459441148391,10.209820304866582,Pave,,Reg,Lvl,AllPub,Inside,Gtl,CollgCr,Norm,Norm,1Fam,1Story,7,5,13,13,Hip,CompShg,VinylSd,VinylSd,,196.0,4,3,PConc,,,,,690,,0,814,1504,GasA,5,Y,,7.315883504509785,0,0,7.315883504509785,1,0,2,0,3,1,4,6,Typ,1,,,13.0,,2,478,,,Y,115,66,0,0,0,0,,,,0,6,WD,Normal,0,1,1,0,1,1,1,1,1,1,1,1,0,1,1,1,1,1,1
9,RL,3.912023005428146,10.474337577461387,Pave,,IR1,HLS,AllPub,CulDSac,Gtl,Gilbert,Norm,Norm,1Fam,1Story,7,5,0,0,Hip,CompShg,VinylSd,VinylSd,,27.0,4,3,PConc,,,,,0,,0,1670,1670,GasA,5,Y,,7.4205789054108005,0,0,7.4205789054108005,0,0,2,0,3,1,4,7,Typ,1,,,0.0,,3,690,,,Y,144,60,0,0,0,0,,,,0,8,New,Partial,0,1,1,0,1,1,1,1,1,1,1,1,0,1,1,1,1,1,1
12,RL,,10.671478871465814,Pave,,IR1,Lvl,AllPub,Inside,Gtl,Veenker,Norm,Norm,1Fam,2Story,7,7,33,4,Gable,CompShg,Wd Sdng,Wd Sdng,,0.0,4,3,CBlock,,,,,125,,1,36,1192,GasA,3,Y,,7.323830566202317,651,0,7.681099001536359,1,0,2,1,3,1,4,9,Typ,2,,,33.0,,2,518,,,Y,220,47,0,0,0,0,,,,0,7,WD,Normal,1,1,1,0,1,1,1,1,1,1,1,1,0,1,1,1,1,1,1
11,RL,3.970291913552122,8.948556679542405,Pave,,Reg,Lvl,AllPub,Inside,Gtl,NPkVill,Norm,Norm,TwnhsE,1Story,6,6,31,31,Gable,CompShg,Plywood,Plywood,,0.0,3,3,CBlock,,,,,559,,0,510,1069,GasA,3,Y,,6.974478911025045,0,0,6.974478911025045,0,0,2,0,2,1,3,4,Typ,0,,,31.0,,2,440,,,Y,0,55,0,0,1,0,,,,0,10,COD,Abnorml,0,1,1,0,1,1,1,1,1,1,1,1,0,1,1,1,1,1,1
1,RM,3.5553480614894135,8.838081944598306,Pave,,Reg,Lvl,AllPub,Inside,Gtl,Edwards,Norm,Norm,TwnhsE,SFoyer,6,5,1,0,Gable,CompShg,VinylSd,VinylSd,,82.0,3,3,PConc,,,,,547,,0,0,547,GasA,4,Y,,6.977281341630747,0,0,6.977281341630747,1,0,2,0,2,1,3,5,Typ,0,,,1.0,,2,525,,,Y,0,44,0,0,0,0,,,,0,6,New,Partial,0,1,1,0,1,1,1,1,1,1,1,1,0,1,1,1,1,1,1
9,RL,3.912023005428146,11.502703088187525,Grvl,,Reg,Lvl,AllPub,Inside,Mod,Timber,Norm,Norm,1Fam,1Story,5,4,44,44,Hip,CompShg,MetalSd,MetalSd,,226.0,3,3,CBlock,,,,,1159,,0,413,1572,GasA,4,Y,,7.360103972989152,0,0,7.360103972989152,1,0,1,1,3,1,3,5,Typ,2,,,44.0,,3,995,,,Y,0,263,0,0,1,0,,,,0,5,WD,Normal,0,1,1,0,1,1,1,1,1,1,1,1,0,1,1,1,1,1,1
5,RM,4.584967478670572,9.85866035559909,Pave,,Reg,Lvl,AllPub,Corner,Gtl,OldTown,Norm,Norm,1Fam,1.5Fin,5,6,119,13,Hip,CompShg,VinylSd,VinylSd,,0.0,3,3,BrkTil,,,,,1088,,0,0,1088,GasA,3,Y,,7.080026499922591,561,1,7.533158807455563,0,0,1,0,2,1,3,7,Typ,0,,,46.0,,2,456,,,Y,48,0,1,0,0,0,,,,0,9,WD,Normal,0,1,1,0,1,1,1,1,1,1,1,1,0,1,1,1,1,1,1
1,RL,4.007333185232471,9.306116859988789,Pave,,Reg,Lvl,AllPub,Inside,Gtl,OldTown,Norm,Norm,1Fam,1.5Unf,4,6,51,51,Gable,CompShg,MetalSd,MetalSd,,0.0,3,3,CBlock,,,,,0,,0,882,882,GasA,5,Y,,6.782192056006791,0,0,6.782192056006791,0,0,1,0,1,1,3,4,Typ,0,,,,,0,0,,,Y,0,0,0,0,0,0,,,,0,4,WD,Normal,0,1,1,0,1,1,1,1,1,1,1,1,1,1,1,1,1,1,1
9,RL,4.454347296253507,10.416968960578037,Pave,,IR1,HLS,AllPub,Corner,Gtl,StoneBr,Norm,Norm,1Fam,1Story,9,5,2,1,Hip,CompShg,VinylSd,VinylSd,,200.0,4,3,PConc,,,,,1249,,0,673,1922,GasA,5,Y,,7.561121589530238,0,0,7.561121589530238,1,0,2,0,3,1,4,8,Typ,1,,,2.0,,3,676,,,Y,178,51,0,0,0,0,,,,0,7,WD,Normal,0,1,1,0,1,1,1,1,1,1,1,1,0,1,1,1,1,1,1
9,RL,4.0943445622221,9.620654483038743,Pave,,Reg,Bnk,AllPub,Inside,Gtl,CollgCr,Norm,Norm,1Fam,1Story,5,7,36,36,Gable,CompShg,HdBoard,HdBoard,,0.0,3,3,CBlock,,,,,632,,0,148,780,GasA,5,Y,,6.659293919683638,0,0,6.659293919683638,0,0,1,0,2,1,3,4,Typ,0,,,35.0,,1,352,,,Y,196,0,0,0,0,0,,,,0,1,WD,Normal,0,1,1,0,1,1,1,1,1,1,1,1,0,1,1,1,1,1,1
8,RL,4.442651256490317,10.388857035580628,Pave,,Reg,Lvl,AllPub,Inside,Gtl,Sawyer,Norm,Norm,1Fam,SLvl,5,6,50,21,Gable,CompShg,MetalSd,MetalSd,,0.0,3,4,CBlock,,,,,0,,0,533,533,GasA,3,Y,,6.928537818164665,580,0,7.3783837129967145,0,1,1,0,3,1,3,6,Min2,0,,,50.0,,1,300,,,Y,280,34,0,0,0,0,,,,0,12,WD,Normal,0,1,1,0,1,1,1,1,1,1,1,1,0,1,1,1,1,1,1
9,RL,4.820281565605037,10.573801401438535,Pave,,IR1,Low,AllPub,Inside,Mod,StoneBr,Norm,Norm,1Fam,1Story,7,5,4,4,Hip,CompShg,VinylSd,VinylSd,,16.0,4,3,PConc,,,,,1274,,0,256,1530,GasA,5,Y,,7.333023014386481,0,0,7.333023014386481,1,0,2,0,3,1,4,7,Typ,1,,,4.0,,2,430,,,Y,168,36,0,0,0,0,,,,0,6,WD,Normal,0,1,1,0,1,1,1,1,1,1,1,1,0,1,1,1,1,1,1
9,RL,,9.85332004995406,Pave,,IR1,Lvl,AllPub,Corner,Gtl,Mitchel,Norm,Norm,1Fam,1Story,5,5,24,24,Gable,CompShg,HdBoard,Plywood,,0.0,3,3,CBlock,,,,,625,,0,208,833,GasA,5,Y,,6.725033642166843,0,0,6.725033642166843,1,0,1,0,3,1,3,5,Typ,0,,,,,0,0,,,Y,0,0,0,0,0,0,,,,0,3,WD,Normal,1,1,1,0,1,1,1,1,1,1,1,1,1,1,1,1,1,1,1
5,RM,3.912023005428146,9.407566278407877,Pave,,Reg,Lvl,AllPub,Inside,Gtl,OldTown,Norm,Norm,1Fam,1.5Fin,3,7,59,5,Gable,CompShg,MetalSd,MetalSd,,0.0,3,4,CBlock,,,,,331,,0,318,649,GasA,5,Y,,6.520621127558696,504,0,7.075808863978387,0,0,1,1,2,1,3,6,Typ,0,,,26.0,,1,308,,,Y,0,176,0,0,0,0,,,,0,6,WD,Normal,0,1,1,0,1,1,1,1,1,1,1,1,0,1,1,1,1,1,1
9,RL,,9.570342010232622,Pave,,IR1,Lvl,AllPub,Corner,Gtl,Sawyer,Norm,Norm,1Fam,1Story,5,8,48,0,Gable,CompShg,HdBoard,HdBoard,,0.0,3,4,CBlock,,,,,659,,0,381,1040,GasA,5,Y,,6.946975992135418,0,0,6.946975992135418,1,0,1,1,3,1,3,6,Typ,0,,,48.0,,1,260,,,Y,0,104,0,0,0,0,,,,0,4,WD,Normal,1,1,1,0,1,1,1,1,1,1,1,1,0,1,1,1,1,1,1
12,RL,4.343805421853684,10.00222324556066,Pave,,Reg,Lvl,AllPub,Inside,Gtl,CollgCr,Norm,Norm,1Fam,2Story,8,5,1,0,Hip,CompShg,VinylSd,VinylSd,,340.0,4,3,PConc,,,,,1150,,0,316,1466,GasA,5,Y,,7.290292882446597,1362,0,7.947325027016463,1,0,3,0,4,1,4,11,Typ,1,,,1.0,,3,1052,,,Y,125,144,0,0,0,0,,,,0,4,New,Partial,0,1,1,0,1,1,1,1,1,1,1,1,0,1,1,1,1,1,1
5,RL,4.382026634673881,9.95829931831355,Pave,,Reg,Lvl,AllPub,Inside,Gtl,NAmes,Norm,Norm,1Fam,1.5Fin,6,5,58,58,Gable,CompShg,VinylSd,VinylSd,,0.0,3,3,CBlock,,,,,280,,0,752,1032,GasA,3,Y,,6.939253946041508,220,0,7.132497551660044,0,0,1,0,3,1,3,6,Typ,0,,,58.0,,1,288,,,Y,0,0,1,0,0,0,,,,0,4,WD,Abnorml,0,1,1,0,1,1,1,1,1,1,1,1,0,1,1,1,1,1,1
9,RL,4.31748811353631,9.668460516349608,Pave,,Reg,Lvl,AllPub,Inside,Gtl,NAmes,Norm,Norm,1Fam,1Story,5,7,51,16,Hip,CompShg,BrkFace,BrkFace,,0.0,3,3,CBlock,,,,,340,,1,0,1246,GasA,5,Y,,7.1276936993473985,0,0,7.1276936993473985,1,0,1,1,3,1,4,6,Typ,0,,,51.0,,1,305,,,Y,218,0,0,0,0,0,,,,0,5,WD,Normal,0,1,1,0,1,1,1,1,1,1,1,1,0,1,1,1,1,1,1
1,RM,3.912023005428146,9.407566278407877,Pave,,Reg,Lvl,AllPub,Inside,Gtl,BrkSide,Norm,Norm,1Fam,1.5Unf,6,7,83,5,Gable,CompShg,Wd Sdng,Wd Sdng,,0.0,4,3,PConc,,,,,0,,0,884,884,GasA,4,Y,,6.806829360392176,0,0,6.806829360392176,0,0,1,0,2,1,3,4,Typ,0,,,83.0,,1,180,,,Y,0,0,1,0,0,0,,,,0,1,WD,Normal,0,1,1,0,1,1,1,1,1,1,1,1,0,1,1,1,1,1,1
5,RM,4.0943445622221,10.09703958498912,Pave,,Reg,Lvl,AllPub,Inside,Gtl,OldTown,Artery,Norm,1Fam,1.5Fin,5,6,95,60,Gable,CompShg,MetalSd,MetalSd,,0.0,3,4,PConc,,,,,686,,0,0,686,GasA,3,Y,,6.873163834212518,686,0,7.409741954080923,1,0,2,0,4,1,3,7,Typ,0,,,49.0,,1,416,,,Y,0,0,1,0,0,0,,,,1,6,WD,Normal,0,1,1,0,1,1,1,1,1,1,1,1,0,1,1,1,1,1,1
1,RL,4.0943445622221,10.235488121925654,Pave,,Reg,Lvl,AllPub,Inside,Gtl,NAmes,Norm,Norm,1Fam,1Story,5,7,60,59,Gable,CompShg,HdBoard,HdBoard,,0.0,4,3,CBlock,,,,,375,,0,457,832,GasA,4,Y,,6.943122422819428,0,1,7.145196134997171,0,0,1,0,3,1,3,6,Typ,1,,,60.0,,1,288,,,Y,0,28,0,0,0,0,,,,0,9,WD,Normal,0,1,1,0,1,1,1,1,1,1,1,1,0,1,1,1,1,1,1
5,RL,4.04305126783455,9.677485986073567,Pave,,Reg,Bnk,AllPub,Inside,Gtl,Crawfor,Norm,Norm,1Fam,1.5Fin,6,6,81,59,Gable,CompShg,BrkFace,Stone,,0.0,3,3,BrkTil,,,,,0,,0,896,896,GasA,4,Y,,7.066466970136958,741,0,7.556427969440253,0,0,1,1,3,1,3,9,Typ,1,,,80.0,,2,342,,,Y,0,0,0,0,0,0,,,,0,3,WD,Normal,0,1,1,0,1,1,1,1,1,1,1,1,0,1,1,1,1,1,1
11,RL,3.784189633918261,9.477610920318547,Pave,,IR1,Lvl,AllPub,Inside,Gtl,NridgHt,Norm,Norm,TwnhsE,1Story,7,5,1,0,Gable,CompShg,VinylSd,VinylSd,,128.0,4,3,PConc,,,,,733,,0,625,1358,GasA,5,Y,,7.213768308118642,0,0,7.213768308118642,1,0,2,0,2,1,4,6,Typ,1,,,0.0,,2,484,,,Y,192,35,0,0,0,0,,,,0,6,New,Partial,0,1,1,0,1,1,1,1,1,1,1,1,0,1,1,1,1,1,1
9,RL,,10.236557971856914,Pave,,IR3,Lvl,AllPub,Inside,Gtl,NAmes,PosN,Norm,1Fam,1Story,6,3,37,37,Gable,CompShg,Plywood,Plywood,,0.0,3,3,CBlock,,,,,1237,,0,420,1657,GasA,4,Y,,7.4127640174265625,0,0,7.4127640174265625,0,1,2,0,3,1,3,7,Typ,1,,,37.0,,2,484,,,Y,0,0,0,0,1,0,,,,0,3,WD,Normal,1,1,1,0,1,1,1,1,1,1,1,1,0,1,1,1,1,1,1
0,RL,4.007333185232471,10.037387269668644,Pave,,Reg,Lvl,AllPub,Inside,Gtl,BrkSide,RRAn,Norm,1Fam,1Story,6,7,90,8,Gable,CompShg,Stucco,Wd Shng,,0.0,3,4,BrkTil,,,,,210,,1,0,816,GasA,5,Y,,6.731018100482083,0,0,6.731018100482083,1,0,1,0,2,1,2,5,Typ,0,,,47.0,,1,275,,,N,0,0,1,0,0,0,,,,0,5,WD,Normal,0,1,1,0,1,1,1,1,1,1,1,1,0,1,1,1,1,1,1
12,RL,,9.849970211401333,Pave,,IR1,Lvl,AllPub,FR2,Gtl,Gilbert,RRNn,Norm,1Fam,2Story,7,5,10,10,Gable,CompShg,VinylSd,VinylSd,,298.0,4,3,PConc,,,,,772,,0,220,992,GasA,5,Y,,6.92951677076365,1038,0,7.630461261783627,1,0,2,1,3,1,4,8,Typ,1,,,10.0,,2,390,,,Y,0,0,0,1,0,0,,,,0,6,WD,Normal,1,1,1,0,1,1,1,1,1,1,1,1,0,1,1,1,1,1,1
4,RL,3.58351893845611,8.369892238927369,Pave,,Reg,Lvl,AllPub,Inside,Gtl,NridgHt,Norm,Norm,Twnhs,2Story,7,5,5,4,Gable,CompShg,VinylSd,Wd Shng,,106.0,4,3,PConc,,,,,573,,0,191,764,GasA,5,Y,,6.638567789166521,862,0,7.3938782901077555,1,0,2,1,2,1,4,6,Typ,0,,,5.0,,2,474,,,Y,0,27,0,0,0,0,,,,0,10,WD,Normal,0,1,1,0,1,1,1,1,1,1,1,1,0,1,1,1,1,1,1
12,RL,4.382026634673881,9.929017299497168,Pave,,Reg,Lvl,AllPub,Corner,Gtl,Sawyer,Norm,Norm,1Fam,2Story,6,7,41,41,Gable,CompShg,HdBoard,HdBoard,,143.0,3,3,CBlock,,,,,371,,0,292,663,GasA,3,Y,,6.4967749901858625,689,0,7.20934025660291,0,0,1,1,4,1,3,7,Typ,0,,,41.0,,1,299,,,Y,379,36,0,0,0,0,,,,0,3,WD,Normal,0,1,1,0,1,1,1,1,1,1,1,1,0,1,1,1,1,1,1
5,RL,4.3694478524670215,9.944987844290043,Pave,,Reg,Lvl,AllPub,Inside,Gtl,NAmes,Artery,Norm,1Fam,1.5Fin,5,5,66,57,Gable,CompShg,WdShing,Wd Shng,,0.0,3,3,CBlock,,,,,368,,1,359,768,GasA,3,Y,,6.875232087276577,408,0,7.226936018493289,1,0,1,0,3,1,3,6,Typ,1,,,66.0,,1,240,,,Y,0,0,0,0,0,0,,,,0,4,WD,Normal,0,1,1,0,1,1,1,1,1,1,1,1,0,1,1,1,1,1,1
7,RL,4.30406509320417,10.220212380515324,Pave,,IR1,HLS,AllPub,Inside,Mod,Crawfor,Norm,Norm,1Fam,2Story,6,7,74,13,Hip,CompShg,Stucco,Stucco,,0.0,3,3,CBlock,,,,,326,,0,389,715,GasA,2,Y,,6.744059186311348,811,0,7.414572881350589,0,0,1,1,3,1,3,6,Typ,1,,,69.0,,1,240,,,Y,0,0,0,0,0,0,,,,0,8,WD,Normal,0,1,1,0,1,1,1,1,1,1,1,1,0,1,1,1,1,1,1
12,RL,4.290459441148391,9.815116809126827,Pave,,IR1,Lvl,AllPub,Inside,Gtl,Gilbert,Norm,Norm,1Fam,2Story,6,5,1,0,Gable,CompShg,VinylSd,VinylSd,,0.0,3,3,PConc,,,,,0,,0,616,616,GasA,5,Y,,6.423246963533519,796,0,7.252762418053187,0,0,2,1,3,1,4,6,Typ,1,,,0.0,,2,432,,,Y,0,36,0,0,0,0,,,,0,3,New,Partial,0,1,1,0,1,1,1,1,1,1,1,1,0,1,1,1,1,1,1
5,RM,4.0943445622221,10.043453482460944,Pave,,Reg,Lvl,AllPub,Inside,Gtl,IDOTRR,Norm,Norm,1Fam,1.5Fin,6,7,102,13,Gable,CompShg,MetalSd,MetalSd,,0.0,3,3,CBlock,,,,,0,,0,756,756,GasA,5,Y,,6.628041376179533,713,0,7.292337176173877,0,0,1,0,3,1,3,7,Typ,0,,,102.0,,1,216,,,Y,57,0,1,0,0,0,,,,0,6,WD,Normal,0,1,1,0,1,1,1,1,1,1,1,1,0,1,1,1,1,1,1
8,RL,4.330733340286331,10.002459544804244,Pave,,IR1,Lvl,AllPub,Inside,Gtl,Gilbert,Norm,Norm,1Fam,SLvl,7,5,7,7,Gable,CompShg,VinylSd,VinylSd,,0.0,3,3,PConc,,,,,0,,0,384,384,GasA,5,Y,,6.651571873589727,656,0,7.265429723253953,0,0,2,1,3,1,3,8,Typ,1,,,7.0,,2,400,,,Y,100,0,0,0,0,0,,,,0,12,WD,Normal,0,1,1,0,1,1,1,1,1,1,1,1,0,1,1,1,1,1,1
9,RL,4.442651256490317,10.058429783557234,Pave,,IR1,Lvl,AllPub,Inside,Gtl,Edwards,Norm,Norm,1Fam,1Story,6,5,55,55,Hip,CompShg,Wd Sdng,Wd Sdng,,216.0,3,3,CBlock,,,,,500,,0,594,1094,GasA,5,Y,,6.9975959829819265,0,0,6.9975959829819265,0,0,1,0,3,1,3,5,Typ,2,,,55.0,,2,495,,,Y,0,0,0,0,1,0,,,,0,6,WD,Normal,0,1,1,0,1,1,1,1,1,1,1,1,0,1,1,1,1,1,1
9,RL,4.23410650459726,10.15063518610446,Pave,,IR1,Lvl,AllPub,Inside,Gtl,StoneBr,Norm,Norm,1Fam,1Story,8,5,1,0,Gable,CompShg,VinylSd,Other,,238.0,4,3,PConc,,,,,1422,,0,392,1814,GasA,5,Y,,7.509883061154913,0,0,7.509883061154913,1,0,2,0,3,1,4,7,Typ,1,,,1.0,,3,758,,,Y,180,75,0,0,1,0,,,,0,8,New,Partial,0,1,1,0,1,1,1,1,1,1,1,1,0,1,1,1,1,1,1
5,RL,4.0943445622221,9.753458129705077,Pave,,Reg,Lvl,AllPub,Corner,Gtl,NAmes,Artery,Norm,1Fam,1.5Fin,5,7,58,1,Gable,CompShg,MetalSd,MetalSd,,0.0,3,4,CBlock,,,,,0,,0,672,672,GasA,5,Y,,6.51025834052315,252,0,6.828712071641684,0,0,1,0,3,1,3,6,Typ,1,,,4.0,,2,576,,,Y,0,0,0,0,0,0,,,,1,7,WD,Normal,0,1,1,0,1,1,1,1,1,1,1,1,0,1,1,1,1,1,1
11,RL,,9.557210391489605,Pave,,IR1,Lvl,AllPub,Corner,Gtl,StoneBr,Norm,Norm,TwnhsE,1Story,8,5,25,25,Gable,CompShg,HdBoard,HdBoard,,0.0,4,3,PConc,,,,,368,,1,0,1488,GasA,3,Y,,7.31455283232408,0,0,7.31455283232408,1,0,1,1,1,1,4,4,Typ,0,,,25.0,,2,528,,,Y,0,54,0,0,1,0,,,,0,6,WD,Normal,1,1,1,0,1,1,1,1,1,1,1,1,0,1,1,1,1,1,1
12,RL,4.3694478524670215,10.297498479599424,Pave,,IR1,HLS,AllPub,Inside,Mod,ClearCr,Feedr,Norm,1Fam,2Story,6,5,11,11,Gable,CompShg,VinylSd,VinylSd,,0.0,3,3,PConc,,,,,462,,0,154,616,GasA,4,Y,,6.423246963533519,1072,0,7.431299675155903,1,0,2,1,4,1,4,8,Typ,0,,,11.0,,2,603,,,Y,403,114,1,0,0,0,,,,1,5,WD,Normal,0,1,1,0,1,1,1,1,1,1,1,1,0,1,1,1,1,1,1
9,FV,4.0943445622221,9.620654483038743,Pave,,Reg,Lvl,AllPub,Inside,Gtl,Somerst,Norm,Norm,1Fam,1Story,6,5,0,0,Gable,CompShg,VinylSd,VinylSd,,68.0,4,3,PConc,,,,,905,,0,357,1262,GasA,4,Y,,7.140453043101158,0,0,7.140453043101158,0,0,2,0,2,1,4,5,Typ,0,,,0.0,,2,572,,,Y,0,120,0,0,0,0,,,,0,5,New,Partial,0,1,1,0,1,1,1,1,1,1,1,1,0,1,1,1,1,1,1
9,RL,4.430816798843313,10.18845928986924,Pave,,IR1,Lvl,AllPub,Corner,Gtl,Somerst,RRNn,Norm,1Fam,1Story,9,5,1,1,Hip,CompShg,VinylSd,ImStucc,,302.0,5,3,PConc,,,,,0,,0,1905,1905,GasA,5,Y,,7.552237287560802,0,0,7.552237287560802,0,0,2,0,3,1,5,8,Typ,1,,,1.0,,3,788,,,Y,0,191,0,0,0,0,,,,0,3,WD,Normal,0,1,1,0,1,1,1,1,1,1,1,1,0,1,1,1,1,1,1
12,RL,4.31748811353631,10.161238841537669,Pave,,IR1,Lvl,AllPub,Inside,Gtl,CollgCr,Norm,Norm,1Fam,2Story,7,5,10,9,Gable,CompShg,VinylSd,VinylSd,,202.0,4,3,PConc,,,,,252,,0,901,1153,GasA,5,Y,,7.050122520269059,878,0,7.616283561580385,0,0,2,1,3,1,4,8,Typ,1,,,10.0,,2,541,,,Y,192,84,0,0,0,0,,,,0,7,WD,Normal,0,1,1,0,1,1,1,1,1,1,1,1,0,1,1,1,1,1,1
9,RL,4.356708826689592,10.022725181325429,Pave,,Reg,Lvl,AllPub,Inside,Gtl,NWAmes,Norm,Norm,1Fam,1Story,6,5,35,35,Hip,CompShg,HdBoard,HdBoard,,174.0,3,3,CBlock,,,,,0,,0,1064,1064,GasA,3,Y,,7.2078598714324755,0,0,7.2078598714324755,0,0,2,0,3,1,3,7,Typ,1,,,35.0,,2,478,,,Y,0,0,0,0,0,0,,,,0,8,WD,Normal,0,1,1,0,1,1,1,1,1,1,1,1,0,1,1,1,1,1,1
12,RL,3.784189633918261,9.951908551225566,Pave,,IR1,Lvl,AllPub,CulDSac,Gtl,CollgCr,Norm,Norm,1Fam,2Story,7,6,7,7,Gable,CompShg,VinylSd,VinylSd,,223.0,4,3,PConc,,,,,483,,0,458,941,GasA,5,Y,,6.846943139585379,888,0,7.511524648390866,1,0,2,1,3,1,4,7,Typ,1,,,7.0,,2,613,,,Y,192,39,0,0,0,0,,,,0,1,WD,Normal,0,1,1,0,1,1,1,1,1,1,1,1,0,1,1,1,1,1,1
9,RH,4.0943445622221,9.714424203840492,Pave,,Reg,Lvl,AllPub,Corner,Gtl,SawyerW,Norm,Norm,1Fam,1Story,5,5,41,41,Gable,CompShg,VinylSd,VinylSd,,0.0,3,3,CBlock,,,,,641,,0,187,828,GasA,4,Y,,6.872128101338986,0,0,6.872128101338986,1,0,1,0,3,1,3,6,Typ,0,,,27.0,,1,300,,,Y,421,0,0,0,0,0,,,,0,7,WD,Abnorml,0,1,1,0,1,1,1,1,1,1,1,1,0,1,1,1,1,1,1
2,RL,4.0943445622221,10.238985916746785,Pave,,Reg,Lvl,AllPub,Inside,Gtl,Edwards,Norm,Norm,2fmCon,1.5Fin,4,4,69,60,Gable,CompShg,MetalSd,MetalSd,,0.0,3,2,BrkTil,,,,,348,,0,324,672,Grav,2,N,,6.51025834052315,252,0,6.828712071641684,1,0,1,0,2,1,2,5,Typ,0,,,69.0,,1,280,,,Y,0,0,0,0,0,0,,,,0,7,WD,Normal,0,1,1,0,1,1,1,1,1,1,1,1,0,1,1,1,1,1,1
12,RL,,9.913340042086652,Pave,,Reg,Lvl,AllPub,Inside,Gtl,CollgCr,Norm,Norm,1Fam,2Story,8,5,7,6,Gable,CompShg,VinylSd,VinylSd,,396.0,4,3,PConc,,,,,0,,0,1055,1055,GasA,5,Y,,6.961296045910167,1208,0,7.724446645633537,0,0,2,1,3,1,4,7,Typ,1,,,7.0,,2,905,,,Y,0,45,0,0,1,0,,,,0,9,WD,Normal,1,1,1,0,1,1,1,1,1,1,1,1,0,1,1,1,1,1,1
7,RL,4.787491742782046,10.380518373154565,Pave,,Reg,Lvl,AllPub,Corner,Gtl,Edwards,Norm,Norm,1Fam,2Story,6,7,73,22,Hip,CompShg,Stucco,Stucco,,0.0,3,3,CBlock,,,,,626,,0,501,1127,GasA,5,Y,,7.119635638017636,872,0,7.653494909661253,0,0,2,0,4,1,4,7,Typ,2,,,73.0,,2,540,,,Y,0,0,0,0,1,0,,,,0,7,WD,Normal,0,1,1,0,1,1,1,1,1,1,1,1,0,1,1,1,1,1,1
9,RL,4.382026634673881,9.95829931831355,Pave,,Reg,Lvl,AllPub,Inside,Gtl,NWAmes,Norm,Norm,1Fam,1Story,7,6,34,34,Hip,CompShg,HdBoard,HdBoard,,320.0,3,3,CBlock,,,,,916,,0,326,1242,GasA,2,Y,,7.124478262493424,0,0,7.124478262493424,0,0,1,1,3,1,3,6,Typ,1,,,34.0,,2,528,,,Y,0,0,0,0,0,0,,,,0,9,WD,Normal,0,1,1,0,1,1,1,1,1,1,1,1,0,1,1,1,1,1,1
5,RM,3.9318256327243257,9.430676920124982,Pave,,Reg,Lvl,AllPub,Inside,Gtl,BrkSide,Norm,Norm,1Fam,1.5Fin,4,7,74,14,Gable,CompShg,AsbShng,AsbShng,,0.0,3,3,BrkTil,,,,,0,,0,884,884,GasA,5,Y,,6.8966943316227125,584,0,7.360739903058278,0,0,1,0,3,1,4,6,Typ,0,,,74.0,,1,240,,,Y,0,0,1,0,1,0,,,,0,7,WD,Normal,0,1,1,0,1,1,1,1,1,1,1,1,0,1,1,1,1,1,1
12,RL,,9.946598004227493,Pave,,IR1,Lvl,AllPub,CulDSac,Gtl,Gilbert,Norm,Norm,1Fam,2Story,7,5,9,9,Gable,CompShg,VinylSd,VinylSd,,180.0,4,3,PConc,,,,,0,,0,884,884,GasA,5,Y,,6.784457062637643,1151,0,7.618251097876695,0,0,2,1,3,1,4,8,Typ,1,,,9.0,,2,434,,,Y,144,48,0,0,0,0,,,,0,5,WD,Normal,1,1,1,0,1,1,1,1,1,1,1,1,0,1,1,1,1,1,1
9,RL,,10.131479310152015,Pave,,IR1,Lvl,AllPub,CulDSac,Gtl,Veenker,Norm,Norm,1Fam,1Story,6,6,24,24,Gable,CompShg,Plywood,Plywood,,0.0,3,3,PConc,,,,,660,,0,572,1232,GasA,3,Y,,7.116394144093465,0,0,7.116394144093465,0,0,2,0,3,1,3,6,Typ,0,,,24.0,,2,516,,,Y,0,0,0,0,0,0,,,,0,6,WD,Normal,1,1,1,0,1,1,1,1,1,1,1,1,0,1,1,1,1,1,1
12,RL,4.382026634673881,10.061582684276976,Pave,,Reg,Lvl,AllPub,Inside,Gtl,NWAmes,Norm,Norm,1Fam,2Story,7,6,32,32,Hip,CompShg,Plywood,Plywood,,660.0,3,3,CBlock,,,,,403,,0,400,803,GasA,3,Y,,7.001245622069476,866,0,7.582738488914411,0,0,2,1,4,1,3,8,Typ,1,,,32.0,,2,483,,,Y,0,69,0,0,0,0,,,,0,9,WD,Normal,0,1,1,0,1,1,1,1,1,1,1,1,0,1,1,1,1,1,1
5,RM,4.007333185232471,9.855993182829993,Pave,,Reg,Lvl,AllPub,Corner,Gtl,OldTown,Norm,Norm,1Fam,1.5Fin,4,7,100,6,Gable,CompShg,Wd Sdng,Wd Sdng,,0.0,3,3,BrkTil,,,,,0,,0,576,576,GasA,4,Y,,6.674561391814426,348,0,7.038783541388542,0,0,1,0,3,1,3,7,Min2,0,,,,,0,0,,,N,0,160,0,0,0,0,,,,0,6,WD,Normal,0,1,1,0,1,1,1,1,1,1,1,1,1,1,1,1,1,1,1
9,RL,4.04305126783455,9.978234394659138,Pave,,IR1,Lvl,AllPub,FR2,Gtl,Sawyer,Feedr,Norm,1Fam,1Story,5,7,41,5,Gable,CompShg,VinylSd,VinylSd,,0.0,3,3,CBlock,,,,,702,,0,192,894,GasA,5,Y,,6.795705775173514,0,0,6.795705775173514,1,0,1,0,3,1,4,5,Typ,0,,,41.0,,2,450,,,Y,0,0,0,0,0,0,,,,0,5,WD,Normal,0,1,1,0,1,1,1,1,1,1,1,1,0,1,1,1,1,1,1
12,RL,,10.121785591575863,Pave,,IR1,Lvl,AllPub,Corner,Gtl,NWAmes,PosA,Norm,1Fam,2Story,6,7,38,22,Gable,CompShg,HdBoard,HdBoard,,220.0,3,3,CBlock,,,,,619,,0,435,1054,GasA,3,Y,,7.321188556739478,1142,0,7.8838232148921525,1,0,2,1,4,1,4,9,Typ,1,,,38.0,,2,619,,,Y,0,65,0,0,1,0,,,,0,8,WD,Normal,1,1,1,0,1,1,1,1,1,1,1,1,0,1,1,1,1,1,1
6,RL,4.0943445622221,9.620654483038743,Pave,,Reg,Lvl,AllPub,Inside,Gtl,CollgCr,Norm,Norm,1Fam,SFoyer,5,8,37,6,Gable,CompShg,WdShing,HdBoard,,0.0,3,4,CBlock,,,,,660,,0,108,768,GasA,4,Y,,6.643789733147672,0,0,6.643789733147672,0,1,1,0,2,1,3,5,Typ,0,,,35.0,,1,396,,,Y,192,0,0,0,0,0,,,,0,4,WD,Normal,0,1,1,0,1,1,1,1,1,1,1,1,0,1,1,1,1,1,1
5,RM,3.9512437185814275,9.453346746460348,Pave,,Reg,Lvl,AllPub,Inside,Gtl,BrkSide,Norm,Norm,1Fam,1.5Fin,4,5,59,56,Gable,CompShg,AsbShng,AsbShng,,0.0,3,3,Slab,,,,,0,,0,0,0,GasA,4,N,,6.51025834052315,240,0,6.815639990074331,0,0,1,0,2,1,3,3,Typ,0,,,,,0,0,,,N,0,0,0,0,0,0,,,,0,7,WD,Normal,0,1,1,0,1,1,1,1,1,1,1,1,1,1,1,1,1,1,1
12,RL,4.248495242049359,10.181966101189008,Pave,,IR1,HLS,AllPub,Inside,Sev,NAmes,Norm,Norm,1Fam,2Story,5,5,38,38,Gable,CompShg,Plywood,Plywood,,192.0,3,3,PConc,,,,,650,,0,390,1040,GasA,3,Y,,6.946975992135418,1040,0,7.640123172695364,0,1,1,2,5,1,2,9,Typ,2,,,38.0,,2,504,,,Y,335,0,0,0,0,0,,,,0,9,WD,Family,0,1,1,0,1,1,1,1,1,1,1,1,0,1,1,1,1,1,1
9,RL,4.406719247264253,10.266228833908439,Pave,,IR2,Low,AllPub,Corner,Mod,CollgCr,Norm,Norm,1Fam,1Story,5,5,13,13,Gable,CompShg,VinylSd,VinylSd,,0.0,3,4,PConc,,,,,732,,0,308,1040,GasA,4,Y,,6.946975992135418,0,0,6.946975992135418,1,0,1,0,3,1,4,6,Typ,0,,,9.0,,2,576,,,Y,168,0,0,0,0,0,,,,0,11,WD,Normal,0,1,1,0,1,1,1,1,1,1,1,1,0,1,1,1,1,1,1
1,RM,3.6888794541139363,9.284743197764715,Pave,,Reg,Lvl,AllPub,Corner,Gtl,OldTown,Norm,Norm,1Fam,1Story,6,7,81,3,Gable,CompShg,MetalSd,MetalSd,,0.0,3,4,BrkTil,,,,,370,,0,779,1149,GasA,4,Y,,7.046647277848756,467,0,7.38770923908104,0,0,2,0,3,1,4,5,Typ,0,,,81.0,,1,216,,,Y,0,0,1,0,0,0,,,,0,10,WD,Normal,0,1,1,0,1,1,1,1,1,1,1,1,0,1,1,1,1,1,1
0,RM,4.0943445622221,10.09703958498912,Pave,,Reg,Lvl,AllPub,Inside,Gtl,OldTown,Norm,Norm,1Fam,1Story,4,7,122,12,Mansard,CompShg,VinylSd,VinylSd,,0.0,3,3,BrkTil,,,,,0,,0,641,641,GasA,4,Y,,6.953684210870537,0,0,6.953684210870537,0,0,1,0,2,1,3,6,Typ,0,,,53.0,,1,273,,,N,0,0,0,0,0,0,,,,1,8,WD,Normal,0,1,1,0,1,1,1,1,1,1,1,1,0,1,1,1,1,1,1
9,RL,4.477336814478207,10.32734574458579,Pave,,Reg,Lvl,AllPub,Corner,Gtl,Sawyer,Norm,Norm,1Fam,1Story,5,4,49,6,Gable,CompShg,Wd Sdng,Wd Sdng,,67.0,3,3,CBlock,,,,,168,,1,284,1134,GasA,5,Y,,7.497207223203318,0,0,7.497207223203318,1,0,2,0,3,1,3,8,Maj1,1,,,49.0,,2,484,,,Y,0,0,0,0,0,0,,,,0,1,WD,Normal,0,1,1,0,1,1,1,1,1,1,1,1,0,1,1,1,1,1,1
1,RL,4.07753744390572,9.625036385157452,Pave,,Reg,HLS,AllPub,Corner,Mod,NAmes,Artery,Norm,1Fam,1.5Unf,6,6,54,54,Gable,CompShg,MetalSd,MetalSd,,0.0,3,3,CBlock,,,,,0,,0,832,832,GasA,4,Y,,6.723832440821209,0,0,6.723832440821209,0,0,1,0,2,1,4,4,Typ,0,,,46.0,,2,528,,,Y,0,0,0,0,0,0,,,,0,6,WD,Normal,0,1,1,0,1,1,1,1,1,1,1,1,0,1,1,1,1,1,1
9,RL,4.59511985013459,9.603293979625162,Pave,,IR1,Lvl,AllPub,Inside,Gtl,Sawyer,Norm,Norm,1Fam,1Story,5,5,41,41,Gable,CompShg,VinylSd,VinylSd,,0.0,3,3,CBlock,,,,,180,,1,340,894,GasA,3,Y,,6.795705775173514,0,0,6.795705775173514,0,0,1,0,3,1,3,5,Typ,0,,,41.0,,1,384,,,Y,0,0,0,0,0,0,,,,0,5,WD,Normal,0,1,1,0,1,1,1,1,1,1,1,1,0,1,1,1,1,1,1
7,RM,4.0943445622221,9.483281107963652,Pave,,Reg,Lvl,AllPub,Corner,Gtl,IDOTRR,Norm,Norm,1Fam,2Story,5,5,89,59,Gable,CompShg,Wd Sdng,Wd Shng,,0.0,3,3,PConc,,,,,0,,0,596,596,GasA,3,N,,6.39024066706535,596,0,7.083387847625295,0,0,1,0,3,1,3,6,Typ,0,,,89.0,,1,189,,,N,0,0,1,0,0,0,,,,0,7,WD,Normal,0,1,1,0,1,1,1,1,1,1,1,1,0,1,1,1,1,1,1
9,RL,4.584967478670572,10.564578371886595,Pave,,IR1,Lvl,AllPub,FR2,Gtl,NridgHt,Norm,Norm,1Fam,1Story,9,5,2,1,Hip,CompShg,VinylSd,VinylSd,,378.0,4,3,PConc,,,,,1261,,0,572,1833,GasA,5,Y,,7.52294091807237,0,0,7.52294091807237,1,0,2,0,3,1,4,8,Typ,1,,,2.0,,3,772,,,Y,519,112,0,0,0,0,,,,0,3,WD,Normal,0,1,1,0,1,1,1,1,1,1,1,1,0,1,1,1,1,1,1
9,RL,4.174387269895637,9.714424203840492,Pave,,Reg,Lvl,AllPub,Inside,Gtl,Sawyer,Norm,Norm,1Fam,1Story,5,7,42,5,Hip,CompShg,HdBoard,HdBoard,,89.0,3,3,PConc,,,,,450,,0,414,864,GasA,5,Y,,6.80128303447162,0,0,6.80128303447162,0,0,1,0,3,1,4,5,Typ,0,,,42.0,,1,288,,,Y,64,0,0,0,0,0,,,,0,6,WD,Normal,0,1,1,0,1,1,1,1,1,1,1,1,0,1,1,1,1,1,1
9,RL,,9.943127273958241,Pave,,Reg,Lvl,AllPub,Corner,Gtl,NAmes,Norm,Norm,1Fam,1Story,5,5,42,42,Gable,CompShg,HdBoard,HdBoard,,65.0,3,3,CBlock,,,,,340,,0,524,864,GasA,3,Y,,6.79346613258001,0,0,6.79346613258001,0,0,1,0,3,1,3,5,Typ,0,,,42.0,,1,264,,,Y,0,0,0,0,0,0,,,,0,10,WD,Normal,1,1,1,0,1,1,1,1,1,1,1,1,0,1,1,1,1,1,1
2,C (all),4.0943445622221,9.620654483038743,Pave,,Reg,Lvl,AllPub,Corner,Gtl,OldTown,Norm,Norm,2fmCon,2.5Unf,6,6,97,9,Hip,CompShg,MetalSd,MetalSd,,0.0,3,3,BrkTil,,,,,1046,,0,168,1214,GasW,5,N,,7.138866999945524,1031,0,7.736743682453495,0,1,2,0,4,2,3,9,Typ,1,,,107.0,,2,506,,,Y,0,0,0,0,1,0,,,,0,11,WD,Normal,0,1,1,0,1,1,1,1,1,1,1,1,0,1,1,1,1,1,1
10,RM,4.499809670330265,9.758683436576483,Pave,,Reg,Lvl,AllPub,Corner,Gtl,OldTown,Norm,Norm,1Fam,2.5Unf,5,5,111,44,Hip,CompShg,AsbShng,AsbShng,,0.0,3,3,PConc,,,,,0,,0,849,849,GasA,3,N,,6.980075940561763,1063,0,7.6676260915849905,0,0,2,0,2,3,3,11,Typ,0,,,99.0,,2,360,,,N,40,156,0,0,0,0,,,,0,11,WD,Normal,0,1,1,0,1,1,1,1,1,1,1,1,0,1,1,1,1,1,1
12,RL,4.605170185988092,10.10129016404232,Pave,,IR1,Lvl,AllPub,Corner,Gtl,Gilbert,Norm,Norm,1Fam,2Story,6,5,11,10,Gable,CompShg,VinylSd,VinylSd,,0.0,3,3,PConc,,,,,0,,0,926,926,GasA,5,Y,,6.8308742346461795,678,0,7.38025578842646,0,0,2,1,3,1,3,7,Typ,1,,,11.0,,2,470,,,Y,0,36,0,0,0,0,,,,0,7,WD,Normal,0,1,1,0,1,1,1,1,1,1,1,1,0,1,1,1,1,1,1
12,RL,5.123963979403259,11.00774589888605,Pave,,IR3,HLS,AllPub,CulDSac,Gtl,Gilbert,Norm,Norm,1Fam,2Story,7,5,0,0,Gable,CompShg,VinylSd,VinylSd,,0.0,4,3,PConc,,,,,0,,0,868,868,GasA,5,Y,,6.787844982309579,1134,0,7.611347717403621,0,0,2,1,3,1,4,9,Typ,1,,,0.0,,2,422,,,Y,0,100,0,0,0,0,,,,0,9,New,Partial,0,1,1,0,1,1,1,1,1,1,1,1,0,1,1,1,1,1,1
9,RL,,9.908238757791791,Pave,,IR1,Lvl,AllPub,CulDSac,Gtl,CollgCr,Norm,Norm,1Fam,1Story,5,6,33,28,Hip,CompShg,VinylSd,VinylSd,,0.0,3,3,CBlock,,,,,280,,1,167,938,GasA,3,Y,,6.843749949006225,0,0,6.843749949006225,1,0,1,0,3,1,3,5,Typ,0,,,31.0,,1,308,,,Y,145,0,0,0,0,0,,,,0,7,WD,Normal,1,1,1,0,1,1,1,1,1,1,1,1,0,1,1,1,1,1,1
5,RL,4.007333185232471,9.690437481899396,Pave,,Reg,Lvl,AllPub,Corner,Gtl,Crawfor,Norm,Norm,1Fam,1.5Fin,7,8,89,9,Gable,CompShg,Wd Sdng,Wd Sdng,,0.0,4,3,BrkTil,,,,,0,,0,912,912,GasA,4,Y,,6.815639990074331,514,0,7.262628600974241,0,0,1,1,3,1,4,7,Typ,1,,,82.0,,1,216,,,Y,0,240,0,0,0,0,,,,0,6,WD,Normal,0,1,1,0,1,1,1,1,1,1,1,1,0,1,1,1,1,1,1
3,RL,4.553876891600541,10.155116768110078,Pave,,Reg,Lvl,AllPub,Corner,Gtl,NAmes,Feedr,Norm,Duplex,2Story,5,5,59,57,Gable,Roll,AsbShng,AsbShng,,567.0,3,3,CBlock,,,,,220,,0,708,928,GasA,4,Y,,6.833031732786201,992,0,7.560080465021827,0,0,2,0,4,2,3,10,Typ,0,,,59.0,,2,400,,,Y,0,0,0,0,0,0,,,,0,7,WD,Normal,0,1,1,0,1,1,1,1,1,1,1,1,0,1,1,1,1,1,1
9,RL,,9.651153366869893,Pave,,IR1,Lvl,AllPub,Inside,Gtl,NAmes,Norm,Norm,1Fam,1Story,5,7,53,53,Hip,CompShg,Wd Sdng,Wd Sdng,,151.0,3,3,CBlock,,,,,902,,0,196,1098,GasA,3,Y,,7.001245622069476,0,0,7.001245622069476,1,0,1,0,3,1,3,6,Typ,0,,,53.0,,1,260,,,Y,0,0,0,0,0,0,,,,0,7,WD,Normal,1,1,1,0,1,1,1,1,1,1,1,1,0,1,1,1,1,1,1
0,RL,4.02535169073515,8.973228485556664,Pave,,IR1,Lvl,AllPub,Inside,Gtl,BrkSide,Norm,Norm,1Fam,1Story,3,6,73,5,Gable,CompShg,VinylSd,VinylSd,,0.0,4,3,CBlock,,,,,0,,0,270,270,GasA,4,Y,,6.591673732008658,0,0,6.591673732008658,0,0,1,0,2,1,3,5,Maj2,0,,,,,0,0,,,N,0,0,0,0,0,0,,,,0,7,WD,Normal,0,1,1,0,1,1,1,1,1,1,1,1,1,1,1,1,1,1,1
9,RL,4.382026634673881,10.088383044167454,Pave,,IR1,Lvl,AllPub,Inside,Gtl,NAmes,Norm,Norm,1Fam,1Story,6,6,49,49,Hip,CompShg,HdBoard,HdBoard,,243.0,4,3,CBlock,,,,,0,,0,1252,1252,GasA,5,Y,,7.132497551660044,0,0,7.132497551660044,0,0,1,0,3,1,4,7,Typ,0,,,48.0,,2,528,,,Y,0,39,0,0,0,0,,,,0,10,WD,Normal,0,1,1,0,1,1,1,1,1,1,1,1,0,1,1,1,1,1,1
3,RL,4.174387269895637,9.875065415392523,Pave,,Reg,Lvl,AllPub,Inside,Gtl,NAmes,Norm,Norm,Duplex,1Story,5,5,42,42,Gable,CompShg,Plywood,Plywood,,0.0,3,3,CBlock,,,,,0,,0,1584,1584,GasA,3,Y,,7.367708572374371,0,0,7.367708572374371,0,0,2,0,4,2,3,8,Mod,0,,,42.0,,3,792,,,Y,0,152,0,0,0,0,,,,0,4,WD,Normal,0,1,1,0,1,1,1,1,1,1,1,1,0,1,1,1,1,1,1
9,RL,4.31748811353631,10.452431692891741,Pave,,IR1,Lvl,AllPub,Inside,Gtl,Somerst,Norm,Norm,1Fam,1Story,9,5,0,0,Gable,CompShg,VinylSd,VinylSd,,284.0,4,3,PConc,,,,,0,,0,1498,1498,GasA,5,Y,,7.317212408359839,0,0,7.317212408359839,0,0,2,0,2,1,5,6,Typ,1,,,0.0,,2,592,,,Y,0,174,0,0,0,0,,,,0,8,New,Partial,0,1,1,0,1,1,1,1,1,1,1,1,0,1,1,1,1,1,1
11,FV,3.912023005428146,9.222534828615156,Pave,,IR1,Lvl,AllPub,CulDSac,Gtl,Somerst,Norm,Norm,TwnhsE,1Story,9,5,9,8,Gable,CompShg,MetalSd,MetalSd,,60.0,4,3,PConc,,,,,1238,,0,460,1698,GasA,5,Y,,7.443663683115591,0,0,7.443663683115591,1,0,2,0,2,1,4,5,Typ,1,,,9.0,,2,506,,,Y,97,65,0,0,0,0,,,,0,1,CWD,Abnorml,0,1,1,0,1,1,1,1,1,1,1,1,0,1,1,1,1,1,1
9,RL,4.23410650459726,10.473619072970871,Pave,,IR1,Lvl,AllPub,Inside,Gtl,NAmes,Norm,Norm,1Fam,1Story,5,5,49,49,Gable,CompShg,Wd Sdng,Wd Sdng,,0.0,3,3,CBlock,,,,,895,,0,197,1092,GasA,3,Y,,6.9957661563048505,0,0,6.9957661563048505,1,0,1,0,2,1,3,6,Typ,1,,,49.0,,1,299,,,Y,268,0,0,0,1,0,,,,0,5,WD,Normal,0,1,1,0,1,1,1,1,1,1,1,1,0,1,1,1,1,1,1
9,RL,3.7376696182833684,10.47696844194231,Pave,,IR1,HLS,AllPub,CulDSac,Gtl,Gilbert,Norm,Norm,1Fam,1Story,9,5,3,2,Gable,CompShg,VinylSd,VinylSd,,160.0,5,3,PConc,,,,,1320,,0,426,1746,GasA,5,Y,,7.465082736399547,0,0,7.465082736399547,1,0,2,0,3,1,5,7,Typ,2,,,3.0,,3,758,,,Y,201,39,0,0,0,0,,,,0,10,WD,Normal,0,1,1,0,1,1,1,1,1,1,1,1,0,1,1,1,1,1,1
5,RL,4.394449154672439,10.531541828505288,Pave,,Reg,Lvl,AllPub,Corner,Gtl,ClearCr,Norm,Norm,1Fam,1.5Fin,7,4,53,53,Gable,CompShg,BrkFace,AsbShng,,0.0,4,3,CBlock,,,,,603,,0,701,1304,GasW,3,Y,,7.1731917424865985,983,0,7.734996194022781,0,0,2,0,3,1,3,7,Typ,1,,,53.0,,2,667,,,Y,0,21,1,0,0,0,,,,0,7,WD,Normal,0,1,1,0,1,1,1,1,1,1,1,1,0,1,1,1,1,1,1
1,RL,4.007333185232471,10.07433465029176,Pave,,Reg,Lvl,AllPub,Inside,Gtl,Crawfor,Norm,Norm,1Fam,1.5Unf,5,5,81,57,Gable,CompShg,Wd Sdng,Wd Sdng,,0.0,3,3,BrkTil,,,,,0,,0,768,768,Grav,2,N,,6.670766320845874,0,0,6.670766320845874,0,0,1,0,2,1,3,5,Typ,0,,,81.0,,1,200,,,Y,0,0,1,0,0,0,,,,0,6,WD,Normal,0,1,1,0,1,1,1,1,1,1,1,1,0,1,1,1,1,1,1
9,RL,4.382026634673881,9.95829931831355,Pave,,Reg,Lvl,AllPub,Corner,Gtl,NAmes,Norm,Norm,1Fam,1Story,5,6,50,50,Gable,CompShg,MetalSd,MetalSd,,132.0,3,3,CBlock,,,,,991,,0,50,1041,GasA,5,Y,,6.947937068614969,0,0,6.947937068614969,1,0,1,0,3,1,3,6,Typ,0,,,50.0,,1,270,,,Y,224,88,0,0,0,0,,,,0,7,WD,Normal,0,1,1,0,1,1,1,1,1,1,1,1,0,1,1,1,1,1,1
12,RL,4.442651256490317,10.419811252705287,Pave,,Reg,Lvl,AllPub,Inside,Gtl,Timber,Norm,Norm,1Fam,2Story,8,5,8,8,Gable,CompShg,VinylSd,VinylSd,,0.0,4,3,PConc,,,,,0,,0,967,967,GasA,5,Y,,6.900730664045173,915,0,7.553810852008231,0,0,2,1,4,1,4,9,Typ,0,,,8.0,,2,431,,,Y,135,0,0,0,0,0,,,,0,4,WD,Normal,0,1,1,0,1,1,1,1,1,1,1,1,0,1,1,1,1,1,1
12,RL,,9.75403984950205,Pave,,IR1,Lvl,AllPub,Inside,Gtl,Gilbert,Norm,Norm,1Fam,2Story,6,5,7,7,Gable,CompShg,VinylSd,VinylSd,,0.0,4,3,PConc,,,,,0,,0,1010,1010,GasA,5,Y,,6.917705609835305,1257,0,7.726212650507529,0,0,2,1,4,1,4,8,Typ,1,,,7.0,,2,390,,,Y,120,46,0,0,0,0,,,,0,12,ConLI,Normal,1,1,1,0,1,1,1,1,1,1,1,1,0,1,1,1,1,1,1
0,RM,3.9318256327243257,9.430676920124982,Pave,,Reg,Lvl,AllPub,Corner,Gtl,BrkSide,Norm,Norm,1Fam,1Story,5,7,78,16,Gable,CompShg,Wd Sdng,Wd Sdng,,0.0,3,3,BrkTil,,,,,209,,0,506,715,GasA,3,Y,,6.774223886357614,0,0,6.774223886357614,1,0,1,0,2,1,3,5,Typ,0,,,78.0,,1,180,,,Y,48,0,0,0,0,0,,,,0,11,WD,Normal,0,1,1,0,1,1,1,1,1,1,1,1,0,1,1,1,1,1,1
9,RL,4.219507705176107,9.823788717362365,Pave,,Reg,Lvl,AllPub,Inside,Mod,Edwards,Norm,Norm,1Fam,1Story,5,6,53,8,Hip,CompShg,HdBoard,HdBoard,,145.0,3,3,CBlock,,,,,383,,0,833,1216,GasA,5,Y,,7.330405211844402,0,0,7.330405211844402,0,0,1,0,4,1,3,7,Min2,1,,,53.0,,1,364,,,Y,116,78,0,0,0,0,,,,0,5,WD,Normal,0,1,1,0,1,1,1,1,1,1,1,1,0,1,1,1,1,1,1
9,RL,,9.984846363716693,Pave,,IR1,Lvl,AllPub,Inside,Mod,Mitchel,Norm,Norm,1Fam,1Story,6,5,32,32,Gable,CompShg,Plywood,ImStucc,,0.0,3,3,PConc,,,,,1567,,0,0,1567,GasA,3,Y,,7.356918242356021,0,0,7.356918242356021,1,0,2,0,2,1,4,5,Typ,2,,,32.0,,2,714,,,Y,264,32,0,0,0,0,,,,0,5,WD,Normal,1,1,1,0,1,1,1,1,1,1,1,1,0,1,1,1,1,1,1
12,RL,4.672828834461906,10.394497977808905,Pave,,Reg,Lvl,AllPub,Inside,Gtl,NridgHt,Norm,Norm,1Fam,2Story,9,5,1,0,Hip,CompShg,VinylSd,VinylSd,,424.0,5,3,PConc,,,,,0,,0,1734,1734,GasA,5,Y,,7.458186157340487,1088,0,7.945201132412759,0,0,3,1,4,1,5,12,Typ,1,,,0.0,,3,1020,,,Y,52,170,0,0,1,0,,,,0,1,New,Partial,0,1,1,0,1,1,1,1,1,1,1,1,0,1,1,1,1,1,1
7,RM,4.0943445622221,9.95829931831355,Pave,,Reg,Lvl,AllPub,Inside,Gtl,OldTown,Norm,Norm,1Fam,2Story,7,9,80,3,Gambrel,CompShg,MetalSd,MetalSd,,0.0,3,5,BrkTil,,,,,141,,0,548,689,GasA,5,Y,,6.535241271013659,689,0,7.228388451573604,0,0,2,0,3,1,4,7,Typ,1,,,80.0,,2,360,,,N,0,0,1,0,0,0,,,,0,10,WD,Normal,0,1,1,0,1,1,1,1,1,1,1,1,0,1,1,1,1,1,1
5,RL,,10.270867446087582,Pave,,IR1,Lvl,AllPub,FR2,Gtl,NAmes,Feedr,Norm,1Fam,1.5Fin,4,4,89,2,Gable,CompShg,VinylSd,VinylSd,,0.0,3,4,BrkTil,,,,,0,,0,715,715,GasA,4,Y,,7.155396301896734,457,0,7.460490305825338,0,0,2,0,4,1,3,7,Typ,1,,,89.0,,1,368,,,Y,55,0,0,0,0,0,,,,0,6,WD,Normal,1,1,1,0,1,1,1,1,1,1,1,1,0,1,1,1,1,1,1
12,RL,4.574710978503383,10.009761816472166,Pave,,IR1,Lvl,AllPub,Corner,Gtl,ClearCr,Norm,Norm,1Fam,2Story,6,5,19,18,Gable,CompShg,Plywood,Plywood,,268.0,4,3,PConc,,,,,831,,0,320,1151,GasA,3,Y,,7.059617628291383,896,0,7.630461261783627,0,1,2,1,4,1,3,8,Typ,1,,,19.0,,2,521,,,Y,0,228,0,0,1,0,,,,0,9,WD,Normal,0,1,1,0,1,1,1,1,1,1,1,1,0,1,1,1,1,1,1
9,RL,4.31748811353631,9.882401061887073,Pave,,Reg,Lvl,AllPub,Inside,Gtl,NAmes,Norm,Norm,1Fam,1Story,5,5,52,52,Gable,CompShg,Wd Sdng,Wd Sdng,,0.0,3,3,CBlock,,,,,812,,0,124,936,GasA,3,Y,,7.028201432058005,0,0,7.028201432058005,0,0,1,0,2,1,3,5,Min1,0,,,52.0,,1,286,,,Y,0,0,0,0,0,0,,,,0,6,WD,Family,0,1,1,0,1,1,1,1,1,1,1,1,0,1,1,1,1,1,1
12,RL,4.127134385045092,9.779359054399645,Pave,,IR1,Lvl,AllPub,Inside,Gtl,Gilbert,Norm,Norm,1Fam,2Story,7,5,3,3,Gable,CompShg,VinylSd,VinylSd,,0.0,4,3,PConc,,,,,0,,0,840,840,GasA,5,Y,,6.733401891837359,880,0,7.450079569807499,0,0,2,1,3,1,4,7,Typ,1,,,3.0,,2,440,,,Y,100,48,0,0,0,0,,,,0,5,WD,Normal,0,1,1,0,1,1,1,1,1,1,1,1,0,1,1,1,1,1,1
9,RL,4.382026634673881,9.95829931831355,Pave,,Reg,Lvl,AllPub,Inside,Gtl,NAmes,Norm,Norm,1Fam,1Story,5,6,53,53,Hip,CompShg,MetalSd,MetalSd,,0.0,3,3,CBlock,,,,,504,,0,546,1050,GasA,4,Y,,6.956545443151569,0,0,6.956545443151569,0,0,1,0,2,1,3,5,Typ,0,,,53.0,,1,338,,,Y,0,0,0,0,0,0,,,,0,6,WD,Normal,0,1,1,0,1,1,1,1,1,1,1,1,0,1,1,1,1,1,1
9,RL,4.189654742026425,10.37766831075257,Pave,,Reg,Lvl,AllPub,Inside,Gtl,SawyerW,RRAe,Norm,1Fam,1Story,6,5,5,4,Gable,CompShg,VinylSd,VinylSd,,0.0,3,3,PConc,,,,,814,,0,300,1114,GasA,5,Y,,7.01571242048723,0,0,7.01571242048723,1,0,1,0,3,1,4,6,Typ,0,,,4.0,,2,576,,,Y,0,78,0,0,0,0,,,,0,7,WD,Normal,0,1,1,0,1,1,1,1,1,1,1,1,0,1,1,1,1,1,1
9,RL,4.23410650459726,9.878869845814867,Pave,,Reg,Lvl,AllPub,Inside,Gtl,NAmes,Norm,Norm,1Fam,1Story,5,7,48,15,Gable,CompShg,Plywood,Plywood,,85.0,3,3,CBlock,,,,,567,,1,413,1008,GasA,3,Y,,6.959398512133975,0,0,6.959398512133975,0,1,1,1,3,1,5,6,Typ,0,,,8.0,,2,750,,,Y,0,80,0,1,0,0,,,,0,7,WD,Abnorml,0,1,1,0,1,1,1,1,1,1,1,1,0,1,1,1,1,1,1
11,RL,3.713572066704308,9.177125590449789,Pave,,Reg,Lvl,AllPub,Inside,Gtl,StoneBr,Norm,Norm,TwnhsE,1Story,8,5,7,6,Gable,CompShg,CemntBd,CmentBd,,0.0,4,3,PConc,,,,,1153,,0,440,1593,GasA,5,Y,,7.373374309910049,0,0,7.373374309910049,1,0,1,1,0,1,5,5,Typ,1,,,7.0,,2,682,,,Y,0,120,0,0,1,0,,,,0,8,WD,Normal,0,1,1,0,1,1,1,1,1,1,1,1,0,1,1,1,1,1,1
9,RL,,10.047442720019514,Pave,,IR1,Lvl,AllPub,Corner,Gtl,NAmes,Norm,Norm,1Fam,1Story,5,5,40,40,Gable,CompShg,MetalSd,MetalSd,,196.0,3,3,CBlock,,,,,695,,0,519,1214,GasA,3,Y,,7.101675971619444,0,0,7.101675971619444,0,0,2,0,3,1,3,5,Typ,1,,,40.0,,1,318,,,Y,0,111,0,0,0,0,,,,0,7,WD,Normal,1,1,1,0,1,1,1,1,1,1,1,1,0,1,1,1,1,1,1
9,RL,4.0943445622221,9.51887321713622,Pave,,Reg,Lvl,AllPub,Inside,Gtl,Mitchel,Norm,Norm,1Fam,1Story,5,9,26,0,Gable,CompShg,VinylSd,VinylSd,,0.0,4,4,CBlock,,,,,641,,0,175,816,GasA,5,Y,,6.704414354964107,0,0,6.704414354964107,0,1,1,0,3,1,4,5,Typ,1,,,26.0,,1,264,,,Y,0,0,0,0,0,0,,,,0,10,WD,Normal,0,1,1,0,1,1,1,1,1,1,1,1,0,1,1,1,1,1,1
3,RL,4.1588830833596715,9.590689294342361,Pave,,Reg,Bnk,AllPub,Inside,Gtl,SawyerW,Norm,Norm,Duplex,1Story,5,5,30,30,Gable,CompShg,Plywood,Plywood,,0.0,3,3,Slab,,,,,0,,0,0,0,GasA,3,Y,,7.336285660021297,0,0,7.336285660021297,0,0,2,0,4,2,3,8,Typ,0,,,30.0,,2,400,,,Y,0,0,0,0,0,0,,,,0,6,WD,Alloca,0,1,1,0,1,1,1,1,1,1,1,1,0,1,1,1,1,1,1
10,RL,5.159055299214529,11.114089780843274,Pave,,Reg,Lvl,AllPub,Corner,Gtl,NAmes,Artery,Norm,1Fam,2Story,8,4,88,16,Gable,CompShg,Stucco,Stucco,,0.0,4,4,PConc,,,,,1036,,1,140,1360,GasA,4,Y,,7.215239978730097,1360,1,8.043020885298283,1,1,2,0,4,1,4,8,Typ,1,,,88.0,,2,795,,,Y,0,16,1,0,0,512,,,,0,3,WD,Abnorml,0,1,1,0,1,1,1,1,1,1,1,1,0,1,1,1,1,1,1
12,RL,4.787491742782046,10.532911187267608,Pave,,Reg,Lvl,AllPub,Inside,Gtl,CollgCr,Norm,Norm,1Fam,2Story,8,5,0,0,Gable,CompShg,VinylSd,VinylSd,,0.0,4,3,PConc,,,,,0,,0,1079,1079,GasA,5,Y,,6.983789965258135,840,0,7.5595594960077,0,0,2,1,3,1,4,8,Typ,1,,,0.0,,2,685,,,Y,0,51,0,0,0,0,,,,0,7,New,Partial,0,1,1,0,1,1,1,1,1,1,1,1,0,1,1,1,1,1,1
9,RL,4.718498871295094,10.103464124967825,Pave,,Reg,Lvl,AllPub,Corner,Gtl,CollgCr,Norm,Norm,1Fam,1Story,5,5,15,14,Gable,CompShg,VinylSd,VinylSd,,0.0,3,3,PConc,,,,,0,,0,1097,1097,GasA,5,Y,,7.00033446027523,0,0,7.00033446027523,0,0,1,1,3,1,3,6,Typ,0,,,14.0,,2,672,,,Y,392,64,0,0,0,0,,,,0,6,WD,Normal,0,1,1,0,1,1,1,1,1,1,1,1,0,1,1,1,1,1,1
5,RL,4.31748811353631,10.270394936424255,Pave,,IR1,Lvl,AllPub,Inside,Gtl,Mitchel,Norm,Norm,1Fam,1.5Fin,6,7,68,23,Gable,CompShg,VinylSd,VinylSd,,0.0,3,3,CBlock,,,,,660,,0,323,983,GasA,5,Y,,6.890609120147166,767,0,7.4673710669175595,1,0,2,0,4,1,3,7,Mod,0,,,19.0,,1,423,,,Y,245,0,1,0,0,0,,,,1,7,WD,Normal,0,1,1,0,1,1,1,1,1,1,1,1,0,1,1,1,1,1,1
4,RM,3.044522437723423,7.939120540700647,Pave,,Reg,Lvl,AllPub,Inside,Gtl,BrDale,Norm,Norm,Twnhs,2Story,6,5,34,34,Gable,CompShg,HdBoard,HdBoard,,297.0,3,3,CBlock,,,,,0,,0,483,483,GasA,3,Y,,6.180016653652572,504,0,6.894670039433482,0,0,1,1,2,1,3,5,Typ,1,,,34.0,,1,288,,,Y,0,0,0,0,0,0,,,,0,6,WD,Normal,0,1,1,0,1,1,1,1,1,1,1,1,0,1,1,1,1,1,1
9,RL,,10.067192341447916,Pave,,IR1,Lvl,AllPub,Corner,Gtl,NAmes,Norm,Norm,1Fam,1Story,6,5,36,36,Hip,CompShg,Plywood,Plywood,,0.0,3,3,CBlock,,,,,282,,1,664,981,GasA,3,Y,,6.8885724595653635,0,0,6.8885724595653635,1,0,1,1,3,1,3,5,Typ,0,,,28.0,,2,576,,,Y,0,312,1,0,0,0,,,,0,3,WD,Normal,1,1,1,0,1,1,1,1,1,1,1,1,0,1,1,1,1,1,1
9,RL,4.248495242049359,10.069652307506725,Pave,,IR1,Lvl,AllPub,Inside,Gtl,NAmes,Norm,Norm,1Fam,1Story,5,5,51,51,Hip,CompShg,BrkFace,BrkFace,,0.0,3,3,CBlock,,,,,1018,,0,380,1398,GasA,4,Y,,7.438383530044307,0,0,7.438383530044307,0,1,1,1,4,1,4,6,Typ,1,,,51.0,,2,447,,,Y,0,38,0,0,0,0,,,,0,4,WD,Normal,0,1,1,0,1,1,1,1,1,1,1,1,0,1,1,1,1,1,1
9,RL,4.290459441148391,9.604283430864225,Pave,,IR1,Lvl,AllPub,Corner,Gtl,NAmes,Norm,Norm,1Fam,1Story,5,7,49,49,Gable,CompShg,WdShing,Wd Shng,,0.0,3,3,CBlock,,,,,708,,0,108,816,GasA,3,Y,,6.704414354964107,0,0,6.704414354964107,1,0,1,0,2,1,3,5,Typ,0,,,49.0,,1,308,,,Y,0,0,0,0,0,0,,,,0,7,WD,Normal,0,1,1,0,1,1,1,1,1,1,1,1,0,1,1,1,1,1,1
12,RL,4.3694478524670215,10.262048261530925,Pave,,Reg,Lvl,AllPub,Inside,Gtl,CollgCr,Norm,Norm,1Fam,2Story,7,5,8,8,Gable,CompShg,VinylSd,VinylSd,,0.0,4,3,PConc,,,,,666,,0,278,944,GasA,5,Y,,6.8501261661455,896,0,7.517520850603031,1,0,2,1,3,1,4,6,Typ,0,,,8.0,,2,622,,,Y,0,45,0,0,0,0,,,,0,6,WD,Normal,0,1,1,0,1,1,1,1,1,1,1,1,0,1,1,1,1,1,1
4,RM,3.7376696182833684,8.925697649106699,Pave,,Reg,Lvl,AllPub,Inside,Gtl,MeadowV,Norm,Norm,TwnhsE,2Story,6,4,33,33,Gable,CompShg,CemntBd,CmentBd,,0.0,3,3,CBlock,,,,,837,,0,105,942,GasA,4,Y,,7.1631723908466425,1230,0,7.83241092718792,1,0,2,1,5,1,3,10,Maj1,1,,,33.0,,2,576,,,Y,728,20,0,0,0,0,,,,0,6,WD,Normal,0,1,1,0,1,1,1,1,1,1,1,1,0,1,1,1,1,1,1
9,RL,,9.84929911646029,Pave,,IR1,Lvl,AllPub,Inside,Gtl,NAmes,Norm,Norm,1Fam,1Story,5,6,39,39,Gable,CompShg,MetalSd,MetalSd,,76.0,3,3,CBlock,,,,,828,,0,174,1002,GasA,3,Y,,6.90975328164481,0,0,6.90975328164481,1,0,1,0,3,1,3,5,Typ,0,,,36.0,,2,902,,,Y,0,0,0,0,0,0,,,,0,8,WD,Normal,1,1,1,0,1,1,1,1,1,1,1,1,0,1,1,1,1,1,1
9,RH,4.0943445622221,9.801361141894677,Pave,,Reg,Lvl,AllPub,Inside,Gtl,SawyerW,Feedr,Norm,1Fam,1Story,4,4,59,59,Gable,CompShg,Wd Sdng,AsbShng,,0.0,2,2,CBlock,,,,,0,,0,721,721,GasA,4,Y,,6.734591659972948,0,0,6.734591659972948,0,0,1,0,2,1,3,4,Typ,0,,,59.0,,1,294,,,N,250,0,1,0,0,0,,,,0,9,WD,Normal,0,1,1,0,1,1,1,1,1,1,1,1,0,1,1,1,1,1,1
6,RL,4.290459441148391,9.891378225545381,Pave,,Reg,Lvl,AllPub,Inside,Gtl,SawyerW,Norm,Norm,1Fam,SFoyer,6,6,18,18,Gable,CompShg,HdBoard,HdBoard,,0.0,3,3,PConc,,,,,747,,0,189,936,GasA,5,Y,,6.903747257584598,0,0,6.903747257584598,1,0,1,0,2,1,4,5,Typ,0,,,18.0,,2,564,,,Y,120,0,0,0,0,0,,,,0,4,WD,Normal,0,1,1,0,1,1,1,1,1,1,1,1,0,1,1,1,1,1,1
9,RL,4.330733340286331,9.9571956607142,Pave,,Reg,Lvl,AllPub,Inside,Gtl,NridgHt,Norm,Norm,1Fam,1Story,8,5,5,4,Hip,CompShg,VinylSd,VinylSd,,262.0,4,3,PConc,,,,,1088,,0,625,1713,GasA,5,Y,,7.44600149832412,0,0,7.44600149832412,1,0,2,0,3,1,5,7,Typ,1,,,5.0,,3,856,,,Y,0,26,0,0,1,0,,,,0,1,WD,Normal,0,1,1,0,1,1,1,1,1,1,1,1,0,1,1,1,1,1,1
9,RL,4.867534450455582,10.166711865423787,Pave,,IR1,Lvl,AllPub,Corner,Gtl,Timber,Norm,Norm,1Fam,1Story,6,5,21,21,Gable,CompShg,HdBoard,HdBoard,,0.0,3,3,CBlock,,,,,1005,,0,387,1392,GasA,3,Y,,7.252762418053187,0,0,7.252762418053187,1,0,2,0,3,1,4,6,Typ,1,,,21.0,,2,576,,,Y,0,0,1,0,0,0,,,,0,3,WD,Normal,0,1,1,0,1,1,1,1,1,1,1,1,0,1,1,1,1,1,1
9,RM,4.499809670330265,9.653844570920894,Pave,,Reg,Lvl,AllPub,Inside,Gtl,OldTown,Artery,Norm,1Fam,1Story,6,7,53,14,Gable,CompShg,MetalSd,MetalSd,,0.0,3,3,CBlock,,,,,600,,0,312,912,GasA,3,Y,,7.119635638017636,0,0,7.119635638017636,1,0,1,0,2,1,3,6,Typ,0,,,53.0,,2,923,,,Y,0,158,1,0,0,0,,,,0,4,WD,Normal,0,1,1,0,1,1,1,1,1,1,1,1,0,1,1,1,1,1,1
9,RL,4.543294782270004,11.107809039702264,Pave,,Reg,HLS,AllPub,Inside,Mod,Mitchel,Norm,Norm,1Fam,1Story,4,5,44,44,Gable,CompShg,HdBoard,Plywood,,0.0,3,3,PConc,,,,,633,,0,431,1064,GasA,4,Y,,6.946975992135418,0,0,6.946975992135418,1,0,1,0,3,1,3,5,Typ,0,,,44.0,,2,648,,,Y,0,0,0,0,0,0,,,,0,1,WD,Normal,0,1,1,0,1,1,1,1,1,1,1,1,0,1,1,1,1,1,1
11,RL,3.6635616461296463,9.282368406262933,Pave,,IR1,Lvl,AllPub,Inside,Gtl,StoneBr,Norm,Norm,TwnhsE,1Story,8,5,15,14,Gable,CompShg,CemntBd,CmentBd,,0.0,4,3,PConc,,,,,1180,,0,415,1595,GasA,5,Y,,7.38770923908104,0,0,7.38770923908104,1,0,2,0,2,1,4,5,Typ,1,,,15.0,,2,608,,,Y,237,152,0,0,0,0,,,,0,3,WD,Normal,0,1,1,0,1,1,1,1,1,1,1,1,0,1,1,1,1,1,1
9,RL,4.465908118654584,10.121785591575863,Pave,,IR1,Lvl,AllPub,Corner,Gtl,NAmes,Norm,Norm,1Fam,1Story,6,8,50,6,Hip,CompShg,MetalSd,MetalSd,,0.0,5,3,CBlock,,,,,528,,1,245,1184,GasA,5,Y,,7.254177846456518,0,0,7.254177846456518,1,0,1,0,3,1,3,6,Min1,1,,,18.0,,2,601,,,Y,0,51,0,0,1,0,,,,0,5,WD,Normal,0,1,1,0,1,1,1,1,1,1,1,1,0,1,1,1,1,1,1
12,FV,4.189654742026425,9.652578878436874,Pave,,IR1,Lvl,AllPub,Inside,Gtl,Somerst,Norm,Norm,1Fam,2Story,7,5,10,9,Hip,CompShg,VinylSd,VinylSd,,1600.0,4,3,PConc,,,,,649,,0,326,975,GasA,5,Y,,6.882437470997847,975,0,7.575584651557793,0,0,2,1,3,1,4,7,Typ,1,,,10.0,,2,576,,,Y,0,10,0,0,1,0,,,,0,6,WD,Normal,0,1,1,0,1,1,1,1,1,1,1,1,0,1,1,1,1,1,1
9,RL,4.442651256490317,10.02967449395086,Pave,,Reg,Lvl,AllPub,Inside,Gtl,NAmes,Norm,Norm,1Fam,1Story,5,7,56,7,Gable,CompShg,Wd Sdng,Wd Sdng,,104.0,3,3,CBlock,,,,,320,,1,404,1086,GasA,4,Y,,6.990256500493881,0,0,6.990256500493881,1,0,1,0,3,1,3,6,Typ,0,,,21.0,,2,490,,,Y,0,0,0,0,0,0,,,,0,5,WD,Normal,0,1,1,0,1,1,1,1,1,1,1,1,0,1,1,1,1,1,1
7,RL,4.969813299576001,10.907451489164078,Pave,,Reg,Lvl,AllPub,Inside,Gtl,BrkSide,Norm,Norm,1Fam,2Story,5,6,86,5,Gable,CompShg,Wd Sdng,Wd Sdng,,0.0,3,3,CBlock,,,,,1309,,0,15,1324,GasA,5,Y,,6.977281341630747,504,0,7.362645270417825,2,0,1,1,3,1,4,6,Typ,1,,,86.0,,2,528,,,Y,0,312,0,0,0,0,,,,0,5,WD,Normal,0,1,1,0,1,1,1,1,1,1,1,1,0,1,1,1,1,1,1
6,RL,3.9889840465642745,9.627787119695244,Pave,,Reg,Lvl,AllPub,Inside,Gtl,Mitchel,Norm,Norm,1Fam,SFoyer,5,7,37,37,Gable,CompShg,VinylSd,VinylSd,,0.0,3,4,CBlock,,,,,619,,0,149,768,GasA,5,Y,,6.643789733147672,0,0,6.643789733147672,1,0,1,0,2,1,3,5,Typ,0,,,20.0,,2,624,,,Y,104,0,0,0,0,0,,,,0,4,WD,Normal,0,1,1,0,1,1,1,1,1,1,1,1,0,1,1,1,1,1,1
9,RL,4.356708826689592,9.928514772135475,Pave,,Reg,Lvl,AllPub,Inside,Gtl,NWAmes,Norm,Norm,1Fam,1Story,6,7,38,4,Hip,CompShg,Plywood,Plywood,,0.0,3,3,CBlock,,,,,982,,0,179,1161,GasA,3,Y,,7.2305631534092925,0,0,7.2305631534092925,1,0,1,1,3,1,4,5,Typ,1,,,38.0,,2,676,,,Y,0,0,0,0,0,0,,,,0,3,WD,Normal,0,1,1,0,1,1,1,1,1,1,1,1,0,1,1,1,1,1,1
12,RL,,9.930398163416182,Pave,,Reg,Lvl,AllPub,Inside,Gtl,CollgCr,Norm,Norm,1Fam,2Story,8,5,5,5,Gable,CompShg,VinylSd,VinylSd,,149.0,4,3,PConc,,,,,0,,0,1284,1284,GasA,5,Y,,7.157735484249907,885,0,7.682021510826875,0,0,2,1,3,1,4,7,Typ,1,,,5.0,,2,647,,,Y,192,87,0,0,0,0,,,,0,8,WD,Normal,1,1,1,0,1,1,1,1,1,1,1,1,0,1,1,1,1,1,1
9,RL,,9.523645239102432,Pave,,IR1,Lvl,AllPub,Corner,Gtl,BrkSide,Feedr,Norm,1Fam,1Story,3,6,59,58,Hip,CompShg,VinylSd,VinylSd,,0.0,3,3,CBlock,,,,,0,,0,0,0,Floor,3,N,,6.579251212010101,0,0,6.579251212010101,0,0,1,0,2,1,3,4,Typ,0,,,53.0,,1,287,,,Y,0,0,0,0,0,0,,,,0,7,WD,Normal,1,1,1,0,1,1,1,1,1,1,1,1,0,1,1,1,1,1,1
5,RM,4.0943445622221,10.05707600015292,Pave,,Reg,Lvl,AllPub,Corner,Gtl,OldTown,Norm,Norm,1Fam,1.5Fin,6,7,88,58,Gable,CompShg,BrkFace,Wd Sdng,,0.0,4,4,BrkTil,,,,,493,,0,1017,1510,GasW,5,Y,,7.367708572374371,1208,0,7.934513463882263,0,0,2,0,5,1,3,8,Mod,2,,,88.0,,2,520,,,Y,0,547,0,0,1,0,,,,1,6,WD,Normal,0,1,1,0,1,1,1,1,1,1,1,1,0,1,1,1,1,1,1
9,RM,4.0943445622221,9.407566278407877,Pave,,Reg,Bnk,AllPub,Inside,Mod,OldTown,Norm,Norm,2fmCon,1Story,4,4,56,56,Gable,CompShg,MetalSd,MetalSd,,0.0,2,3,CBlock,,,,,0,,0,936,936,GasA,3,N,,6.841615476477592,0,0,6.841615476477592,0,0,1,0,2,1,3,4,Min2,0,,,35.0,,2,576,,,Y,0,32,1,0,0,0,,,,0,2,WD,Normal,0,1,1,0,1,1,1,1,1,1,1,1,0,1,1,1,1,1,1
6,RL,4.499809670330265,10.007764002093138,Pave,,Reg,Lvl,AllPub,Inside,Gtl,Edwards,Norm,Norm,1Fam,SFoyer,4,5,36,36,Gable,CompShg,Plywood,Plywood,,0.0,3,3,CBlock,,,,,920,,1,38,1138,GasA,3,Y,,7.074116816197362,0,0,7.074116816197362,1,0,2,0,3,1,3,6,Typ,0,,,34.0,,2,588,,,Y,0,0,1,0,0,0,,,,0,4,WD,Normal,0,1,1,0,1,1,1,1,1,1,1,1,0,1,1,1,1,1,1
9,RL,4.418840607796598,9.988437577047044,Pave,,Reg,Lvl,AllPub,Inside,Gtl,Somerst,Norm,Norm,1Fam,1Story,7,6,0,0,Hip,CompShg,VinylSd,VinylSd,,0.0,4,3,PConc,,,,,0,,0,1689,1689,GasA,5,Y,,7.4318919168078,0,0,7.4318919168078,0,0,2,0,3,1,4,7,Typ,0,,,0.0,,3,954,,,Y,0,56,0,0,0,0,,,,0,6,New,Partial,0,1,1,0,1,1,1,1,1,1,1,1,0,1,1,1,1,1,1
9,RL,4.0943445622221,9.771647568838112,Pave,,Reg,Lvl,AllPub,Inside,Gtl,Edwards,Norm,Norm,1Fam,1Story,4,6,53,53,Hip,CompShg,Wd Sdng,Wd Sdng,,0.0,3,3,CBlock,,,,,732,,0,216,948,GasA,5,Y,,6.854354502255021,0,0,6.854354502255021,1,0,1,0,3,1,3,5,Typ,1,,,51.0,,1,280,,,Y,0,36,0,0,0,0,,,,0,10,WD,Normal,0,1,1,0,1,1,1,1,1,1,1,1,0,1,1,1,1,1,1
4,FV,,8.203319920179819,Pave,,Reg,Lvl,AllPub,Inside,Gtl,Somerst,Norm,Norm,TwnhsE,2Story,6,5,7,7,Gable,CompShg,MetalSd,MetalSd,,513.0,4,3,PConc,,,,,420,,0,336,756,GasA,5,Y,,6.628041376179533,756,0,7.321188556739478,0,0,2,1,2,1,4,4,Typ,1,,,7.0,,2,440,,,Y,0,32,0,0,0,0,,,,0,6,WD,Normal,1,1,1,0,1,1,1,1,1,1,1,1,0,1,1,1,1,1,1
9,RL,4.6913478822291435,9.845803340122702,Pave,,Reg,Lvl,AllPub,Inside,Gtl,Sawyer,Norm,Norm,1Fam,1Story,5,5,39,39,Gable,CompShg,VinylSd,VinylSd,,0.0,3,3,CBlock,,,,,492,,0,402,894,GasA,4,Y,,6.795705775173514,0,0,6.795705775173514,0,0,1,0,3,1,3,5,Typ,1,,,39.0,,2,450,,,Y,0,0,0,0,0,0,,,,0,5,WD,Normal,0,1,1,0,1,1,1,1,1,1,1,1,0,1,1,1,1,1,1
12,FV,4.276666119016055,9.834438950595139,Pave,,Reg,Lvl,AllPub,Inside,Gtl,Somerst,Norm,Norm,1Fam,2Story,7,5,0,0,Gable,CompShg,VinylSd,VinylSd,,0.0,3,3,PConc,,,,,822,,0,78,900,GasA,5,Y,,6.837332814685591,920,0,7.524021415206125,1,0,2,1,3,1,4,7,Typ,1,,,0.0,,2,644,,,Y,168,108,0,0,0,0,,,,0,7,New,Partial,0,1,1,0,1,1,1,1,1,1,1,1,0,1,1,1,1,1,1
9,RL,,10.171134002754286,Pave,,IR1,Lvl,AllPub,CulDSac,Gtl,Edwards,Norm,Norm,1Fam,1Story,4,3,52,52,Gable,CompShg,Wd Sdng,Wd Sdng,,0.0,3,4,Slab,,,,,0,,0,0,0,GasA,5,N,,6.739336627357174,0,0,6.739336627357174,0,0,1,0,3,1,3,5,Typ,0,,,52.0,,1,290,,,N,186,0,0,0,0,0,,,,0,1,WD,Normal,1,1,1,0,1,1,1,1,1,1,1,1,0,1,1,1,1,1,1
0,RH,4.248495242049359,9.011878457366196,Pave,,Reg,Bnk,AllPub,Inside,Mod,Edwards,Norm,Norm,1Fam,1Story,3,6,76,1,Gable,CompShg,MetalSd,MetalSd,,0.0,3,3,BrkTil,,,,,544,,0,0,544,GasA,5,Y,,6.651571873589727,0,0,6.651571873589727,0,0,1,0,3,1,4,6,Typ,0,,,,,0,0,,,Y,0,0,1,0,0,0,,,,0,5,WD,Normal,0,1,1,0,1,1,1,1,1,1,1,1,1,1,1,1,1,1,1
5,RL,4.02535169073515,10.463192695314358,Pave,,IR1,Lvl,AllPub,CulDSac,Gtl,NoRidge,Norm,Norm,1Fam,1.5Fin,8,5,15,14,Hip,CompShg,VinylSd,VinylSd,,579.0,4,3,PConc,,,,,816,,0,1217,2033,GasA,5,Y,,7.627057417018934,1185,0,8.08271113423758,1,0,2,1,4,1,4,9,Typ,1,,,14.0,,3,666,,,Y,283,86,0,0,0,0,,,,0,3,WD,Normal,0,1,1,0,1,1,1,1,1,1,1,1,0,1,1,1,1,1,1
9,RL,4.1588830833596715,9.639047271970744,Pave,,Reg,Lvl,AllPub,Inside,Gtl,CollgCr,Norm,Norm,1Fam,1Story,7,5,2,2,Gable,CompShg,VinylSd,VinylSd,,82.0,4,3,PConc,,,,,724,,0,508,1232,GasA,5,Y,,7.116394144093465,0,0,7.116394144093465,1,0,2,0,2,1,4,6,Typ,0,,,2.0,,2,632,,,Y,132,0,0,0,0,0,,,,0,2,WD,Normal,0,1,1,0,1,1,1,1,1,1,1,1,0,1,1,1,1,1,1
9,RL,4.382026634673881,9.95829931831355,Pave,,Reg,Lvl,AllPub,Inside,Gtl,NWAmes,Norm,Norm,1Fam,1Story,7,5,37,37,Hip,CompShg,HdBoard,HdBoard,,168.0,3,3,CBlock,,,,,0,,0,1164,1164,GasA,3,Y,,7.059617628291383,0,0,7.059617628291383,0,0,1,1,3,1,3,6,Typ,0,,,37.0,,2,528,,,Y,0,0,0,0,0,0,,,,0,7,COD,Normal,0,1,1,0,1,1,1,1,1,1,1,1,0,1,1,1,1,1,1
5,RM,3.9512437185814275,9.938400853652723,Pave,,Reg,Lvl,AllPub,Inside,Gtl,OldTown,Norm,Norm,1Fam,1.5Fin,5,5,77,57,Gable,CompShg,Wd Sdng,Wd Sdng,,0.0,3,3,CBlock,,,,,324,,0,588,912,GasA,4,Y,,6.815639990074331,336,0,7.129297548929373,0,0,1,0,2,1,3,6,Typ,0,,,50.0,,1,160,,,Y,0,0,1,0,0,0,,,,0,3,WD,Normal,0,1,1,0,1,1,1,1,1,1,1,1,0,1,1,1,1,1,1
9,RL,,12.09219780130497,Pave,,IR1,Bnk,AllPub,Inside,Sev,Timber,Norm,Norm,1Fam,1Story,5,5,62,60,Gable,CompShg,Wd Sdng,Wd Sdng,,0.0,3,3,CBlock,,,,,353,,1,60,747,GasA,3,Y,,7.430707082545968,0,0,7.430707082545968,1,0,1,0,3,1,3,7,Min1,2,,,44.0,,2,572,,,N,0,0,1,0,0,0,,,,0,6,WD,Normal,1,1,1,0,1,1,1,1,1,1,1,1,0,1,1,1,1,1,1
12,RL,,9.722064964498868,Pave,,Reg,Lvl,AllPub,Inside,Gtl,Gilbert,Norm,Norm,1Fam,2Story,6,5,8,8,Gable,CompShg,VinylSd,VinylSd,,,4,3,PConc,,,,,625,,0,235,860,GasA,5,Y,,6.756932389247553,1100,0,7.580699752224563,1,0,2,1,4,1,4,8,Typ,2,,,8.0,,2,440,,,Y,288,48,0,0,0,0,,,,0,5,WD,Normal,1,1,1,1,1,1,1,1,1,1,1,1,0,1,1,1,1,1,1
4,RM,3.044522437723423,8.256194792892524,Pave,,Reg,Lvl,AllPub,Inside,Gtl,MeadowV,Norm,Norm,TwnhsE,2Story,4,4,39,39,Gable,CompShg,CemntBd,CmentBd,,0.0,3,3,CBlock,,,,,273,,1,0,546,GasA,3,Y,,6.302618975744905,546,0,6.9957661563048505,0,0,1,1,3,1,3,6,Typ,0,,,39.0,,1,286,,,Y,238,0,0,0,0,0,,,,0,8,WD,Normal,0,1,1,0,1,1,1,1,1,1,1,1,0,1,1,1,1,1,1
9,RL,4.219507705176107,9.939770947029674,Pave,,Reg,Bnk,AllPub,Inside,Mod,Edwards,Norm,Norm,1Fam,1Story,4,5,53,53,Gable,CompShg,MetalSd,MetalSd,,0.0,3,3,CBlock,,,,,552,,0,342,894,GasA,5,Y,,6.795705775173514,0,0,6.795705775173514,0,0,1,0,3,1,3,5,Typ,0,,,8.0,,2,400,,,Y,0,0,0,0,0,0,,,,0,5,WD,Abnorml,0,1,1,0,1,1,1,1,1,1,1,1,0,1,1,1,1,1,1
9,RL,4.276666119016055,10.082208733248983,Pave,,IR1,Lvl,AllPub,Inside,Gtl,CollgCr,Norm,Norm,1Fam,1Story,7,5,4,4,Gable,CompShg,VinylSd,VinylSd,,167.0,4,3,PConc,,,,,1013,,0,440,1453,GasA,5,Y,,7.2991214627108,0,0,7.2991214627108,1,0,2,0,3,1,4,7,Typ,0,,,4.0,,2,558,,,Y,144,29,0,0,0,0,,,,0,6,WD,Normal,0,1,1,0,1,1,1,1,1,1,1,1,0,1,1,1,1,1,1
9,RL,,9.779643711355913,Pave,,IR1,Lvl,AllPub,Inside,Gtl,Sawyer,Norm,Norm,1Fam,1Story,5,8,42,9,Gable,CompShg,Plywood,Plywood,,0.0,3,4,CBlock,,,,,188,,1,204,1060,GasA,5,Y,,6.966024187106113,0,0,6.966024187106113,1,0,1,0,3,1,4,6,Typ,1,,,42.0,,1,270,,,Y,406,90,0,0,0,0,,,,0,5,WD,Normal,1,1,1,0,1,1,1,1,1,1,1,1,0,1,1,1,1,1,1
9,RL,4.174387269895637,9.8083282321743,Pave,,Reg,Lvl,AllPub,Inside,Gtl,CollgCr,Norm,Norm,1Fam,1Story,7,5,4,4,Gable,CompShg,VinylSd,VinylSd,,266.0,4,3,PConc,,,,,946,,0,490,1436,GasA,5,Y,,7.269616749608169,0,0,7.269616749608169,1,0,2,0,3,1,4,8,Typ,0,,,4.0,,2,484,,,Y,139,98,0,0,0,0,,,,0,4,WD,Normal,0,1,1,0,1,1,1,1,1,1,1,1,0,1,1,1,1,1,1
9,C (all),4.189654742026425,9.844186452380967,Grvl,,Reg,Bnk,AllPub,Inside,Mod,IDOTRR,Norm,Norm,1Fam,1Story,5,5,58,58,Hip,CompShg,Wd Sdng,Wd Sdng,,0.0,2,3,CBlock,,,,,0,,0,540,540,GasA,3,N,,6.950814768442584,0,0,6.950814768442584,0,0,1,0,2,1,2,4,Typ,0,,,58.0,,2,504,,,N,0,0,0,0,0,0,,,,1,6,WD,Alloca,0,1,1,0,1,1,1,1,1,1,1,1,0,1,1,1,1,1,1
10,RM,4.0943445622221,10.09703958498912,Pave,,Reg,Lvl,AllPub,Inside,Gtl,OldTown,Norm,Norm,1Fam,2.5Unf,7,7,92,36,Gable,CompShg,Wd Sdng,Wd Sdng,,0.0,3,3,BrkTil,,,,,390,,0,490,880,GasW,2,N,,6.779921907472252,888,0,7.477604243197589,0,0,1,1,2,1,3,6,Typ,2,,,92.0,,2,320,,,N,0,341,0,0,0,0,,,,0,10,WD,Normal,0,1,1,0,1,1,1,1,1,1,1,1,0,1,1,1,1,1,1
0,RM,,9.385979225552271,Pave,,Reg,Lvl,AllPub,Corner,Gtl,IDOTRR,Norm,Norm,1Fam,1Story,6,8,78,1,Gable,CompShg,Wd Sdng,Wd Sdng,,0.0,4,4,BrkTil,,,,,538,,0,278,816,GasA,5,Y,,6.704414354964107,0,0,6.704414354964107,0,0,1,0,2,1,3,5,Typ,0,,,6.0,,1,432,,,Y,0,0,1,0,0,0,,,,0,6,WD,Normal,1,1,1,0,1,1,1,1,1,1,1,1,0,1,1,1,1,1,1
8,RL,,9.706885480501949,Pave,,IR1,Lvl,AllPub,Inside,Gtl,Gilbert,Norm,Norm,1Fam,SLvl,7,5,10,10,Gable,CompShg,VinylSd,VinylSd,,0.0,3,3,PConc,,,,,250,,0,134,384,GasA,5,Y,,6.651571873589727,656,0,7.265429723253953,0,0,2,1,3,1,3,7,Typ,1,,,10.0,,2,400,,,Y,180,0,0,0,0,0,,,,0,4,WD,Normal,1,1,1,0,1,1,1,1,1,1,1,1,0,1,1,1,1,1,1
9,RL,,10.086952549862975,Pave,,IR1,Lvl,AllPub,Inside,Gtl,ClearCr,Norm,Norm,1Fam,1Story,5,5,54,16,Hip,CompShg,Wd Sdng,Wd Sdng,,0.0,4,3,CBlock,,,,,379,,1,470,1617,GasA,5,Y,,7.532088143541722,0,0,7.532088143541722,1,0,1,0,2,1,3,7,Typ,3,,,54.0,,1,303,,,Y,476,0,0,0,1,0,,,,0,11,COD,Normal,1,1,1,0,1,1,1,1,1,1,1,1,0,1,1,1,1,1,1
11,RL,3.970291913552122,8.949129679215268,Pave,,Reg,Lvl,AllPub,Inside,Gtl,Blmngtn,Norm,Norm,TwnhsE,1Story,7,5,0,0,Hip,CompShg,VinylSd,VinylSd,,45.0,4,3,PConc,,,,,1070,,0,286,1356,GasA,5,Y,,7.313220387090301,0,0,7.313220387090301,1,0,2,0,2,1,4,6,Typ,1,,,0.0,,3,648,,,Y,161,20,0,0,0,0,,,,0,10,New,Partial,0,1,1,0,1,1,1,1,1,1,1,1,0,1,1,1,1,1,1
9,RL,,10.268976293540552,Pave,,IR1,Lvl,AllPub,Inside,Gtl,NAmes,Norm,Norm,1Fam,1Story,4,5,48,48,Gable,CompShg,Wd Sdng,Wd Sdng,,0.0,3,3,PConc,,,,,419,,1,375,1100,GasA,3,Y,,7.003065458786462,0,0,7.003065458786462,1,0,1,0,3,1,3,6,Typ,1,,,48.0,,1,312,,,Y,355,0,0,0,0,0,,,,0,4,WD,Normal,1,1,1,0,1,1,1,1,1,1,1,1,0,1,1,1,1,1,1
9,RL,4.330733340286331,9.789281919443406,Pave,,Reg,Lvl,AllPub,Corner,Gtl,Mitchel,Norm,Norm,1Fam,1Story,5,7,25,25,Gable,CompShg,HdBoard,ImStucc,,0.0,3,3,CBlock,,,,,546,,0,270,816,GasA,3,Y,,6.704414354964107,0,0,6.704414354964107,0,0,1,0,2,1,3,5,Typ,0,,,25.0,,1,264,,,Y,168,0,0,0,0,0,,,,0,6,WD,Normal,0,1,1,0,1,1,1,1,1,1,1,1,0,1,1,1,1,1,1
9,RL,4.74493212836325,10.627498772464312,Pave,,Reg,Lvl,AllPub,Inside,Gtl,Timber,Norm,Norm,1Fam,1Story,5,6,48,48,Gable,CompShg,VinylSd,VinylSd,,0.0,3,4,CBlock,,,,,967,,0,383,1350,GasA,4,Y,,7.191429330036379,0,0,7.191429330036379,0,1,1,1,2,1,3,5,Typ,2,,,48.0,,1,308,,,P,0,104,0,0,0,0,,,,0,7,WD,Normal,0,1,1,0,1,1,1,1,1,1,1,1,0,1,1,1,1,1,1
12,RL,4.574710978503383,10.35875727073103,Pave,,IR1,Lvl,AllPub,Corner,Gtl,NridgHt,Norm,Norm,1Fam,2Story,10,5,1,1,Gable,CompShg,CemntBd,CmentBd,,420.0,5,3,PConc,,,,,1338,,0,384,1722,GasA,5,Y,,7.454719949364001,568,0,7.738923757439457,1,0,2,1,3,1,5,10,Typ,1,,,1.0,,3,842,,,Y,382,274,0,0,0,0,,,,0,6,ConLI,Normal,0,1,1,0,1,1,1,1,1,1,1,1,0,1,1,1,1,1,1
9,RL,4.0943445622221,9.769065973000298,Pave,,Reg,Lvl,AllPub,Inside,Gtl,Edwards,Norm,Norm,1Fam,1Story,5,7,51,16,Hip,CompShg,WdShing,Plywood,,0.0,3,3,CBlock,,,,,167,,0,697,864,GasA,3,Y,,6.761572768804055,0,0,6.761572768804055,1,0,1,0,2,1,3,5,Typ,0,,,49.0,,2,572,,,N,0,0,0,0,0,0,,,,0,4,WD,Normal,0,1,1,0,1,1,1,1,1,1,1,1,0,1,1,1,1,1,1
9,FV,4.127134385045092,9.668460516349608,Pave,,Reg,Lvl,AllPub,Inside,Gtl,Somerst,Norm,Norm,1Fam,1Story,7,5,1,1,Gable,CompShg,VinylSd,VinylSd,,0.0,4,3,PConc,,,,,0,,0,1257,1257,GasA,5,Y,,7.143617602704121,0,0,7.143617602704121,0,0,2,0,3,1,4,6,Typ,1,,,1.0,,2,453,,,Y,38,144,0,0,0,0,,,,0,4,WD,Normal,0,1,1,0,1,1,1,1,1,1,1,1,0,1,1,1,1,1,1
9,RL,,9.76229871979014,Pave,,IR1,Lvl,AllPub,Corner,Gtl,NAmes,Norm,Norm,1Fam,1Story,4,4,35,35,Gable,CompShg,HdBoard,HdBoard,,0.0,3,3,CBlock,,,,,614,,0,244,858,GasA,3,Y,,6.754604099487962,0,0,6.754604099487962,0,0,1,0,3,1,3,5,Typ,0,,,,,0,0,,,Y,0,0,0,0,0,0,,,,0,6,WD,Normal,1,1,1,0,1,1,1,1,1,1,1,1,1,1,1,1,1,1,1
12,RL,4.330733340286331,9.919812814908546,Pave,,IR1,Lvl,AllPub,Corner,Gtl,SawyerW,RRNe,Norm,1Fam,2Story,6,5,15,15,Gable,CompShg,HdBoard,HdBoard,,120.0,4,3,PConc,,,,,426,,0,406,832,GasA,5,Y,,6.723832440821209,878,0,7.444248649496705,0,0,2,1,3,1,4,7,Typ,0,,,15.0,,2,506,,,Y,144,70,0,0,0,0,,,,0,6,WD,Normal,0,1,1,0,1,1,1,1,1,1,1,1,0,1,1,1,1,1,1
5,RM,3.912023005428146,9.419177779780629,Pave,,Reg,Lvl,AllPub,Inside,Gtl,IDOTRR,Norm,Norm,1Fam,1.5Fin,4,5,68,57,Gable,CompShg,AsbShng,AsbShng,,0.0,3,3,PConc,,,,,0,,0,732,732,GasA,4,Y,,6.648984550024776,351,0,7.023758954738443,0,0,1,0,3,1,3,4,Typ,0,,,28.0,,1,264,,,P,0,0,1,0,0,0,,,,0,6,WD,Normal,0,1,1,0,1,1,1,1,1,1,1,1,0,1,1,1,1,1,1
12,RL,4.127134385045092,9.731880966610536,Pave,,Reg,Lvl,AllPub,Inside,Gtl,Gilbert,Norm,Norm,1Fam,2Story,6,5,8,7,Gable,CompShg,VinylSd,VinylSd,,0.0,3,3,PConc,,,,,0,,0,953,953,GasA,5,Y,,6.859614903654202,694,0,7.4067107301776405,0,0,2,1,3,1,3,7,Typ,1,,,8.0,,2,460,,,Y,0,40,0,0,0,0,,,,0,8,WD,Normal,0,1,1,0,1,1,1,1,1,1,1,1,0,1,1,1,1,1,1
9,RL,4.127134385045092,9.989512846244525,Pave,,Reg,Lvl,AllPub,Inside,Gtl,Mitchel,Norm,Norm,1Fam,1Story,5,6,41,41,Gable,CompShg,HdBoard,HdBoard,,0.0,3,3,CBlock,,,,,510,,0,354,864,GasA,3,Y,,6.773080375655535,0,0,6.773080375655535,1,0,1,0,3,1,3,5,Typ,0,,,41.0,,1,288,,,Y,33,0,0,0,0,0,,,,1,11,WD,Normal,0,1,1,0,1,1,1,1,1,1,1,1,0,1,1,1,1,1,1
9,RL,,10.205338921681557,Pave,,Reg,Lvl,AllPub,Inside,Gtl,CollgCr,Norm,Norm,1Fam,1Story,8,5,8,8,Hip,CompShg,VinylSd,VinylSd,,0.0,4,3,PConc,,,,,0,,0,1753,1753,GasA,5,Y,,7.488852955733459,0,0,7.488852955733459,0,0,2,0,3,1,5,7,Typ,1,,,8.0,,2,522,,,Y,202,151,0,0,0,0,,,,0,6,WD,Normal,1,1,1,0,1,1,1,1,1,1,1,1,0,1,1,1,1,1,1
9,RL,4.700480365792417,10.44058941579552,Pave,,Reg,Lvl,AllPub,Inside,Gtl,Crawfor,Norm,Norm,1Fam,1Story,6,7,50,3,Hip,CompShg,CemntBd,CmentBd,,106.0,3,3,PConc,,,,,1186,,0,291,1477,GasA,5,Y,,7.516977224604321,0,0,7.516977224604321,1,0,2,0,3,1,4,7,Typ,2,,,50.0,,2,416,,,Y,0,87,0,0,1,0,,,,0,6,WD,Normal,0,1,1,0,1,1,1,1,1,1,1,1,0,1,1,1,1,1,1
12,RL,,10.0416254033344,Pave,,IR1,Lvl,AllPub,CulDSac,Gtl,NWAmes,PosN,Norm,1Fam,2Story,5,7,33,33,Gable,CompShg,Plywood,Plywood,,44.0,3,4,CBlock,,,,,381,,0,399,780,GasA,5,Y,,6.992096427415888,780,0,7.532623618788788,1,0,2,1,4,1,4,9,Typ,1,,,33.0,,2,484,,,Y,448,96,0,0,0,0,,,,0,10,WD,Normal,1,1,1,0,1,1,1,1,1,1,1,1,0,1,1,1,1,1,1
3,RL,4.248495242049359,9.800382500518007,Pave,,Reg,Lvl,AllPub,Corner,Gtl,NAmes,Norm,Norm,Duplex,1Story,5,5,47,1,Gable,CompShg,MetalSd,MetalSd,,122.0,3,3,CBlock,,,,,528,,0,1098,1626,GasA,5,Y,,7.445417556701687,0,0,7.445417556701687,0,0,2,0,4,2,3,8,Typ,0,,,1.0,,2,588,,,Y,272,54,0,0,0,0,,,,0,6,WD,Family,0,1,1,0,1,1,1,1,1,1,1,1,0,1,1,1,1,1,1
4,RM,3.1780538303479458,7.647406310809078,Pave,,Reg,Lvl,AllPub,Inside,Gtl,Blueste,Norm,Norm,TwnhsE,2Story,6,6,29,29,Gable,CompShg,MetalSd,MetalSd,,0.0,3,3,CBlock,,,,,285,,0,276,561,GasA,3,Y,,6.329720905522696,668,0,7.113956109566034,0,0,1,1,2,1,3,5,Typ,1,,,29.0,,2,462,,,Y,150,0,0,0,0,0,,,,0,5,WD,Normal,0,1,1,0,1,1,1,1,1,1,1,1,0,1,1,1,1,1,1
9,RL,4.700480365792417,10.42306330442037,Pave,,Reg,Lvl,AllPub,Corner,Gtl,NridgHt,Norm,Norm,1Fam,1Story,8,5,2,2,Gable,CompShg,VinylSd,VinylSd,,640.0,4,3,PConc,,,,,0,,0,1566,1566,GasA,5,Y,,7.3777589082278725,0,0,7.3777589082278725,0,0,2,0,3,1,4,7,Typ,1,,,2.0,,3,890,,,Y,0,56,0,0,0,0,,,,0,7,WD,Normal,0,1,1,0,1,1,1,1,1,1,1,1,0,1,1,1,1,1,1
12,RL,4.04305126783455,9.85238304039232,Pave,,IR1,HLS,AllPub,Inside,Gtl,Gilbert,Norm,Norm,1Fam,2Story,6,5,10,10,Gable,CompShg,VinylSd,VinylSd,,0.0,3,3,PConc,,,,,0,,0,916,916,GasA,4,Y,,6.82001636467413,684,0,7.3777589082278725,0,0,2,1,3,1,3,7,Typ,1,,,10.0,,2,460,,,Y,100,38,0,0,0,0,,,,0,8,WD,Normal,0,1,1,0,1,1,1,1,1,1,1,1,0,1,1,1,1,1,1
5,RM,,9.453346746460348,Pave,,Reg,Lvl,AllPub,Inside,Gtl,BrkSide,Norm,Norm,1Fam,1.5Fin,5,4,70,56,Gable,CompShg,MetalSd,MetalSd,,0.0,3,3,BrkTil,,,,,0,,0,896,896,GasA,4,Y,,6.79794041297493,448,0,7.203405521083095,0,0,1,0,3,1,3,7,Typ,0,,,70.0,,1,240,,,Y,200,114,0,0,0,0,,,,0,4,WD,Normal,1,1,1,0,1,1,1,1,1,1,1,1,0,1,1,1,1,1,1
9,RL,,10.532911187267608,Pave,,IR1,Lvl,AllPub,Corner,Gtl,NWAmes,Norm,Norm,1Fam,1Story,5,6,31,31,Gable,CompShg,VinylSd,VinylSd,,0.0,3,3,PConc,,,,,767,,1,266,1126,GasA,3,Y,,7.026426808699636,0,0,7.026426808699636,0,1,2,0,3,1,5,6,Typ,0,,,31.0,,2,540,,,Y,180,0,0,0,0,0,,,,0,3,WD,Abnorml,1,1,1,0,1,1,1,1,1,1,1,1,0,1,1,1,1,1,1
9,RL,3.6109179126442243,9.579465583585234,Pave,,IR1,Lvl,AllPub,CulDSac,Gtl,Mitchel,Norm,Norm,1Fam,1Story,5,5,24,23,Gable,CompShg,HdBoard,Plywood,,0.0,3,3,CBlock,,,,,658,,0,218,876,GasA,3,Y,,6.827629234502852,0,0,6.827629234502852,1,0,1,0,3,1,3,5,Typ,0,,,24.0,,1,264,,,Y,362,0,0,0,0,0,,,,0,10,WD,Normal,0,1,1,0,1,1,1,1,1,1,1,1,0,1,1,1,1,1,1
0,RM,3.912023005428146,9.407566278407877,Pave,,Reg,Lvl,AllPub,Inside,Gtl,BrkSide,Norm,Norm,1Fam,1Story,5,7,85,56,Gable,CompShg,Wd Sdng,Wd Shng,,0.0,3,3,CBlock,,,,,616,,0,0,616,GasA,4,Y,,6.423246963533519,0,0,6.423246963533519,0,0,1,0,2,1,3,4,Typ,0,,,85.0,,1,205,,,Y,0,0,1,0,0,0,,,,0,6,WD,Normal,0,1,1,0,1,1,1,1,1,1,1,1,0,1,1,1,1,1,1
3,RL,4.382026634673881,9.744111871489254,Pave,,Reg,Lvl,AllPub,Corner,Gtl,NAmes,Artery,Norm,Duplex,1Story,5,4,46,46,Gable,CompShg,BrkFace,BrkFace,,0.0,3,3,CBlock,,,,,0,,0,1800,1800,GasA,5,N,,7.495541943884256,0,0,7.495541943884256,0,0,2,0,6,2,3,10,Typ,0,,,,,0,0,,,Y,0,0,0,0,0,0,,,,0,7,WD,Normal,0,1,1,0,1,1,1,1,1,1,1,1,1,1,1,1,1,1,1
9,RL,4.852030263919617,10.237043952963322,Pave,,Reg,Lvl,AllPub,Inside,Gtl,NAmes,Feedr,Norm,1Fam,1Story,6,4,56,56,Hip,CompShg,Wd Sdng,Wd Sdng,,90.0,3,3,CBlock,,,,,1024,,0,481,1505,GasA,5,Y,,7.316548177182976,0,0,7.316548177182976,1,0,1,0,2,1,3,6,Typ,1,,,56.0,,2,505,,,Y,0,0,0,1,0,0,,,,0,2,WD,Normal,0,1,1,0,1,1,1,1,1,1,1,1,0,1,1,1,1,1,1
9,RL,4.382026634673881,10.314566417839314,Pave,,Reg,Bnk,AllPub,Inside,Gtl,Crawfor,Norm,Norm,1Fam,1Story,5,6,29,29,Gable,CompShg,Plywood,Plywood,,459.0,3,3,CBlock,,,,,1283,,1,0,1430,GasA,5,Y,,7.4067107301776405,0,0,7.4067107301776405,1,0,2,0,3,1,4,7,Typ,1,,,29.0,,2,621,,,Y,0,0,0,0,0,0,,,,0,3,WD,Normal,0,1,1,0,1,1,1,1,1,1,1,1,0,1,1,1,1,1,1
9,RL,4.0943445622221,9.591689263388766,Pave,,Reg,Lvl,AllPub,Inside,Gtl,Edwards,Norm,Norm,1Fam,1Story,4,5,3,3,Gable,CompShg,VinylSd,VinylSd,,0.0,3,3,PConc,,,,,1024,,0,108,1132,GasA,5,Y,,7.0317412587631285,0,0,7.0317412587631285,1,0,1,1,2,1,4,5,Typ,0,,,3.0,,2,451,,,Y,252,64,0,0,0,0,,,,0,6,WD,Normal,0,1,1,0,1,1,1,1,1,1,1,1,0,1,1,1,1,1,1
12,RL,4.174387269895637,10.518762686128024,Pave,,IR1,Lvl,AllPub,Inside,Gtl,CollgCr,Norm,Norm,1Fam,2Story,6,5,12,12,Gable,CompShg,VinylSd,VinylSd,,0.0,3,3,PConc,,,,,821,,0,107,928,GasA,5,Y,,6.833031732786201,836,0,7.475339236566737,1,0,2,1,3,1,4,7,Typ,0,,,12.0,,2,470,,,Y,276,99,0,0,0,0,,,,0,8,WD,Normal,0,1,1,0,1,1,1,1,1,1,1,1,0,1,1,1,1,1,1
5,RL,3.912023005428146,9.802059681189938,Pave,,Reg,Lvl,AllPub,Inside,Gtl,Edwards,Norm,Norm,1Fam,1.5Fin,4,3,64,59,Gable,CompShg,WdShing,Wd Shng,,0.0,3,3,Slab,,,,,0,,0,0,0,Wall,3,N,,6.992096427415888,441,0,7.332369205929062,0,0,2,0,4,1,3,9,Mod,0,,,64.0,,1,240,,,N,92,0,1,0,0,0,,,,0,4,WD,Normal,0,1,1,0,1,1,1,1,1,1,1,1,0,1,1,1,1,1,1
5,RL,3.912023005428146,9.962948030081032,Pave,,Reg,Lvl,AllPub,Inside,Gtl,SWISU,Feedr,Norm,1Fam,1.5Fin,6,7,91,20,Gable,CompShg,Wd Sdng,Wd Shng,,0.0,3,3,PConc,,,,,0,,0,804,804,GasA,5,Y,,7.4377951216719325,748,0,7.802618063442671,0,0,2,0,4,1,4,10,Min2,1,,,41.0,,1,336,,,Y,272,0,1,0,1,0,,,,0,3,WD,Normal,0,1,1,0,1,1,1,1,1,1,1,1,0,1,1,1,1,1,1
11,RL,3.7612001156935624,8.671696295691161,Pave,,Reg,Lvl,AllPub,Inside,Gtl,Blmngtn,Norm,Norm,TwnhsE,1Story,7,5,4,3,Gable,CompShg,VinylSd,VinylSd,,16.0,4,3,PConc,,,,,16,,0,1330,1346,GasA,5,Y,,7.315883504509785,0,0,7.315883504509785,0,0,2,0,1,1,4,7,Typ,1,,,4.0,,2,457,,,Y,156,0,0,0,0,0,,,,0,5,WD,Normal,0,1,1,0,1,1,1,1,1,1,1,1,0,1,1,1,1,1,1
9,RM,3.8918202981106265,9.37203488719661,Pave,,Reg,Lvl,AllPub,Inside,Gtl,OldTown,Norm,Norm,1Fam,1Story,3,8,51,1,Gable,CompShg,VinylSd,VinylSd,,0.0,3,4,CBlock,,,,,256,,0,906,1162,GasA,5,Y,,7.0587581525186645,0,0,7.0587581525186645,1,0,1,0,3,1,3,6,Typ,0,,,51.0,,1,220,,,Y,142,98,0,0,0,0,,,,0,7,WD,Normal,0,1,1,0,1,1,1,1,1,1,1,1,0,1,1,1,1,1,1
4,FV,,8.203319920179819,Pave,,Reg,Lvl,AllPub,Inside,Gtl,Somerst,Norm,Norm,Twnhs,2Story,6,5,7,7,Gable,CompShg,MetalSd,MetalSd,,456.0,4,3,PConc,,,,,436,,0,320,756,GasA,5,Y,,6.645090969505644,756,0,7.329749689041512,0,0,2,1,3,1,4,5,Typ,1,,,7.0,,2,440,,,Y,0,0,0,0,0,0,,,,0,6,WD,Normal,1,1,1,0,1,1,1,1,1,1,1,1,0,1,1,1,1,1,1
9,RL,,10.362965986142012,Pave,,IR1,Lvl,AllPub,CulDSac,Gtl,Sawyer,Norm,Norm,1Fam,1Story,5,6,41,41,Hip,CompShg,HdBoard,Plywood,,114.0,3,3,CBlock,,,,,560,,1,0,935,GasA,3,Y,,6.840546529288687,0,0,6.840546529288687,1,0,1,0,3,1,3,5,Typ,0,,,41.0,,1,288,,,Y,180,0,0,0,0,0,,,,0,11,WD,Normal,1,1,1,0,1,1,1,1,1,1,1,1,0,1,1,1,1,1,1
0,RM,4.248495242049359,9.34446574240103,Pave,,Reg,Lvl,AllPub,Inside,Gtl,OldTown,Norm,Norm,1Fam,1Story,6,8,76,1,Hip,CompShg,Wd Sdng,Wd Sdng,,0.0,3,3,BrkTil,,,,,0,,0,813,813,GasA,5,Y,,6.70073110954781,0,0,6.70073110954781,0,0,1,0,2,1,4,5,Typ,0,,,74.0,,1,270,,,N,0,113,0,0,0,0,,,,0,6,WD,Normal,0,1,1,0,1,1,1,1,1,1,1,1,0,1,1,1,1,1,1
9,RL,4.356708826689592,9.714424203840492,Pave,,Reg,Bnk,AllPub,Inside,Mod,Edwards,Norm,Norm,1Fam,2Story,5,8,58,4,Gable,CompShg,MetalSd,MetalSd,,0.0,3,4,CBlock,,,,,603,,0,293,896,GasA,5,Y,,7.013915474810528,896,0,7.60489448081162,1,0,3,0,3,1,5,8,Typ,0,,,58.0,,1,230,,,Y,103,0,0,0,0,0,,,,0,8,WD,Normal,0,1,1,0,1,1,1,1,1,1,1,1,0,1,1,1,1,1,1
12,RL,4.454347296253507,10.20543868961937,Pave,,Reg,Lvl,AllPub,Inside,Gtl,SawyerW,Norm,Norm,1Fam,2Story,7,5,18,18,Hip,CompShg,HdBoard,HdBoard,,99.0,3,3,PConc,,,,,1085,,0,390,1475,GasA,5,Y,,7.3343293503005365,797,0,7.753194269884341,1,0,2,1,4,1,4,10,Typ,1,,,18.0,,2,514,,,Y,192,121,0,0,0,0,,,,0,5,WD,Normal,0,1,1,0,1,1,1,1,1,1,1,1,0,1,1,1,1,1,1
5,RM,4.31748811353631,10.37896462889746,Pave,,Reg,Lvl,AllPub,Inside,Gtl,IDOTRR,Norm,Norm,1Fam,1.5Fin,5,5,57,57,Gable,CompShg,Wd Sdng,Wd Sdng,,0.0,3,3,CBlock,,,,,420,,0,490,910,GasA,3,Y,,6.813444599510896,648,0,7.351158226430694,0,0,1,1,4,1,3,6,Typ,0,,,57.0,,1,282,,,Y,289,0,0,0,0,0,,,,0,6,WD,Normal,0,1,1,0,1,1,1,1,1,1,1,1,0,1,1,1,1,1,1
12,RL,4.356708826689592,10.022725181325429,Pave,,Reg,Lvl,AllPub,Inside,Gtl,NWAmes,Norm,Norm,1Fam,2Story,7,5,30,30,Gable,CompShg,HdBoard,HdBoard,,0.0,3,3,PConc,,,,,194,,0,638,832,GasA,3,Y,,6.723832440821209,832,0,7.416979621381154,0,0,2,1,4,1,3,8,Typ,1,,,30.0,,2,528,,,Y,0,28,0,0,1,0,,,,0,3,WD,Normal,0,1,1,0,1,1,1,1,1,1,1,1,0,1,1,1,1,1,1
9,RL,4.532599493153256,10.13571565902659,Pave,,Reg,Lvl,AllPub,Corner,Gtl,NAmes,Norm,Norm,1Fam,1Story,7,5,42,42,Hip,CompShg,BrkFace,BrkFace,,0.0,4,3,CBlock,,,,,1065,,0,1045,2110,GasA,5,Y,,7.6544432264701125,0,0,7.6544432264701125,1,0,2,1,3,1,5,8,Typ,2,,,42.0,,2,522,,,Y,0,0,0,0,0,0,,,,0,4,WD,Normal,0,1,1,0,1,1,1,1,1,1,1,1,0,1,1,1,1,1,1
12,RL,4.23410650459726,9.925621140286434,Pave,,IR1,Lvl,AllPub,Inside,Gtl,CollgCr,Norm,Norm,1Fam,2Story,6,5,10,10,Gable,CompShg,VinylSd,VinylSd,,0.0,3,4,PConc,,,,,648,,0,176,824,GasA,5,Y,,6.807934943699926,881,0,7.487733761436444,1,0,2,1,3,1,4,7,Typ,0,,,10.0,,2,684,,,Y,0,162,0,0,0,0,,,,0,5,WD,Normal,0,1,1,0,1,1,1,1,1,1,1,1,0,1,1,1,1,1,1
4,RM,3.713572066704308,8.46748231374973,Pave,,Reg,Lvl,AllPub,Inside,Gtl,MeadowV,Norm,Norm,TwnhsE,2Story,5,6,29,29,Gable,CompShg,CemntBd,CmentBd,,0.0,3,3,PConc,,,,,548,,1,36,757,GasA,5,Y,,6.829793737512425,550,0,7.29641326877392,0,0,2,0,4,1,3,6,Typ,1,,,29.0,,1,336,,,Y,104,26,0,0,0,0,,,,0,7,WD,Normal,0,1,1,0,1,1,1,1,1,1,1,1,0,1,1,1,1,1,1
2,RM,3.912023005428146,9.407566278407877,Pave,,Reg,Lvl,AllPub,Inside,Gtl,OldTown,Norm,Norm,2fmCon,1.5Fin,5,4,55,55,Gable,CompShg,Wd Sdng,Wd Sdng,,0.0,3,3,CBlock,,,,,0,,0,811,811,GasA,3,Y,,6.698268054115413,576,0,7.234898420314831,0,0,2,0,3,2,4,7,Typ,0,,,55.0,,1,256,,,Y,0,0,0,0,0,0,,,,0,11,WD,Normal,0,1,1,0,1,1,1,1,1,1,1,1,0,1,1,1,1,1,1
4,RM,3.4657359027997265,8.735549843252693,Pave,,Reg,Lvl,AllPub,Inside,Gtl,Edwards,Norm,Norm,TwnhsE,2Story,7,5,2,2,Gable,CompShg,VinylSd,VinylSd,,117.0,4,3,PConc,,,,,0,,0,976,976,GasA,5,Y,,6.883462586413092,732,0,7.443078374348516,0,0,2,0,3,1,4,7,Maj1,0,,,2.0,,2,380,,,Y,0,40,0,0,0,0,,,,0,4,WD,Normal,0,1,1,0,1,1,1,1,1,1,1,1,0,1,1,1,1,1,1
5,RL,4.343805421853684,9.980883561156958,Pave,,IR1,Bnk,AllPub,Inside,Gtl,NAmes,Norm,Norm,1Fam,1.5Fin,6,7,44,25,Gable,CompShg,Wd Sdng,Wd Sdng,,0.0,3,3,CBlock,,,,,600,,0,312,912,GasA,3,Y,,6.98933526597456,649,0,7.458186157340487,0,0,1,1,3,1,4,7,Typ,1,,,44.0,,2,440,,,Y,0,0,0,0,1,0,,,,0,6,WD,Normal,0,1,1,0,1,1,1,1,1,1,1,1,0,1,1,1,1,1,1
2,RL,4.0943445622221,10.09703958498912,Pave,,Reg,Lvl,AllPub,Corner,Gtl,OldTown,Norm,Norm,2fmCon,1.5Fin,5,4,106,36,Gable,CompShg,Wd Sdng,Wd Sdng,,0.0,3,2,CBlock,,,,,664,,0,290,954,GasA,3,N,,7.476472381163905,648,0,7.789040401657477,0,0,2,0,3,2,3,10,Mod,1,,,36.0,,2,520,,,N,142,0,0,0,0,0,,,,0,5,ConLD,Normal,0,1,1,0,1,1,1,1,1,1,1,1,0,1,1,1,1,1,1
12,RL,4.248495242049359,9.84929911646029,Pave,,Reg,Lvl,AllPub,Inside,Gtl,CollgCr,Norm,Norm,1Fam,2Story,7,5,14,13,Gable,CompShg,VinylSd,VinylSd,,0.0,4,4,PConc,,,,,642,,0,273,915,GasA,5,Y,,6.838405200847344,975,0,7.553810852008231,1,0,2,1,4,1,4,8,Typ,1,,,14.0,,2,493,,,Y,144,133,0,0,0,0,,,,0,7,WD,Normal,0,1,1,0,1,1,1,1,1,1,1,1,0,1,1,1,1,1,1
9,RL,4.248495242049359,9.708850133683383,Pave,,Reg,Lvl,AllPub,Inside,Gtl,NAmes,Norm,Norm,1Fam,1Story,5,7,46,28,Gable,CompShg,MetalSd,MetalSd,,0.0,3,4,CBlock,,,,,504,,1,319,931,GasA,3,Y,,7.1569563646156364,0,0,7.1569563646156364,1,0,1,0,3,1,3,6,Typ,0,,,28.0,,2,506,,,Y,0,0,0,0,0,0,,,,0,10,WD,Normal,0,1,1,0,1,1,1,1,1,1,1,1,0,1,1,1,1,1,1
9,RL,4.248495242049359,9.895389625936653,Pave,,Reg,Lvl,AllPub,Inside,Gtl,CollgCr,Norm,Norm,1Fam,1Story,7,5,8,8,Gable,CompShg,VinylSd,VinylSd,,0.0,4,3,PConc,,,,,0,,0,1212,1212,GasA,5,Y,,7.10002716662926,0,0,7.10002716662926,0,0,2,0,3,1,4,6,Typ,0,,,8.0,,2,573,,,Y,356,0,0,0,0,0,,,,0,6,WD,Normal,0,1,1,0,1,1,1,1,1,1,1,1,0,1,1,1,1,1,1
5,RL,4.007333185232471,9.631015172764762,Pave,,Reg,Lvl,AllPub,Inside,Gtl,BrkSide,Norm,Norm,1Fam,1.5Fin,7,7,84,2,Gable,CompShg,Wd Sdng,Wd Sdng,,0.0,4,4,BrkTil,,,,,0,,0,952,952,GasW,4,N,,6.858565034791365,596,0,7.344719054149673,0,0,2,1,3,1,5,5,Typ,0,,,31.0,,2,672,,,Y,74,0,0,0,1,0,,,,0,10,WD,Normal,0,1,1,0,1,1,1,1,1,1,1,1,0,1,1,1,1,1,1
8,RL,4.31748811353631,9.97654550735469,Pave,,Reg,Lvl,AllPub,Inside,Gtl,NAmes,Norm,Norm,1Fam,SLvl,5,5,39,39,Gable,CompShg,VinylSd,VinylSd,,0.0,3,3,PConc,,,,,400,,1,100,980,GasA,4,Y,,6.887552571664617,0,0,6.887552571664617,0,0,2,0,3,1,3,6,Typ,0,,,39.0,,1,384,,,Y,68,0,0,0,0,0,,,,0,10,WD,Normal,0,1,1,0,1,1,1,1,1,1,1,1,0,1,1,1,1,1,1
9,RL,4.499809670330265,10.413448623063568,Pave,,IR1,Lvl,AllPub,Inside,Gtl,Crawfor,Norm,Norm,1Fam,1Story,6,7,50,2,Gable,CompShg,Stone,Stone,,0.0,3,3,PConc,,,,,296,,1,230,1073,GasA,5,Y,,7.501634457883413,0,0,7.501634457883413,0,0,1,0,2,1,5,6,Typ,1,,,50.0,,2,470,,,Y,0,0,1,0,0,0,,,,0,7,WD,Abnorml,0,1,1,0,1,1,1,1,1,1,1,1,0,1,1,1,1,1,1
9,RH,,9.869269978056083,Pave,,Reg,Lvl,AllPub,Inside,Gtl,SawyerW,Norm,Norm,1Fam,1Story,4,4,40,40,Gable,CompShg,HdBoard,HdBoard,,0.0,3,3,CBlock,,,,,1056,,0,0,1056,GasA,3,Y,,6.962243464266207,0,0,6.962243464266207,1,0,1,0,2,1,3,5,Typ,0,,,40.0,,1,384,,,Y,0,42,0,0,0,0,,,,0,11,WD,Normal,1,1,1,0,1,1,1,1,1,1,1,1,0,1,1,1,1,1,1
9,RL,4.442651256490317,10.12392279696081,Pave,,Reg,Lvl,AllPub,Corner,Gtl,CollgCr,Norm,Norm,1Fam,1Story,8,5,1,1,Gable,CompShg,VinylSd,VinylSd,,0.0,4,3,PConc,,,,,0,,0,1234,1234,GasA,5,Y,,7.1180162044653335,0,0,7.1180162044653335,0,0,2,0,3,1,4,7,Typ,0,,,1.0,,2,484,,,Y,0,30,0,0,0,0,,,,0,1,WD,Normal,0,1,1,0,1,1,1,1,1,1,1,1,0,1,1,1,1,1,1
4,RM,3.1780538303479458,8.147366377992528,Pave,,Reg,Lvl,AllPub,Inside,Gtl,BrDale,Norm,Norm,TwnhsE,2Story,5,5,37,37,Gable,CompShg,HdBoard,HdBoard,,304.0,3,3,CBlock,,,,,0,,0,630,630,GasA,3,Y,,6.4457198193855785,672,0,7.171656822768514,0,0,2,1,3,1,3,6,Typ,0,,,37.0,,2,440,,,Y,0,0,0,0,0,0,,,,0,4,WD,Normal,0,1,1,0,1,1,1,1,1,1,1,1,0,1,1,1,1,1,1
5,RM,,9.732325236724348,Pave,,IR1,Lvl,AllPub,Inside,Gtl,IDOTRR,Artery,Norm,1Fam,1.5Fin,6,7,88,58,Gable,CompShg,MetalSd,MetalSd,,0.0,3,2,CBlock,,,,,0,,0,319,319,GasA,3,Y,,6.942156705699469,371,0,7.2485040723706105,0,0,1,0,3,1,2,6,Typ,0,,,,,0,0,,,N,0,144,0,0,0,0,,,,0,3,WD,Normal,1,1,1,0,1,1,1,1,1,1,1,1,1,1,1,1,1,1,1
6,RL,,9.629079390014434,Pave,,IR1,Lvl,AllPub,CulDSac,Gtl,Sawyer,Norm,Norm,1Fam,SFoyer,5,5,27,27,Hip,CompShg,Wd Sdng,Wd Sdng,,0.0,3,3,CBlock,,,,,685,,0,173,858,GasA,3,Y,,6.754604099487962,0,0,6.754604099487962,1,0,1,0,2,1,3,5,Typ,0,,,26.0,,2,576,,,Y,120,0,0,0,0,0,,,,0,4,WD,Normal,1,1,1,0,1,1,1,1,1,1,1,1,0,1,1,1,1,1,1
12,RL,4.442651256490317,10.213888855185001,Pave,,IR1,Lvl,AllPub,Inside,Gtl,NridgHt,Norm,Norm,1Fam,2Story,9,5,1,0,Hip,CompShg,WdShing,Wd Shng,,286.0,5,3,PConc,,,,,998,,0,177,1175,GasA,5,Y,,7.074963197966044,1142,0,7.751045117971802,1,0,3,0,4,1,5,11,Typ,2,,,1.0,,3,736,,,Y,147,21,0,0,0,0,,,,0,7,New,Partial,0,1,1,0,1,1,1,1,1,1,1,1,0,1,1,1,1,1,1
9,RL,4.30406509320417,9.868213239636194,Pave,,Reg,Lvl,AllPub,Corner,Gtl,NAmes,Norm,Norm,1Fam,1Story,5,7,55,12,Gable,CompShg,WdShing,Wd Shng,,0.0,4,3,Stone,,,,,0,,0,105,105,GasA,4,Y,,6.813444599510896,0,0,6.813444599510896,0,0,1,0,3,1,4,5,Typ,0,,,55.0,,2,414,,,Y,196,0,1,0,0,0,,,,0,10,WD,Normal,0,1,1,0,1,1,1,1,1,1,1,1,0,1,1,1,1,1,1
12,RL,4.382026634673881,9.977752098243014,Pave,,Reg,Lvl,AllPub,Inside,Mod,NAmes,Norm,Norm,1Fam,2Story,6,6,44,44,Gable,CompShg,HdBoard,HdBoard,,360.0,3,3,CBlock,,,,,674,,1,0,780,GasA,3,Y,,6.682108597449809,813,0,7.384610383176974,1,0,1,1,4,1,3,7,Typ,0,,,44.0,,2,442,,,Y,328,128,0,0,1,0,,,,0,6,WD,Normal,0,1,1,0,1,1,1,1,1,1,1,1,0,1,1,1,1,1,1
12,RL,4.804021044733257,10.212600316585354,Pave,,IR2,Lvl,AllPub,Inside,Gtl,Gilbert,Norm,Norm,1Fam,2Story,6,5,4,4,Gable,CompShg,VinylSd,VinylSd,,0.0,4,3,PConc,,,,,0,,0,684,684,GasA,5,Y,,6.52795791762255,876,0,7.352441100243583,0,0,2,1,3,1,4,6,Typ,1,,,4.0,,2,400,,,Y,100,38,0,0,0,0,,,,0,3,WD,Normal,0,1,1,0,1,1,1,1,1,1,1,1,0,1,1,1,1,1,1
3,RH,4.0943445622221,9.801361141894677,Pave,,Reg,Lvl,AllPub,Inside,Gtl,SawyerW,Feedr,Norm,Duplex,1Story,5,5,30,30,Gable,CompShg,Plywood,Plywood,,320.0,3,3,Slab,,,,,0,,0,0,0,GasA,3,Y,,7.61085279039525,0,0,7.61085279039525,0,0,2,0,4,2,3,10,Typ,2,,,30.0,,2,630,,,Y,0,0,0,0,0,0,,,,0,10,WD,Normal,0,1,1,0,1,1,1,1,1,1,1,1,0,1,1,1,1,1,1
11,RL,3.713572066704308,9.176416841535795,Pave,,Reg,Lvl,AllPub,Inside,Gtl,StoneBr,Norm,Norm,TwnhsE,1Story,8,5,9,9,Gable,CompShg,CemntBd,CmentBd,,0.0,4,3,PConc,,,,,616,,0,722,1338,GasA,5,Y,,7.198931240688173,0,0,7.198931240688173,1,0,2,0,2,1,4,6,Typ,0,,,9.0,,2,582,,,Y,0,0,1,0,0,0,,,,0,4,WD,Normal,0,1,1,0,1,1,1,1,1,1,1,1,0,1,1,1,1,1,1
9,RL,,11.147677701548785,Pave,,IR1,Lvl,AllPub,CulDSac,Gtl,Mitchel,Norm,Norm,1Fam,1Story,5,7,48,48,Gable,CompShg,HdBoard,HdBoard,,189.0,3,3,CBlock,,,,,593,,0,595,1188,GasA,3,Y,,7.080026499922591,0,0,7.080026499922591,0,0,1,0,3,1,3,6,Typ,0,,,48.0,,1,312,,,P,261,39,0,0,0,0,,,,0,4,WD,Normal,1,1,1,0,1,1,1,1,1,1,1,1,0,1,1,1,1,1,1
9,RL,4.248495242049359,9.849164852277347,Pave,,Reg,Lvl,AllPub,Inside,Gtl,CollgCr,Norm,Norm,1Fam,1Story,7,5,5,5,Gable,CompShg,VinylSd,VinylSd,,100.0,4,3,PConc,,,,,0,,0,1459,1459,GasA,5,Y,,7.285506548522785,0,0,7.285506548522785,0,0,2,0,3,1,4,6,Typ,1,,,5.0,,2,527,,,Y,192,39,0,0,0,0,,,,0,9,WD,Normal,0,1,1,0,1,1,1,1,1,1,1,1,0,1,1,1,1,1,1
12,RL,4.382026634673881,10.403756693811884,Pave,,Reg,Lvl,AllPub,Inside,Mod,ClearCr,Norm,Norm,1Fam,2Story,7,5,14,13,Gable,CompShg,Wd Sdng,Wd Sdng,,0.0,4,3,PConc,,,,,1201,,0,105,1306,GasA,5,Y,,7.174724309836376,954,0,7.723120092266331,1,0,2,1,3,1,4,7,Typ,0,,,14.0,,2,533,,,Y,296,44,0,0,0,0,,,,0,4,WD,Normal,0,1,1,0,1,1,1,1,1,1,1,1,0,1,1,1,1,1,1
9,RL,4.204692619390966,10.583100506192038,Pave,,IR2,Lvl,AllPub,Inside,Gtl,CollgCr,Norm,Norm,1Fam,1Story,7,5,8,7,Gable,CompShg,VinylSd,VinylSd,,0.0,4,3,PConc,,,,,0,,0,1413,1413,GasA,5,Y,,7.265429723253953,0,0,7.265429723253953,0,0,2,0,3,1,4,6,Typ,0,,,8.0,,2,605,,,Y,0,33,0,0,0,0,,,,0,6,WD,Normal,0,1,1,0,1,1,1,1,1,1,1,1,0,1,1,1,1,1,1
0,RL,4.143134726391533,10.39586151447216,Pave,,Reg,Lvl,AllPub,Inside,Gtl,Edwards,Norm,Norm,1Fam,1Story,5,6,68,39,Gable,CompShg,WdShing,Wd Shng,,0.0,3,3,CBlock,,,,,290,,0,706,996,GasA,5,Y,,6.903747257584598,0,0,6.903747257584598,1,0,1,0,3,1,3,6,Typ,1,,,,,0,0,,,Y,144,0,0,0,0,0,,,,0,7,WD,Normal,0,1,1,0,1,1,1,1,1,1,1,1,1,1,1,1,1,1,1
9,RL,4.31748811353631,9.780212821903858,Pave,,Reg,Lvl,AllPub,Inside,Gtl,NAmes,Norm,Norm,1Fam,1Story,6,7,44,44,Hip,CompShg,HdBoard,HdBoard,,260.0,3,3,CBlock,,,,,787,,0,305,1092,GasA,5,Y,,6.9957661563048505,0,0,6.9957661563048505,1,0,1,0,3,1,3,6,Typ,0,,,44.0,,2,504,,,Y,0,0,0,0,0,0,,,,0,7,WD,Normal,0,1,1,0,1,1,1,1,1,1,1,1,0,1,1,1,1,1,1
4,FV,3.5553480614894135,8.941082247868115,Pave,,IR1,Lvl,AllPub,Inside,Gtl,Somerst,Norm,Norm,TwnhsE,2Story,7,5,2,1,Gable,CompShg,MetalSd,MetalSd,,0.0,4,3,PConc,,,,,0,,0,625,625,GasA,5,Y,,6.437751649736401,625,0,7.1308988302963465,0,0,2,1,2,1,4,5,Typ,0,,,2.0,,2,625,,,Y,0,54,0,0,0,0,,,,0,3,WD,Normal,0,1,1,0,1,1,1,1,1,1,1,1,0,1,1,1,1,1,1
12,RL,4.174387269895637,9.922594224975589,Pave,,IR1,Lvl,AllPub,Inside,Gtl,CollgCr,Norm,Norm,1Fam,2Story,7,5,5,5,Gable,CompShg,VinylSd,VinylSd,,0.0,4,3,PConc,,,,,0,,0,864,864,GasA,5,Y,,6.761572768804055,864,0,7.454719949364001,0,0,2,1,3,1,4,7,Typ,0,,,5.0,,2,572,,,Y,187,56,0,0,0,0,,,,0,4,WD,Normal,0,1,1,0,1,1,1,1,1,1,1,1,0,1,1,1,1,1,1
9,RL,4.477336814478207,9.742644888756304,Pave,,IR1,Lvl,AllPub,Inside,Gtl,CollgCr,Norm,Norm,1Fam,1Story,5,6,33,33,Hip,CompShg,HdBoard,HdBoard,,0.0,3,3,CBlock,,,,,0,,0,924,924,GasA,3,Y,,6.828712071641684,0,0,6.828712071641684,0,0,1,0,3,1,3,5,Typ,0,,,27.0,,1,280,,,Y,0,0,0,0,0,0,,,,0,4,WD,Normal,0,1,1,0,1,1,1,1,1,1,1,1,0,1,1,1,1,1,1
11,RL,4.007333185232471,9.728172272823457,Pave,,Reg,Lvl,AllPub,Inside,Gtl,SawyerW,Norm,Norm,TwnhsE,1Story,6,5,15,15,Gable,CompShg,Plywood,Plywood,,0.0,4,3,PConc,,,,,300,,0,899,1199,GasA,5,Y,,7.089243155027514,0,0,7.089243155027514,0,0,2,0,2,1,4,5,Typ,0,,,15.0,,2,530,,,Y,0,63,0,0,0,0,,,,0,3,WD,Normal,0,1,1,0,1,1,1,1,1,1,1,1,0,1,1,1,1,1,1
9,RL,,9.879524561356275,Pave,,IR1,Lvl,AllPub,Corner,Gtl,Sawyer,Norm,Norm,1Fam,1Story,5,5,39,39,Gable,CompShg,Plywood,Plywood,,0.0,3,3,PConc,,,,,0,,0,948,948,GasA,3,Y,,6.854354502255021,0,0,6.854354502255021,0,0,1,0,3,1,3,6,Typ,0,,,39.0,,1,300,,,Y,147,0,0,0,0,0,,,,0,5,WD,Family,1,1,1,0,1,1,1,1,1,1,1,1,0,1,1,1,1,1,1
9,RL,4.248495242049359,9.895389625936653,Pave,,Reg,Lvl,AllPub,Inside,Gtl,NAmes,Norm,Norm,1Fam,1Story,5,6,44,44,Gable,CompShg,VinylSd,VinylSd,,0.0,3,3,CBlock,,,,,338,,1,121,925,GasA,5,Y,,6.829793737512425,0,0,6.829793737512425,0,1,1,0,2,1,3,5,Typ,0,,,44.0,,1,429,,,Y,0,0,0,0,0,0,,,,0,7,WD,Normal,0,1,1,0,1,1,1,1,1,1,1,1,0,1,1,1,1,1,1
0,RL,4.442651256490317,10.07777898526175,Pave,,Reg,Lvl,AllPub,Corner,Gtl,Edwards,Norm,Norm,1Fam,1Story,5,5,90,60,Gable,CompShg,Wd Sdng,Wd Sdng,,0.0,3,3,BrkTil,,,,,108,,0,350,458,GasA,2,N,,6.727431724850855,0,0,6.727431724850855,0,0,1,0,2,1,3,5,Typ,0,,,90.0,,1,366,,,Y,0,0,1,0,0,0,,,,1,5,COD,Abnorml,0,1,1,0,1,1,1,1,1,1,1,1,0,1,1,1,1,1,1
12,FV,4.624972813284271,10.133917035897749,Pave,,IR1,Lvl,AllPub,Corner,Gtl,Somerst,Norm,Norm,1Fam,2Story,8,5,3,2,Gable,CompShg,CemntBd,CmentBd,,0.0,4,3,PConc,,,,,0,,0,1580,1580,GasA,5,Y,,7.365180126021013,886,0,7.81035268372429,0,0,3,0,4,1,4,8,Typ,1,,,3.0,,2,610,,,Y,159,214,0,0,0,0,,,,0,12,WD,Normal,0,1,1,0,1,1,1,1,1,1,1,1,0,1,1,1,1,1,1
12,RL,4.477336814478207,10.420562504606051,Pave,,Reg,Lvl,AllPub,Corner,Gtl,NAmes,Norm,Norm,1Fam,2Story,7,6,40,40,Gable,CompShg,MetalSd,MetalSd,,309.0,3,3,CBlock,,,,,445,,0,479,924,GasA,5,Y,,7.103322062526113,941,0,7.676473646389156,0,0,2,1,4,1,4,8,Typ,2,,,40.0,,2,487,,,Y,105,66,0,0,0,0,,,,0,5,WD,Normal,0,1,1,0,1,1,1,1,1,1,1,1,0,1,1,1,1,1,1
11,RM,3.784189633918261,8.999318217295523,Pave,,Reg,Lvl,AllPub,Inside,Gtl,MeadowV,Norm,Norm,TwnhsE,1Story,5,7,31,31,Gable,CompShg,CemntBd,CmentBd,,0.0,3,3,PConc,,,,,840,,0,200,1040,GasA,3,Y,,6.966024187106113,0,0,6.966024187106113,1,0,1,0,3,1,3,6,Typ,1,,,31.0,,2,572,,,Y,100,110,0,0,0,0,,,,0,6,WD,Normal,0,1,1,0,1,1,1,1,1,1,1,1,0,1,1,1,1,1,1
9,RL,,10.160824769827656,Pave,,Reg,Lvl,AllPub,Inside,Gtl,NoRidge,Norm,Norm,1Fam,1Story,10,5,6,5,Hip,CompShg,VinylSd,VinylSd,,705.0,5,3,PConc,,,,,1282,,0,1351,2633,GasA,5,Y,,7.87587915949631,0,0,7.87587915949631,1,0,2,1,2,1,5,8,Typ,2,,,6.0,,3,804,,,Y,314,140,0,0,0,0,,,,0,3,WD,Normal,1,1,1,0,1,1,1,1,1,1,1,1,0,1,1,1,1,1,1
1,RM,4.060443010546419,9.479259890284231,Pave,,Reg,Lvl,AllPub,Inside,Gtl,BrkSide,Norm,Norm,1Fam,1.5Unf,5,6,84,56,Gable,CompShg,MetalSd,MetalSd,,0.0,3,3,BrkTil,,,,,0,,0,993,993,GasA,3,Y,,6.954638864880987,0,0,6.954638864880987,0,0,1,0,2,1,3,5,Typ,1,,,84.0,,1,280,,,Y,0,0,1,0,0,0,,,,0,8,WD,Normal,0,1,1,0,1,1,1,1,1,1,1,1,0,1,1,1,1,1,1
12,RL,,9.761721009264901,Pave,,IR1,Lvl,AllPub,Inside,Gtl,Gilbert,Norm,Norm,1Fam,2Story,6,5,6,6,Gable,CompShg,VinylSd,VinylSd,,0.0,3,3,PConc,,,,,0,,0,953,953,GasA,5,Y,,6.859614903654202,711,0,7.416979621381154,0,0,2,1,3,1,3,7,Typ,1,,,6.0,,2,460,,,Y,100,40,0,0,0,0,,,,0,1,WD,Normal,1,1,1,0,1,1,1,1,1,1,1,1,0,1,1,1,1,1,1
1,RH,4.0943445622221,9.882401061887073,Pave,,Reg,Lvl,AllPub,Corner,Gtl,SawyerW,Norm,Norm,1Fam,1.5Unf,6,3,81,59,Gable,CompShg,Wd Sdng,Wd Sdng,,0.0,3,3,BrkTil,,,,,0,,0,784,784,GasA,3,N,,6.664409020350408,0,0,6.664409020350408,0,0,1,0,2,1,3,5,Typ,0,,,59.0,,2,360,,,N,0,0,1,0,0,0,,,,0,10,WD,Normal,0,1,1,0,1,1,1,1,1,1,1,1,0,1,1,1,1,1,1
9,RL,4.31748811353631,10.020981542990823,Pave,,Reg,Lvl,AllPub,Inside,Gtl,Mitchel,Norm,Norm,1Fam,1Story,6,6,31,31,Gable,CompShg,Plywood,Plywood,,0.0,3,3,CBlock,,,,,641,,1,276,1196,GasA,3,Y,,7.153833801578843,0,0,7.153833801578843,0,1,2,0,3,1,3,6,Typ,2,,,28.0,,2,473,,,Y,238,83,0,0,0,0,,,,0,2,WD,Normal,0,1,1,0,1,1,1,1,1,1,1,1,0,1,1,1,1,1,1
9,RL,,10.64391035295559,Pave,,Reg,Lvl,AllPub,Inside,Gtl,Edwards,Norm,Norm,1Fam,1Story,4,6,53,53,Gable,CompShg,VinylSd,VinylSd,,0.0,3,3,CBlock,,,,,1059,,0,75,1134,GasA,5,Y,,7.113956109566034,0,0,7.113956109566034,0,0,1,0,3,1,3,6,Typ,0,,,53.0,,1,284,,,Y,0,0,0,0,0,0,,,,0,4,WD,Normal,1,1,1,0,1,1,1,1,1,1,1,1,0,1,1,1,1,1,1
9,RL,4.356708826689592,9.714424203840492,Pave,,Reg,Lvl,AllPub,Inside,Gtl,NAmes,Norm,Norm,1Fam,1Story,5,6,56,56,Gable,CompShg,HdBoard,HdBoard,,200.0,3,3,PConc,,,,,540,,0,728,1268,GasA,4,Y,,7.145196134997171,0,0,7.145196134997171,0,0,1,0,2,1,3,7,Typ,1,,,56.0,,1,244,,,Y,0,98,0,0,0,0,,,,0,3,WD,Normal,0,1,1,0,1,1,1,1,1,1,1,1,0,1,1,1,1,1,1
9,FV,4.553876891600541,10.185318530890093,Pave,,Reg,Lvl,AllPub,Corner,Gtl,Somerst,Norm,Norm,1Fam,1Story,7,5,1,0,Gable,CompShg,CemntBd,CmentBd,,,4,3,PConc,,,,,0,,0,1428,1428,GasA,5,Y,,7.2640301428995295,0,0,7.2640301428995295,0,0,2,0,3,1,4,6,Typ,0,,,1.0,,2,480,,,Y,0,120,0,0,0,0,,,,0,12,New,Partial,0,1,1,1,1,1,1,1,1,1,1,1,0,1,1,1,1,1,1
8,RL,4.276666119016055,9.620654483038743,Pave,,Reg,Lvl,AllPub,Inside,Gtl,Edwards,Norm,Norm,1Fam,SLvl,6,6,33,33,Hip,CompShg,MetalSd,MetalSd,,255.0,3,3,CBlock,,,,,631,,0,410,1041,GasA,5,Y,,7.025538314638521,0,0,7.025538314638521,1,0,1,0,3,1,3,6,Typ,1,,,32.0,,1,352,,,Y,296,0,0,0,0,0,,,,0,10,WD,Abnorml,0,1,1,0,1,1,1,1,1,1,1,1,0,1,1,1,1,1,1
9,RL,,10.163410380432376,Pave,,IR1,Lvl,AllPub,Corner,Gtl,NAmes,Norm,Norm,1Fam,1Story,5,6,52,52,Gable,CompShg,BrkFace,BrkFace,,0.0,3,3,CBlock,,,,,486,,0,522,1008,GasA,4,Y,,6.915723448631314,0,0,6.915723448631314,0,0,1,0,2,1,3,4,Typ,1,,,52.0,,1,275,,,Y,0,0,1,0,0,0,,,,0,7,WD,Normal,1,1,1,0,1,1,1,1,1,1,1,1,0,1,1,1,1,1,1
9,RL,4.110873864173311,10.032673402911296,Pave,,IR1,Lvl,AllPub,Inside,Gtl,CollgCr,Norm,Norm,1Fam,1Story,8,5,1,1,Gable,CompShg,VinylSd,VinylSd,,270.0,4,3,PConc,,,,,0,,0,1622,1622,GasA,5,Y,,7.396335293800808,0,0,7.396335293800808,1,0,2,0,3,1,5,8,Typ,1,,,1.0,,3,860,,,Y,172,42,0,0,0,0,,,,0,1,WD,Normal,0,1,1,0,1,1,1,1,1,1,1,1,0,1,1,1,1,1,1
12,FV,4.1588830833596715,9.854791012206103,Pave,,IR1,Lvl,AllPub,Inside,Gtl,Somerst,Norm,Norm,1Fam,2Story,6,5,5,5,Gable,CompShg,VinylSd,VinylSd,,0.0,4,3,PConc,,,,,503,,0,361,864,GasA,5,Y,,6.761572768804055,864,0,7.454719949364001,0,0,2,1,3,1,4,7,Typ,0,,,5.0,,2,673,,,Y,216,56,0,0,0,0,,,,0,5,WD,Normal,0,1,1,0,1,1,1,1,1,1,1,1,0,1,1,1,1,1,1
9,RL,4.007333185232471,9.780212821903858,Pave,,Reg,Lvl,AllPub,Inside,Gtl,Sawyer,Feedr,Norm,1Fam,1Story,5,5,40,40,Hip,CompShg,HdBoard,HdBoard,,0.0,3,3,CBlock,,,,,250,,1,210,952,GasA,5,Y,,7.099201743553092,0,0,7.099201743553092,0,0,1,0,3,1,3,5,Typ,1,,,40.0,,1,322,,,Y,0,63,0,0,0,0,,,,0,8,WD,Normal,0,1,1,0,1,1,1,1,1,1,1,1,0,1,1,1,1,1,1
9,RL,4.248495242049359,9.677795994550392,Pave,,Reg,Lvl,AllPub,Inside,Gtl,NAmes,Norm,Norm,1Fam,1Story,5,5,47,47,Gable,CompShg,BrkFace,Wd Sdng,,0.0,3,3,CBlock,,,,,369,,0,671,1040,GasA,3,Y,,6.946975992135418,0,0,6.946975992135418,0,0,1,0,3,1,3,6,Typ,0,,,47.0,,1,286,,,Y,140,0,1,0,0,0,,,,0,7,WD,Normal,0,1,1,0,1,1,1,1,1,1,1,1,0,1,1,1,1,1,1
9,RL,,10.610790279828434,Pave,,IR1,Lvl,AllPub,Corner,Gtl,Timber,Norm,Norm,1Fam,1Story,8,6,25,25,Hip,WdShake,Plywood,Plywood,,653.0,4,3,CBlock,,,,,0,,0,1686,1686,GasA,3,Y,,7.442492722794441,0,0,7.442492722794441,0,0,2,1,2,1,3,6,Typ,1,,,25.0,,2,511,,,Y,574,64,0,0,0,0,,,,0,1,WD,Normal,1,1,1,0,1,1,1,1,1,1,1,1,0,1,1,1,1,1,1
12,RL,4.143134726391533,9.893320904547664,Pave,,IR1,Lvl,AllPub,Inside,Gtl,Gilbert,Norm,Norm,1Fam,2Story,7,5,8,8,Hip,CompShg,VinylSd,VinylSd,,0.0,3,3,PConc,,,,,0,,0,935,935,GasA,4,Y,,6.86171134048073,677,0,7.397561535524052,0,0,2,1,3,1,3,8,Typ,1,,,8.0,,2,462,,,Y,0,28,0,0,0,0,,,,0,6,WD,Normal,0,1,1,0,1,1,1,1,1,1,1,1,0,1,1,1,1,1,1
9,RL,,10.15470058115389,Pave,,IR1,Lvl,AllPub,Inside,Gtl,Sawyer,Norm,Norm,1Fam,1Story,5,6,53,14,Hip,CompShg,Wd Sdng,Wd Sdng,,180.0,3,3,CBlock,,,,,1302,,0,90,1392,GasA,3,Y,,7.238496840894365,0,0,7.238496840894365,1,0,1,1,3,1,3,5,Mod,1,,,53.0,,2,528,,,Y,0,0,0,0,1,0,,,,0,5,WD,Normal,1,1,1,0,1,1,1,1,1,1,1,1,0,1,1,1,1,1,1
9,RL,4.3694478524670215,10.078777104899444,Pave,,Reg,Lvl,AllPub,Inside,Gtl,NAmes,Norm,Norm,1Fam,1Story,5,6,56,56,Gable,CompShg,MetalSd,MetalSd,,0.0,3,3,PConc,,,,,428,,1,0,608,GasA,3,Y,,7.1846291527173145,0,0,7.1846291527173145,1,0,1,0,3,1,3,5,Min2,0,,,56.0,,1,270,,,Y,66,0,0,0,0,0,,,,0,11,WD,Normal,0,1,1,0,1,1,1,1,1,1,1,1,0,1,1,1,1,1,1
12,RL,5.003946305945459,10.27802685122819,Pave,,IR2,Lvl,AllPub,Inside,Gtl,Gilbert,Norm,Norm,1Fam,2Story,6,5,4,4,Gable,CompShg,VinylSd,VinylSd,,0.0,4,3,PConc,,,,,0,,0,742,742,GasA,5,Y,,6.60934924316738,742,0,7.302496423727326,0,0,2,1,3,1,4,8,Typ,1,,,4.0,,2,390,,,Y,36,24,0,0,0,0,,,,0,6,WD,Normal,0,1,1,0,1,1,1,1,1,1,1,1,0,1,1,1,1,1,1
9,RL,4.23410650459726,9.996894161789411,Pave,,IR1,Lvl,AllPub,Inside,Gtl,CollgCr,Norm,Norm,1Fam,1Story,5,6,37,37,Gable,CompShg,HdBoard,Plywood,,0.0,3,3,CBlock,,,,,523,,0,448,971,GasA,3,Y,,6.878326468291325,0,0,6.878326468291325,0,0,1,1,3,1,3,5,Typ,1,,,37.0,,1,300,,,Y,0,0,0,0,0,0,,,,0,5,WD,Normal,0,1,1,0,1,1,1,1,1,1,1,1,0,1,1,1,1,1,1
8,RL,,10.153867774552241,Pave,,IR1,Lvl,AllPub,Corner,Gtl,Mitchel,Norm,Norm,1Fam,SLvl,6,5,31,31,Gable,CompShg,HdBoard,HdBoard,,0.0,3,3,PConc,,,,,539,,0,490,1029,GasA,3,Y,,6.967909201801884,0,0,6.967909201801884,1,0,1,0,3,1,3,5,Typ,2,,,31.0,,2,539,,,Y,120,0,0,0,0,0,,,,0,5,WD,Normal,1,1,1,0,1,1,1,1,1,1,1,1,0,1,1,1,1,1,1
3,RL,3.5553480614894135,9.933530581766188,Pave,,IR1,Lvl,AllPub,CulDSac,Gtl,Edwards,Norm,Norm,Duplex,SFoyer,6,5,31,31,Flat,Tar&Grv,WdShing,Plywood,,250.0,3,3,CBlock,,,,,945,,0,0,945,GasA,3,Y,,6.887552571664617,0,0,6.887552571664617,0,2,2,0,4,0,3,4,Typ,0,,,,,0,0,,,Y,0,0,0,0,0,0,,,,0,10,WD,AdjLand,0,1,1,0,1,1,1,1,1,1,1,1,1,1,1,1,1,1,1
11,RL,,8.654899859069825,Pave,,IR1,Lvl,AllPub,Corner,Gtl,NridgHt,Norm,Norm,TwnhsE,1Story,7,5,3,3,Gable,CompShg,VinylSd,Wd Shng,,163.0,4,3,PConc,,,,,0,,0,1405,1405,GasA,5,Y,,7.247792581767846,0,0,7.247792581767846,0,0,2,0,2,1,4,6,Typ,1,,,3.0,,2,478,,,Y,148,36,0,0,0,0,,,,0,3,WD,Normal,1,1,1,0,1,1,1,1,1,1,1,1,0,1,1,1,1,1,1
12,RL,4.060443010546419,10.102703686299165,Pave,,IR1,Lvl,AllPub,Inside,Gtl,Gilbert,RRAn,Norm,1Fam,2Story,6,5,6,6,Gable,CompShg,VinylSd,VinylSd,,0.0,3,3,PConc,,,,,786,,0,173,959,GasA,5,Y,,6.8658910748834385,712,0,7.421177528595393,1,0,2,1,3,1,3,7,Typ,1,,,6.0,,2,472,,,Y,0,38,0,0,0,0,,,,0,2,WD,Normal,0,1,1,0,1,1,1,1,1,1,1,1,0,1,1,1,1,1,1
9,RL,4.356708826689592,10.022725181325429,Pave,,Reg,Lvl,AllPub,Inside,Gtl,NWAmes,Norm,Norm,1Fam,1Story,5,6,31,31,Gable,CompShg,HdBoard,HdBoard,,0.0,3,3,CBlock,,,,,788,,0,268,1056,GasA,5,Y,,6.97914527506881,0,0,6.97914527506881,1,0,1,1,3,1,3,6,Typ,0,,,31.0,,2,495,,,Y,0,88,0,0,0,0,,,,0,7,WD,Normal,0,1,1,0,1,1,1,1,1,1,1,1,0,1,1,1,1,1,1
12,RL,,10.466571073515212,Pave,,IR2,Lvl,AllPub,Corner,Gtl,Gilbert,Feedr,Norm,1Fam,2Story,5,6,58,56,Gable,CompShg,Plywood,Plywood,,0.0,3,3,Slab,,,,,0,,0,0,0,GasA,4,Y,,7.344072850573066,720,1,7.749322464660356,0,0,2,0,2,1,3,7,Typ,1,,,27.0,,2,672,,,P,120,144,0,0,0,0,,,,0,5,WD,Normal,1,1,1,0,1,1,1,1,1,1,1,1,0,1,1,1,1,1,1
11,RL,4.007333185232471,9.728172272823457,Pave,,Reg,Lvl,AllPub,Inside,Gtl,SawyerW,Norm,Norm,TwnhsE,1Story,6,5,31,31,Gable,CompShg,Plywood,Plywood,,0.0,3,3,CBlock,,,,,0,,0,918,918,GasA,3,Y,,6.822197390620491,0,0,6.822197390620491,0,0,2,0,2,1,3,5,Typ,1,,,31.0,,1,264,,,Y,28,0,0,0,0,0,,,,0,4,WD,Normal,0,1,1,0,1,1,1,1,1,1,1,1,0,1,1,1,1,1,1
9,RL,4.499809670330265,10.093540655738622,Pave,,IR1,Lvl,AllPub,Corner,Gtl,Veenker,Norm,Norm,1Fam,1Story,5,8,31,3,Gable,CompShg,Plywood,Plywood,,0.0,4,4,CBlock,,,,,1157,,0,280,1437,GasA,3,Y,,7.270312886079025,0,0,7.270312886079025,1,0,2,0,3,1,4,6,Typ,1,,,31.0,,2,528,,,Y,0,21,0,0,1,0,,,,0,7,WD,Normal,0,1,1,0,1,1,1,1,1,1,1,1,0,1,1,1,1,1,1
11,RL,3.970291913552122,8.948556679542405,Pave,,Reg,Lvl,AllPub,Inside,Gtl,NPkVill,Norm,Norm,TwnhsE,1Story,6,5,33,33,Gable,CompShg,Plywood,Plywood,,0.0,3,3,CBlock,,,,,360,,0,709,1069,GasA,3,Y,,6.974478911025045,0,0,6.974478911025045,0,0,2,0,2,1,3,4,Typ,1,,,33.0,,2,440,,,Y,0,55,0,0,1,0,,,,0,7,WD,Normal,0,1,1,0,1,1,1,1,1,1,1,1,0,1,1,1,1,1,1
12,RL,4.356708826689592,10.19149094176524,Pave,,Reg,Lvl,AllPub,Inside,Gtl,NWAmes,RRAn,Norm,1Fam,2Story,6,6,41,41,Gable,CompShg,MetalSd,MetalSd,,0.0,3,3,CBlock,,,,,298,,0,429,727,GasA,5,Y,,6.720220155135295,727,0,7.349873704738337,0,0,1,1,4,1,3,8,Typ,0,,,41.0,,2,441,,,Y,0,0,0,0,0,0,,,,0,5,WD,Normal,0,1,1,0,1,1,1,1,1,1,1,1,0,1,1,1,1,1,1
12,RL,4.382026634673881,10.152096141730643,Pave,,Reg,Lvl,AllPub,Corner,Gtl,Timber,Norm,Norm,1Fam,2Story,7,5,8,7,Gable,CompShg,VinylSd,VinylSd,,44.0,4,3,PConc,,,,,624,,0,193,817,GasA,5,Y,,6.714170529909472,1070,0,7.546446273746024,1,0,2,1,4,1,4,8,Typ,1,,,8.0,,2,510,,,Y,0,40,0,0,0,0,,,,0,2,WD,Normal,0,1,1,0,1,1,1,1,1,1,1,1,0,1,1,1,1,1,1
9,RL,4.700480365792417,10.422730163796526,Pave,,Reg,Lvl,AllPub,Corner,Gtl,NridgHt,Norm,Norm,1Fam,1Story,8,5,1,1,Hip,CompShg,VinylSd,VinylSd,,375.0,4,3,PConc,,,,,0,,0,1935,1935,GasA,4,Y,,7.587310506022615,0,0,7.587310506022615,0,0,2,0,3,1,4,9,Typ,1,,,1.0,,3,895,,,Y,315,45,0,0,0,0,,,,0,7,New,Partial,0,1,1,0,1,1,1,1,1,1,1,1,0,1,1,1,1,1,1
8,RL,4.564348191467836,10.147812602537678,Pave,,Reg,Lvl,AllPub,Corner,Gtl,NAmes,PosN,Norm,1Fam,SLvl,7,7,43,3,Mansard,WdShake,Wd Sdng,Wd Sdng,,300.0,4,4,CBlock,,,,,0,,0,710,710,GasA,5,Y,,7.5485559791698735,1080,0,7.999007213243955,0,0,2,1,5,1,4,11,Typ,1,,,49.0,,2,564,,,Y,240,0,0,0,0,0,,,,0,6,WD,Normal,0,1,1,0,1,1,1,1,1,1,1,1,0,1,1,1,1,1,1
11,RM,,9.056648331416978,Pave,,Reg,Lvl,AllPub,Inside,Gtl,CollgCr,Norm,Norm,TwnhsE,1Story,6,5,4,4,Gable,CompShg,VinylSd,VinylSd,,205.0,4,3,PConc,,,,,662,,0,186,848,GasA,5,Y,,6.742880635791903,0,0,6.742880635791903,1,0,1,0,1,1,4,3,Typ,1,,,4.0,,2,420,,,Y,149,0,0,0,0,0,,,,0,1,WD,Normal,1,1,1,0,1,1,1,1,1,1,1,1,0,1,1,1,1,1,1
8,RL,,9.819391799395005,Pave,,IR1,Lvl,AllPub,Inside,Gtl,Gilbert,Norm,Norm,1Fam,SLvl,7,5,14,13,Gable,CompShg,HdBoard,HdBoard,,22.0,3,3,PConc,,,,,0,,0,384,384,GasA,4,Y,,6.6895992691789665,670,0,7.295735072749282,0,0,2,1,3,1,3,7,Typ,1,,,14.0,,2,400,,,Y,120,72,0,0,0,0,,,,1,5,WD,Normal,1,1,1,0,1,1,1,1,1,1,1,1,0,1,1,1,1,1,1
9,RL,4.382026634673881,9.914611974179687,Pave,,Reg,Lvl,AllPub,Corner,Gtl,NAmes,Norm,Norm,1Fam,1Story,5,7,53,2,Gable,CompShg,Wd Sdng,Wd Sdng,,0.0,3,3,CBlock,,,,,480,,1,108,1056,GasA,3,Y,,6.962243464266207,0,0,6.962243464266207,0,1,1,0,3,1,3,6,Typ,0,,,53.0,,1,260,,,Y,390,0,0,0,0,0,,,,0,7,WD,Normal,0,1,1,0,1,1,1,1,1,1,1,1,0,1,1,1,1,1,1
9,RL,,9.867287827273566,Pave,,IR1,Low,AllPub,Inside,Mod,Mitchel,Norm,Norm,1Fam,1Story,5,5,23,23,Gable,CompShg,HdBoard,HdBoard,,0.0,3,3,CBlock,,,,,301,,1,239,864,GasA,3,Y,,6.804614520062624,0,0,6.804614520062624,1,0,1,0,2,1,3,5,Typ,0,,,23.0,,2,484,,,Y,164,0,0,0,0,0,,,,0,6,WD,Normal,1,1,1,0,1,1,1,1,1,1,1,1,0,1,1,1,1,1,1
8,RL,,10.051985664763077,Pave,,IR1,Lvl,AllPub,FR2,Gtl,NWAmes,Norm,Norm,1Fam,SLvl,6,6,29,29,Gable,CompShg,HdBoard,HdBoard,,233.0,3,3,CBlock,,,,,605,,0,427,1032,GasA,3,Y,,6.939253946041508,0,0,6.939253946041508,0,1,2,0,3,1,3,6,Typ,1,,,29.0,,2,564,,,Y,0,0,0,0,0,0,,,,1,7,WD,Normal,1,1,1,0,1,1,1,1,1,1,1,1,0,1,1,1,1,1,1
0,RM,4.0943445622221,9.878083714034661,Pave,,Reg,Lvl,AllPub,Corner,Gtl,IDOTRR,Norm,Norm,1Fam,1Story,5,2,87,57,Gable,CompShg,MetalSd,MetalSd,,0.0,3,2,BrkTil,,,,,0,,0,961,961,GasA,4,Y,,6.981934677156389,0,0,6.981934677156389,0,0,1,0,2,1,3,6,Maj2,0,,,87.0,,1,338,,,N,0,0,0,0,0,0,,,,0,11,WD,Abnorml,0,1,1,0,1,1,1,1,1,1,1,1,0,1,1,1,1,1,1
9,RL,4.442651256490317,9.81525495090965,Pave,,Reg,Lvl,AllPub,Inside,Gtl,NAmes,Norm,Norm,1Fam,1Story,5,3,45,45,Hip,CompShg,HdBoard,HdBoard,,203.0,3,3,CBlock,,,,,600,,0,635,1235,GasA,3,Y,,7.118826249062078,0,0,7.118826249062078,0,0,1,0,2,1,3,6,Typ,0,,,45.0,,2,480,,,Y,0,0,0,0,0,0,,,,0,12,WD,Abnorml,0,1,1,0,1,1,1,1,1,1,1,1,0,1,1,1,1,1,1
9,RL,4.736198448394496,10.047670276280993,Pave,,IR1,Lvl,AllPub,Corner,Gtl,SawyerW,Feedr,Norm,1Fam,1Story,7,5,17,16,Hip,CompShg,HdBoard,HdBoard,,0.0,4,3,PConc,,,,,738,,0,172,910,GasA,4,Y,,7.273786317844895,0,0,7.273786317844895,1,0,2,0,3,1,4,6,Typ,1,,,17.0,,2,719,,,Y,0,244,0,0,0,0,,,,0,5,WD,Normal,0,1,1,0,1,1,1,1,1,1,1,1,0,1,1,1,1,1,1
4,RM,3.044522437723423,7.939120540700647,Pave,,Reg,Lvl,AllPub,Inside,Gtl,BrDale,Norm,Norm,Twnhs,2Story,6,5,37,37,Gable,CompShg,HdBoard,HdBoard,,232.0,3,3,CBlock,,,,,387,,0,96,483,GasA,3,Y,,6.180016653652572,504,0,6.894670039433482,0,0,1,1,2,1,3,4,Typ,0,,,37.0,,1,264,,,Y,0,0,0,0,0,0,,,,0,7,COD,Abnorml,0,1,1,0,1,1,1,1,1,1,1,1,0,1,1,1,1,1,1
3,RL,4.356708826689592,10.067192341447916,Pave,,Reg,Lvl,AllPub,Inside,Gtl,Mitchel,Norm,Norm,Duplex,SFoyer,6,5,29,29,Gable,CompShg,Plywood,ImStucc,,90.0,3,3,CBlock,,,,,975,,0,0,975,GasA,3,Y,,6.911747300251674,0,0,6.911747300251674,1,0,1,0,2,1,3,4,Typ,0,,,29.0,,2,504,,,Y,0,0,0,0,0,0,,,,0,5,WD,Normal,0,1,1,0,1,1,1,1,1,1,1,1,0,1,1,1,1,1,1
9,RL,,9.882401061887073,Pave,,Reg,Lvl,AllPub,Inside,Gtl,Sawyer,Norm,Norm,1Fam,1Story,5,3,49,49,Gable,CompShg,Wd Sdng,Plywood,,0.0,3,3,CBlock,,,,,288,,0,718,1006,GasA,3,Y,,6.913737350659685,0,0,6.913737350659685,0,0,1,0,3,1,3,5,Typ,0,,,,,0,0,,,Y,0,24,0,0,0,0,,,,0,7,WD,Normal,1,1,1,0,1,1,1,1,1,1,1,1,1,1,1,1,1,1,1
2,RL,4.007333185232471,9.345080842272715,Pave,,Reg,Bnk,AllPub,Inside,Gtl,SWISU,Norm,Norm,2fmCon,2Story,5,6,96,8,Gable,CompShg,VinylSd,VinylSd,,0.0,3,2,PConc,,,,,210,,0,570,780,GasA,5,N,,6.841615476477592,780,0,7.447751280047908,1,0,2,0,6,1,2,9,Typ,0,,,,,0,0,,,N,0,184,0,0,0,0,,,,0,3,WD,Normal,0,1,1,0,1,1,1,1,1,1,1,1,1,1,1,1,1,1,1
12,RL,4.48863636973214,10.18592706042804,Pave,,IR1,Lvl,AllPub,Corner,Gtl,CollgCr,Norm,Norm,1Fam,2Story,7,5,2,2,Gable,CompShg,VinylSd,VinylSd,,0.0,4,3,PConc,,,,,0,,0,860,860,GasA,5,Y,,6.756932389247553,860,0,7.450079569807499,0,0,2,1,3,1,4,7,Typ,0,,,2.0,,2,565,,,Y,0,70,0,0,0,0,,,,0,8,WD,Normal,0,1,1,0,1,1,1,1,1,1,1,1,0,1,1,1,1,1,1
0,RM,3.912023005428146,9.407566278407877,Pave,,Reg,Lvl,AllPub,Inside,Gtl,OldTown,Norm,Norm,1Fam,1Story,4,4,87,57,Hip,CompShg,MetalSd,MetalSd,,0.0,3,3,PConc,,,,,250,,0,710,960,GasA,4,Y,,6.866933284461882,0,0,6.866933284461882,0,0,1,0,2,1,2,5,Typ,0,,,10.0,,1,308,,,Y,0,0,1,0,0,0,,,,0,7,WD,Normal,0,1,1,0,1,1,1,1,1,1,1,1,0,1,1,1,1,1,1
9,RL,4.219507705176107,9.857860827984023,Pave,,Reg,Lvl,AllPub,Inside,Gtl,CollgCr,Norm,Norm,1Fam,1Story,7,5,3,3,Gable,CompShg,VinylSd,VinylSd,,180.0,4,3,PConc,,,,,1334,,0,270,1604,GasA,5,Y,,7.38025578842646,0,0,7.38025578842646,1,0,2,1,3,1,4,8,Typ,1,,,3.0,,2,660,,,Y,123,110,0,0,0,0,,,,0,3,WD,Abnorml,0,1,1,0,1,1,1,1,1,1,1,1,0,1,1,1,1,1,1
9,RL,4.553876891600541,10.552070745030365,Pave,,IR1,Lvl,AllPub,Inside,Mod,NAmes,Norm,Norm,1Fam,1Story,8,6,37,37,Flat,Tar&Grv,Wd Sdng,Wd Sdng,,0.0,4,4,PConc,,,,,351,,1,1043,2217,GasA,5,Y,,7.7039102096163115,0,0,7.7039102096163115,1,0,2,0,4,1,4,8,Typ,1,,,37.0,,2,621,,,Y,81,207,0,0,1,0,,,,0,10,WD,Normal,0,1,1,0,1,1,1,1,1,1,1,1,0,1,1,1,1,1,1
9,RL,,10.590082601295892,Pave,,IR1,Lvl,AllPub,Inside,Gtl,Crawfor,Norm,Norm,1Fam,1Story,6,5,37,37,Gable,CompShg,Plywood,Plywood,,312.0,4,4,CBlock,,,,,1110,,0,734,1844,GasA,4,Y,,7.519692404116539,0,0,7.519692404116539,1,0,2,0,3,1,4,7,Typ,1,,,37.0,,2,540,,,Y,0,73,1,0,0,0,,,,0,12,WD,Normal,1,1,1,0,1,1,1,1,1,1,1,1,0,1,1,1,1,1,1
12,RL,4.07753744390572,9.719972365953481,Pave,,IR1,Lvl,AllPub,Inside,Gtl,Gilbert,Norm,Norm,1Fam,2Story,6,7,16,15,Gable,CompShg,VinylSd,VinylSd,,0.0,4,3,PConc,,,,,0,,0,799,799,GasA,4,Y,,6.683360945766275,772,0,7.359467638255621,0,0,2,1,3,1,3,7,Typ,1,,,16.0,,2,380,,,Y,0,40,0,0,0,0,,,,0,5,WD,Normal,0,1,1,0,1,1,1,1,1,1,1,1,0,1,1,1,1,1,1
9,RL,4.532599493153256,9.931276066728982,Pave,,IR1,Lvl,AllPub,CulDSac,Gtl,CollgCr,Norm,Norm,1Fam,1Story,7,5,9,8,Gable,CompShg,VinylSd,VinylSd,,125.0,4,3,PConc,,,,,0,,0,1468,1468,GasA,5,Y,,7.2991214627108,0,0,7.2991214627108,0,0,2,0,3,1,4,6,Typ,0,,,9.0,,2,577,,,Y,120,25,0,0,0,0,,,,0,7,WD,Normal,0,1,1,0,1,1,1,1,1,1,1,1,0,1,1,1,1,1,1
2,RL,,13.388656692086178,Grvl,,IR1,HLS,AllPub,Corner,Sev,Timber,Norm,Norm,2fmCon,1.5Fin,5,6,43,43,Gable,CompShg,Plywood,Plywood,,0.0,3,3,CBlock,,,,,1249,,1,103,1499,GasA,5,Y,,7.389563953677635,167,0,7.487733761436444,2,0,2,0,3,1,3,7,Typ,2,,,43.0,,2,529,,,Y,670,0,0,0,0,0,,,,1,8,WD,Normal,1,1,1,0,1,1,1,1,1,1,1,1,0,1,1,1,1,1,1
9,RL,4.382026634673881,9.95829931831355,Pave,,Reg,Lvl,AllPub,Inside,Gtl,NAmes,Feedr,Norm,1Fam,1Story,6,6,51,21,Hip,CompShg,Wd Sdng,Wd Sdng,,183.0,3,3,CBlock,,,,,620,,1,0,1240,GasA,4,Y,,7.397561535524052,0,0,7.397561535524052,1,0,2,0,3,1,3,6,Min1,1,,,51.0,,1,338,,,Y,289,0,0,0,0,0,,,,0,4,WD,Normal,0,1,1,0,1,1,1,1,1,1,1,1,0,1,1,1,1,1,1
12,RL,4.219507705176107,10.093650151773192,Pave,,IR1,Lvl,AllPub,Inside,Gtl,CollgCr,Norm,Norm,1Fam,2Story,8,5,2,2,Gable,CompShg,VinylSd,VinylSd,,0.0,4,3,PConc,,,,,20,,0,846,866,GasA,5,Y,,6.763884908562435,902,0,7.477604243197589,0,0,2,1,3,1,4,7,Typ,0,,,2.0,,2,578,,,Y,144,105,0,0,0,0,,,,0,4,WD,Normal,0,1,1,0,1,1,1,1,1,1,1,1,0,1,1,1,1,1,1
9,RL,,10.552444870299244,Pave,,IR1,Lvl,AllPub,Corner,Gtl,NAmes,Norm,Norm,1Fam,1Story,5,5,37,37,Gable,CompShg,VinylSd,Plywood,,0.0,3,3,CBlock,,,,,75,,1,230,1096,GasA,5,Y,,6.999422467507961,0,0,6.999422467507961,1,0,1,0,3,1,3,6,Typ,0,,,37.0,,1,299,,,Y,240,32,0,0,0,0,,,,0,3,WD,Abnorml,1,1,1,0,1,1,1,1,1,1,1,1,0,1,1,1,1,1,1
12,RL,3.828641396489095,10.85963567042243,Pave,,IR1,Lvl,AllPub,CulDSac,Gtl,NWAmes,Norm,Norm,1Fam,2Story,7,6,22,17,Gable,CompShg,Plywood,Plywood,,123.0,3,4,CBlock,,,,,0,,0,791,791,GasA,4,Y,,7.119635638017636,857,0,7.646353722445999,0,0,2,1,3,1,3,7,Typ,1,,,22.0,,2,542,,,Y,364,63,0,0,0,0,,,,0,11,WD,Normal,0,1,1,0,1,1,1,1,1,1,1,1,0,1,1,1,1,1,1
12,RL,4.23410650459726,9.682436481017549,Pave,,Reg,Lvl,AllPub,Inside,Gtl,NAmes,PosN,Norm,1Fam,2Story,6,5,40,40,Gable,CompShg,VinylSd,VinylSd,,266.0,3,3,CBlock,,,,,512,,0,148,660,GasA,3,Y,,6.492239835020471,688,0,7.206377291472252,0,0,1,1,3,1,3,6,Typ,1,,,40.0,,2,453,,,Y,188,108,0,0,0,0,,,,0,7,WD,Normal,0,1,1,0,1,1,1,1,1,1,1,1,0,1,1,1,1,1,1
12,RL,4.143134726391533,9.772936277838541,Pave,,Reg,Lvl,AllPub,Inside,Gtl,CollgCr,Norm,Norm,1Fam,2Story,7,5,3,3,Gable,CompShg,WdShing,Wd Shng,,0.0,4,3,PConc,,,,,648,,0,80,728,GasA,5,Y,,6.590301048196686,728,0,7.283448228756631,1,0,2,1,3,1,4,7,Typ,1,,,3.0,,2,410,,,Y,36,18,0,0,0,0,,,,0,10,WD,Normal,0,1,1,0,1,1,1,1,1,1,1,1,0,1,1,1,1,1,1
9,RL,3.8501476017100584,10.585723517672106,Pave,,IR1,Lvl,AllPub,CulDSac,Gtl,NAmes,Norm,Norm,1Fam,1Story,5,6,49,9,Gable,CompShg,MetalSd,MetalSd,,0.0,3,3,CBlock,,,,,1277,,0,207,1484,GasA,3,Y,,7.3777589082278725,0,0,7.3777589082278725,1,0,1,0,2,1,3,6,Typ,2,,,49.0,,1,319,,,Y,288,258,0,0,0,0,,,,0,12,WD,Normal,0,1,1,0,1,1,1,1,1,1,1,1,0,1,1,1,1,1,1
9,RL,4.248495242049359,9.89990252748898,Pave,,Reg,Lvl,AllPub,Inside,Gtl,CollgCr,Norm,Norm,1Fam,1Story,6,5,3,3,Gable,CompShg,VinylSd,VinylSd,,120.0,4,3,PConc,,,,,340,,0,1342,1682,GasA,5,Y,,7.438383530044307,0,0,7.438383530044307,1,0,2,0,3,1,4,7,Typ,0,,,3.0,,2,544,,,Y,192,23,0,0,0,0,,,,0,5,WD,Normal,0,1,1,0,1,1,1,1,1,1,1,1,0,1,1,1,1,1,1
12,RL,,9.962703810188755,Pave,,IR1,Lvl,AllPub,Corner,Gtl,Gilbert,Norm,Norm,1Fam,2Story,6,5,17,16,Gable,CompShg,VinylSd,VinylSd,,0.0,3,3,PConc,,,,,0,,0,808,808,GasA,4,Y,,6.694562058521095,785,0,7.373374309910049,0,0,2,1,3,1,3,7,Typ,1,,,16.0,,2,389,,,Y,342,40,0,0,0,0,,,,0,12,WD,Normal,1,1,1,0,1,1,1,1,1,1,1,1,0,1,1,1,1,1,1
9,RL,4.31748811353631,10.450153942594724,Pave,,Reg,Lvl,AllPub,Inside,Gtl,NAmes,Norm,Norm,1Fam,1Story,5,7,58,9,Hip,CompShg,Wd Sdng,Wd Sdng,,70.0,4,3,CBlock,,,,,650,,1,178,1008,GasA,5,Y,,7.217443431696533,0,0,7.217443431696533,1,0,1,0,2,1,3,6,Min1,2,,,58.0,,1,288,,,Y,324,42,0,0,1,0,,,,1,6,WD,Normal,0,1,1,0,1,1,1,1,1,1,1,1,0,1,1,1,1,1,1
4,RL,3.1780538303479458,8.292834175625979,Pave,,Reg,Lvl,AllPub,Inside,Gtl,NPkVill,Norm,Norm,Twnhs,2Story,6,6,31,31,Gable,CompShg,Plywood,Brk Cmn,,0.0,3,3,CBlock,,,,,311,,0,544,855,GasA,3,Y,,6.75110146893676,586,0,7.273092595999522,0,0,2,1,3,1,3,7,Typ,1,,,31.0,,2,440,,,Y,28,0,0,0,0,0,,,,0,4,WD,Normal,0,1,1,0,1,1,1,1,1,1,1,1,0,1,1,1,1,1,1
9,RL,4.672828834461906,10.394497977808905,Pave,,Reg,Lvl,AllPub,Inside,Gtl,NridgHt,Norm,Norm,1Fam,1Story,8,5,1,0,Hip,CompShg,VinylSd,VinylSd,,436.0,4,3,PConc,,,,,1400,,0,310,1710,GasA,5,Y,,7.444248649496705,0,0,7.444248649496705,1,0,2,0,2,1,4,6,Typ,1,,,1.0,,3,866,,,Y,0,102,0,0,0,0,,,,0,1,New,Partial,0,1,1,0,1,1,1,1,1,1,1,1,0,1,1,1,1,1,1
12,RL,,9.866626379937406,Pave,,IR1,Lvl,AllPub,Inside,Gtl,SawyerW,Norm,Norm,1Fam,2Story,7,5,16,8,Gable,CompShg,VinylSd,VinylSd,,0.0,4,3,PConc,,,,,695,,0,253,948,GasA,5,Y,,7.108244139731541,888,0,7.6544432264701125,1,0,2,1,3,1,4,8,Typ,2,,,16.0,,2,463,,,Y,0,130,0,0,0,0,,,,0,5,WD,Normal,1,1,1,0,1,1,1,1,1,1,1,1,0,1,1,1,1,1,1
12,RL,,10.362177970554907,Pave,,IR1,Lvl,AllPub,CulDSac,Gtl,Sawyer,RRAe,Norm,1Fam,2Story,6,8,34,5,Gable,CompShg,HdBoard,Plywood,,289.0,4,3,CBlock,,,,,533,,0,192,725,GasA,5,Y,,6.586171654854675,754,0,7.2991214627108,0,0,2,1,3,1,4,6,Typ,0,,,34.0,,2,475,,,Y,0,44,0,0,0,0,,,,0,3,WD,Normal,1,1,1,0,1,1,1,1,1,1,1,1,0,1,1,1,1,1,1
11,RH,3.5263605246161616,8.952847409432692,Pave,,Reg,Lvl,AllPub,Inside,Gtl,NAmes,Norm,Norm,TwnhsE,SFoyer,7,5,9,9,Gable,CompShg,MetalSd,MetalSd,,182.0,3,3,PConc,,,,,584,,1,0,723,GasA,5,Y,,6.642486801367256,0,0,6.642486801367256,1,0,1,0,1,1,3,4,Typ,0,,,9.0,,1,367,,,Y,120,40,0,0,0,0,,,,0,6,WD,Normal,0,1,1,0,1,1,1,1,1,1,1,1,0,1,1,1,1,1,1
12,RL,4.060443010546419,10.641410626854963,Pave,,IR1,Lvl,AllPub,Inside,Gtl,Gilbert,Norm,Norm,1Fam,2Story,7,5,0,0,Gable,CompShg,VinylSd,VinylSd,,0.0,4,3,PConc,,,,,554,,0,100,654,GasA,5,Y,,6.498282149476434,832,0,7.310550158534422,1,0,2,1,3,1,4,7,Typ,1,,,0.0,,2,426,,,Y,100,24,0,0,0,0,,,,0,9,New,Partial,0,1,1,0,1,1,1,1,1,1,1,1,0,1,1,1,1,1,1
11,RL,3.970291913552122,8.930945140183441,Pave,,Reg,Lvl,AllPub,Inside,Gtl,Blmngtn,Norm,Norm,TwnhsE,1Story,8,5,0,0,Hip,CompShg,VinylSd,VinylSd,,0.0,4,3,PConc,,,,,1154,,0,366,1520,GasA,5,Y,,7.356918242356021,0,0,7.356918242356021,1,0,2,0,1,1,5,7,Typ,1,,,0.0,,3,648,,,Y,312,0,0,0,0,0,,,,0,10,New,Partial,0,1,1,0,1,1,1,1,1,1,1,1,0,1,1,1,1,1,1
9,RL,4.04305126783455,9.48656111375324,Pave,,IR1,Lvl,AllPub,Inside,Gtl,Edwards,Norm,Norm,1Fam,1Story,5,7,54,54,Gable,CompShg,Wd Sdng,Wd Sdng,,0.0,3,3,PConc,,,,,210,,1,219,980,GasA,2,Y,,7.045776576879511,0,0,7.045776576879511,0,1,1,0,2,1,3,6,Typ,0,,,54.0,,1,308,,,Y,0,0,0,0,0,0,,,,0,9,WD,Normal,0,1,1,0,1,1,1,1,1,1,1,1,0,1,1,1,1,1,1
12,RL,4.454347296253507,10.12562982735909,Pave,,IR1,Lvl,AllPub,Inside,Gtl,NridgHt,Norm,Norm,1Fam,2Story,8,5,0,0,Gable,CompShg,VinylSd,VinylSd,,788.0,4,3,PConc,,,,,0,,0,1085,1085,GasA,5,Y,,7.02108396428914,850,0,7.585788821732034,0,0,2,1,3,1,5,8,Typ,1,,,0.0,,3,753,,,Y,177,74,0,0,0,0,,,,0,10,New,Partial,0,1,1,0,1,1,1,1,1,1,1,1,0,1,1,1,1,1,1
12,RL,,9.954862372759653,Pave,,IR1,Lvl,AllPub,Inside,Gtl,NoRidge,Norm,Norm,1Fam,2Story,8,5,17,17,Gable,CompShg,Wd Sdng,Wd Sdng,,336.0,4,3,PConc,,,,,482,,0,971,1453,GasA,5,Y,,7.2813856635702825,1357,0,7.940939762327791,0,0,2,1,4,1,4,9,Typ,1,,,17.0,,2,750,,,Y,500,0,0,0,0,0,,,,0,6,WD,Normal,1,1,1,0,1,1,1,1,1,1,1,1,0,1,1,1,1,1,1
12,RL,4.382026634673881,9.908238757791791,Pave,,Reg,Lvl,AllPub,Inside,Gtl,NoRidge,Norm,Norm,1Fam,2Story,8,5,10,10,Gable,CompShg,VinylSd,VinylSd,,473.0,4,3,PConc,,,,,986,,0,484,1470,GasA,4,Y,,7.293017679772782,1160,0,7.874739125171811,1,0,2,1,4,1,4,8,Typ,1,,,10.0,,3,696,,,Y,0,66,0,0,0,0,,,,0,6,WD,Normal,0,1,1,0,1,1,1,1,1,1,1,1,0,1,1,1,1,1,1
3,RL,4.382026634673881,10.181355562811735,Pave,,Reg,Lvl,AllPub,Corner,Gtl,NAmes,Feedr,Norm,Duplex,2Story,5,5,50,50,Gable,CompShg,MetalSd,MetalSd,,361.0,3,3,CBlock,,,,,443,,0,662,1105,GasA,3,Y,,7.007600613951853,1169,0,7.729295674310482,0,0,2,0,5,2,3,12,Typ,0,,,50.0,,2,480,,,Y,0,0,0,0,0,0,,,,0,1,WD,Normal,0,1,1,0,1,1,1,1,1,1,1,1,0,1,1,1,1,1,1
9,RL,4.330733340286331,9.897970509860052,Pave,,Reg,Lvl,AllPub,Inside,Gtl,NAmes,Norm,Norm,1Fam,1Story,6,6,50,50,Hip,CompShg,MetalSd,MetalSd,,0.0,3,3,CBlock,,,,,662,,0,599,1261,GasA,5,Y,,7.13966033596492,0,0,7.13966033596492,1,0,1,0,3,1,3,6,Typ,1,,,50.0,,2,433,,,Y,0,0,0,0,1,0,,,,1,11,WD,Normal,0,1,1,0,1,1,1,1,1,1,1,1,0,1,1,1,1,1,1
9,RL,4.31748811353631,9.998910156414333,Pave,,Reg,Lvl,AllPub,Corner,Gtl,Edwards,Norm,Norm,1Fam,1Story,5,7,45,10,Hip,CompShg,MetalSd,MetalSd,,0.0,3,4,PConc,,,,,637,,0,849,1486,GasA,5,Y,,7.303843225277705,0,0,7.303843225277705,1,0,1,0,3,1,3,7,Typ,0,,,41.0,,2,480,,,Y,0,0,0,0,0,0,,,,0,3,WD,Normal,0,1,1,0,1,1,1,1,1,1,1,1,0,1,1,1,1,1,1
9,RL,4.04305126783455,9.695792720969276,Pave,,Reg,Lvl,AllPub,Inside,Gtl,NAmes,Norm,Norm,1Fam,1Story,5,5,55,55,Gable,CompShg,VinylSd,VinylSd,,0.0,3,3,CBlock,,,,,570,,0,203,773,GasA,4,Y,,6.650279048587422,0,0,6.650279048587422,0,0,1,0,2,1,3,4,Typ,0,,,55.0,,1,240,,,Y,0,0,0,0,0,0,,,,0,4,WD,Abnorml,0,1,1,0,1,1,1,1,1,1,1,1,0,1,1,1,1,1,1
9,RL,4.382026634673881,9.801361141894677,Pave,,Reg,Lvl,AllPub,Inside,Gtl,NAmes,Norm,Norm,1Fam,1Story,6,9,46,3,Gable,CompShg,Wd Sdng,Wd Sdng,,237.0,4,4,CBlock,,,,,0,,0,1319,1319,GasA,3,Y,,7.337587743538596,0,0,7.337587743538596,1,0,1,1,3,1,4,7,Typ,1,,,46.0,,2,462,,,Y,0,36,0,0,0,0,,,,0,7,COD,Abnorml,0,1,1,0,1,1,1,1,1,1,1,1,0,1,1,1,1,1,1
12,RL,4.382026634673881,10.052552325239192,Pave,,Reg,Lvl,AllPub,Corner,Gtl,CollgCr,Norm,Norm,1Fam,2Story,7,5,11,11,Gable,CompShg,VinylSd,VinylSd,,0.0,3,3,PConc,,,,,0,,0,866,866,GasA,5,Y,,6.763884908562435,913,0,7.483806687665835,0,0,2,1,3,1,4,6,Typ,0,,,11.0,,2,546,,,Y,198,36,0,0,0,0,,,,0,3,WD,Normal,0,1,1,0,1,1,1,1,1,1,1,1,0,1,1,1,1,1,1
9,RL,4.343805421853684,9.923477865924378,Pave,,IR1,Lvl,AllPub,Inside,Gtl,NAmes,Norm,Norm,1Fam,1Story,4,5,51,51,Gable,CompShg,Plywood,Plywood,,0.0,3,3,CBlock,,,,,569,,0,381,950,GasA,2,Y,,7.110696122978827,0,0,7.110696122978827,1,0,1,1,3,1,3,6,Typ,0,,,,,0,0,,,Y,352,0,0,0,0,0,,,,1,1,WD,Normal,0,1,1,0,1,1,1,1,1,1,1,1,1,1,1,1,1,1,1
11,RM,3.58351893845611,9.055863565872906,Pave,,Reg,Lvl,AllPub,Inside,Gtl,CollgCr,Norm,Norm,TwnhsE,1Story,6,5,4,4,Gable,CompShg,VinylSd,VinylSd,,170.0,4,3,PConc,,,,,659,,0,189,848,GasA,5,Y,,6.742880635791903,0,0,6.742880635791903,1,0,1,0,1,1,4,3,Typ,0,,,4.0,,2,420,,,Y,140,0,0,0,0,0,,,,0,11,WD,Normal,0,1,1,0,1,1,1,1,1,1,1,1,0,1,1,1,1,1,1
5,RM,3.912023005428146,9.828989142929691,Pave,,Reg,Bnk,AllPub,Inside,Gtl,IDOTRR,Norm,Norm,1Fam,1.5Fin,6,6,69,56,Gable,CompShg,MetalSd,MetalSd,,0.0,3,3,BrkTil,,,,,0,,0,780,780,GasA,3,Y,,6.659293919683638,596,0,7.226936018493289,0,0,2,0,3,1,3,7,Typ,1,,,69.0,,1,198,,,N,0,0,0,0,0,0,,,,0,6,WD,Normal,0,1,1,0,1,1,1,1,1,1,1,1,0,1,1,1,1,1,1
4,FV,3.5263605246161616,8.688970695116007,Pave,,Reg,Lvl,AllPub,Inside,Gtl,Somerst,Norm,Norm,TwnhsE,2Story,6,5,10,10,Gable,CompShg,MetalSd,MetalSd,,894.0,3,3,PConc,,,,,381,,0,348,729,GasA,4,Y,,6.60934924316738,729,0,7.293697720601438,0,0,2,1,3,1,3,6,Typ,0,,,10.0,,2,440,,,Y,0,24,0,0,0,0,,,,0,3,WD,Normal,0,1,1,0,1,1,1,1,1,1,1,1,0,1,1,1,1,1,1
0,RL,3.9318256327243257,9.387957975995107,Pave,,IR1,Bnk,AllPub,Inside,Gtl,BrkSide,Norm,Norm,1Fam,1Story,4,7,83,48,Gable,CompShg,Wd Sdng,Wd Sdng,,0.0,3,3,PConc,,,,,0,,0,440,440,GasA,3,Y,,6.767343125265392,0,0,6.767343125265392,0,0,1,0,2,1,2,4,Typ,0,,,,,0,0,,,Y,0,0,0,0,0,0,,,,0,8,WD,Normal,0,1,1,0,1,1,1,1,1,1,1,1,1,1,1,1,1,1,1
4,FV,3.5263605246161616,8.688970695116007,Pave,,Reg,Lvl,AllPub,Corner,Gtl,Somerst,Norm,Norm,TwnhsE,2Story,6,5,8,8,Gable,CompShg,MetalSd,MetalSd,,1129.0,3,3,PConc,,,,,419,,0,310,729,GasA,4,Y,,6.591673732008658,729,0,7.284820912568604,0,0,2,1,2,1,3,5,Typ,1,,,8.0,,2,440,,,Y,0,32,0,0,0,0,,,,0,6,WD,Normal,0,1,1,0,1,1,1,1,1,1,1,1,0,1,1,1,1,1,1
9,RL,4.605170185988092,10.347461646742751,Pave,,IR1,Lvl,AllPub,Inside,Gtl,Sawyer,Norm,Norm,1Fam,1Story,5,5,32,32,Hip,CompShg,HdBoard,Plywood,,0.0,3,3,CBlock,,,,,762,,0,102,864,GasA,3,Y,,6.795705775173514,0,0,6.795705775173514,1,0,1,0,3,1,3,5,Typ,1,,,32.0,,2,440,,,Y,241,0,0,0,0,0,,,,0,6,WD,Normal,0,1,1,0,1,1,1,1,1,1,1,1,0,1,1,1,1,1,1
12,RL,4.30406509320417,10.022841333791469,Pave,,IR1,Lvl,AllPub,Corner,Gtl,Gilbert,Norm,Norm,1Fam,2Story,7,5,11,11,Gable,CompShg,VinylSd,VinylSd,,40.0,3,3,PConc,,,,,0,,0,832,832,GasA,4,Y,,6.785587645007929,833,0,7.4489161025442,0,0,2,1,3,1,3,7,Typ,1,,,11.0,,2,427,,,Y,0,94,0,0,1,0,,,,0,12,WD,Normal,0,1,1,0,1,1,1,1,1,1,1,1,0,1,1,1,1,1,1
6,RL,,10.609220887234985,Pave,,IR1,Lvl,AllPub,CulDSac,Gtl,Sawyer,RRAe,Norm,1Fam,SFoyer,5,5,32,26,Gable,CompShg,HdBoard,HdBoard,,0.0,3,3,CBlock,,,,,1390,,0,0,1390,GasA,3,Y,,7.438971592395862,0,0,7.438971592395862,1,0,2,0,3,1,3,6,Min2,2,,,32.0,,2,611,,,Y,0,0,0,0,0,0,,,,0,1,WD,Normal,1,1,1,0,1,1,1,1,1,1,1,1,0,1,1,1,1,1,1
9,RL,,10.291662123360734,Pave,,IR1,Lvl,AllPub,FR2,Gtl,NAmes,Norm,Norm,1Fam,1Story,4,5,36,36,Hip,CompShg,MetalSd,MetalSd,,0.0,3,3,CBlock,,,,,600,,0,264,864,GasA,3,Y,,6.761572768804055,0,0,6.761572768804055,0,0,1,0,3,1,3,5,Typ,0,,,28.0,,2,576,,,Y,216,0,0,0,0,0,,,,0,4,COD,Normal,1,1,1,0,1,1,1,1,1,1,1,1,0,1,1,1,1,1,1
8,RL,4.382026634673881,9.95829931831355,Pave,,Reg,Lvl,AllPub,FR2,Gtl,Veenker,Feedr,Norm,1Fam,SLvl,6,7,31,13,Hip,CompShg,Plywood,Plywood,,360.0,4,4,CBlock,,,,,0,,0,528,528,GasA,5,Y,,6.9975959829819265,761,0,7.5256399750415355,0,0,2,1,3,1,3,7,Typ,1,,,31.0,,2,512,,,Y,113,100,0,0,0,0,,,,0,8,WD,Normal,0,1,1,0,1,1,1,1,1,1,1,1,0,1,1,1,1,1,1
9,RL,3.8501476017100584,10.261667488473579,Pave,,IR1,Lvl,AllPub,Inside,Gtl,Timber,Norm,Norm,1Fam,1Story,6,5,22,22,Gable,CompShg,VinylSd,Plywood,,132.0,3,3,CBlock,,,,,1398,,1,0,1606,GasA,3,Y,,7.409136443920128,0,0,7.409136443920128,1,0,2,0,3,1,3,7,Min2,1,,,22.0,,2,616,,,Y,192,0,0,0,0,0,,,,0,11,WD,Normal,0,1,1,0,1,1,1,1,1,1,1,1,0,1,1,1,1,1,1
4,FV,3.6888794541139363,8.921893221787737,Pave,,Reg,Lvl,AllPub,Corner,Gtl,Somerst,Norm,Norm,TwnhsE,2Story,6,5,0,0,Gable,CompShg,VinylSd,VinylSd,,76.0,4,3,PConc,,,,,0,,0,612,612,GasA,5,Y,,6.416732282512326,612,0,7.1098794630722715,0,0,2,1,2,1,4,4,Typ,0,,,0.0,,2,528,,,Y,0,234,0,0,0,0,,,,0,6,New,Partial,0,1,1,0,1,1,1,1,1,1,1,1,0,1,1,1,1,1,1
9,RM,3.912023005428146,9.407566278407877,Pave,,Reg,Lvl,AllPub,Inside,Gtl,OldTown,Norm,Norm,1Fam,1Story,5,6,51,51,Hip,CompShg,BrkFace,BrkFace,,0.0,3,3,CBlock,,,,,308,,0,620,928,GasA,4,Y,,6.833031732786201,0,0,6.833031732786201,0,0,1,0,3,1,3,5,Typ,0,,,51.0,,1,288,,,Y,0,0,0,0,0,0,,,,0,6,WD,Normal,0,1,1,0,1,1,1,1,1,1,1,1,0,1,1,1,1,1,1
2,RM,4.248495242049359,9.32711223586395,Pave,,Reg,Lvl,AllPub,Inside,Gtl,IDOTRR,Norm,Norm,2fmCon,2Story,4,5,80,60,Hip,CompShg,VinylSd,Wd Shng,,0.0,2,2,Slab,,,,,0,,0,0,0,GasA,2,N,,5.918893854273146,720,0,6.9957661563048505,0,0,2,0,3,2,2,7,Mod,0,,,,,0,0,,,N,0,0,0,0,0,0,,,,1,7,WD,Normal,0,1,1,0,1,1,1,1,1,1,1,1,1,1,1,1,1,1,1
7,RM,4.0943445622221,9.95829931831355,Pave,,Reg,Lvl,AllPub,Inside,Gtl,OldTown,Norm,Norm,1Fam,2Story,7,7,81,16,Gable,CompShg,Wd Sdng,Wd Sdng,,0.0,3,3,BrkTil,,,,,16,,0,712,728,GasA,5,Y,,6.723832440821209,809,0,7.403061091090091,0,1,1,1,3,1,5,6,Typ,1,,,81.0,,2,546,,,Y,0,0,1,0,0,0,,,,0,8,WD,Normal,0,1,1,0,1,1,1,1,1,1,1,1,0,1,1,1,1,1,1
12,RL,4.499809670330265,10.19149094176524,Pave,,Reg,Lvl,AllPub,Corner,Gtl,NWAmes,Norm,Norm,1Fam,2Story,6,6,38,38,Gable,CompShg,HdBoard,HdBoard,,420.0,3,3,CBlock,,,,,404,,0,304,708,GasA,4,Y,,6.56244409369372,708,0,7.255591274253665,0,0,2,1,3,1,3,7,Typ,1,,,38.0,,2,776,,,Y,0,169,0,0,1,0,,,,0,5,WD,Normal,0,1,1,0,1,1,1,1,1,1,1,1,0,1,1,1,1,1,1
12,RL,4.30406509320417,10.110826288821798,Pave,,Reg,Lvl,AllPub,Inside,Gtl,NridgHt,Norm,Norm,1Fam,2Story,8,5,1,1,Gable,CompShg,VinylSd,VinylSd,,280.0,4,3,PConc,,,,,546,,0,512,1058,GasA,5,Y,,6.964135612418245,846,0,7.55171221535131,1,0,2,1,3,1,5,8,Typ,1,,,3.0,,2,736,,,Y,179,60,0,0,0,0,,,,0,6,WD,Normal,0,1,1,0,1,1,1,1,1,1,1,1,0,1,1,1,1,1,1
9,RL,4.30406509320417,9.381614335664525,Pave,,Reg,Lvl,AllPub,Inside,Gtl,NAmes,Norm,Norm,1Fam,1Story,5,7,54,10,Gable,CompShg,MetalSd,MetalSd,,0.0,3,3,CBlock,,,,,248,,1,448,936,GasA,5,Y,,6.841615476477592,0,0,6.841615476477592,1,0,1,0,2,1,3,4,Typ,0,,,54.0,,1,308,,,Y,0,0,1,0,1,0,,,,0,5,WD,Normal,0,1,1,0,1,1,1,1,1,1,1,1,0,1,1,1,1,1,1
4,RM,3.1780538303479458,8.109295666297902,Pave,,Reg,Lvl,AllPub,Inside,Gtl,Blueste,Norm,Norm,Twnhs,2Story,6,6,28,28,Gable,CompShg,MetalSd,MetalSd,,0.0,3,4,CBlock,,,,,81,,1,23,716,GasA,3,Y,,6.573680166960646,840,0,7.349873704738337,1,0,2,1,3,1,3,6,Typ,1,,,28.0,,2,452,,,Y,161,0,0,0,0,0,,,,0,7,COD,Normal,0,1,1,0,1,1,1,1,1,1,1,1,0,1,1,1,1,1,1
9,RL,4.941642422609304,10.775130562459758,Pave,,Reg,Lvl,AllPub,Corner,Gtl,Gilbert,Norm,Norm,1Fam,1Story,4,5,59,59,Gable,CompShg,VinylSd,VinylSd,,0.0,3,3,CBlock,,,,,120,,0,744,864,GasA,5,Y,,6.761572768804055,0,0,6.761572768804055,0,0,1,0,2,1,3,4,Typ,0,,,59.0,,2,400,,,Y,0,0,0,0,0,0,,,,0,6,WD,Normal,0,1,1,0,1,1,1,1,1,1,1,1,0,1,1,1,1,1,1
9,RL,,9.76229871979014,Pave,,Reg,Lvl,AllPub,Inside,Gtl,CollgCr,Norm,Norm,1Fam,1Story,7,5,4,4,Gable,CompShg,VinylSd,VinylSd,,295.0,4,3,PConc,,,,,986,,0,668,1654,GasA,5,Y,,7.4109518755836366,0,0,7.4109518755836366,1,0,2,0,3,1,4,6,Typ,0,,,4.0,,3,900,,,Y,0,136,0,0,0,0,,,,0,2,WD,Normal,1,1,1,0,1,1,1,1,1,1,1,1,0,1,1,1,1,1,1
0,RL,,11.110315771420638,Pave,,Reg,Lvl,AllPub,Inside,Gtl,Sawyer,Norm,Norm,1Fam,1Story,5,7,89,0,Gable,CompShg,Wd Sdng,Wd Sdng,,0.0,3,4,BrkTil,,,,,0,,0,816,816,GasA,5,Y,,7.255591274253665,0,0,7.255591274253665,0,0,2,0,3,1,4,7,Typ,0,,,0.0,,2,576,,,N,0,0,1,0,0,0,,,,0,8,WD,Normal,1,1,1,0,1,1,1,1,1,1,1,1,0,1,1,1,1,1,1
12,RL,4.406719247264253,9.937278701257664,Pave,,Reg,Lvl,AllPub,Inside,Gtl,NoRidge,Norm,Norm,1Fam,2Story,8,5,10,10,Gable,CompShg,VinylSd,VinylSd,,673.0,4,3,PConc,,,,,1163,,0,89,1252,GasA,5,Y,,7.145196134997171,1097,0,7.768533300926033,1,0,2,1,3,1,4,8,Typ,1,,,10.0,,3,856,,,Y,0,128,0,0,1,0,,,,0,7,WD,Normal,0,1,1,0,1,1,1,1,1,1,1,1,0,1,1,1,1,1,1
9,RL,4.0943445622221,9.95829931831355,Pave,,Reg,Lvl,AllPub,Inside,Gtl,Sawyer,Norm,Norm,1Fam,1Story,4,7,60,15,Gable,CompShg,VinylSd,HdBoard,,0.0,3,3,CBlock,,,,,442,,0,625,1067,GasA,3,Y,,6.9726062513017535,0,0,6.9726062513017535,0,0,2,0,2,1,4,4,Min2,0,,,14.0,,2,436,,,Y,290,0,0,0,0,0,,,,0,2,WD,Normal,0,1,1,0,1,1,1,1,1,1,1,1,0,1,1,1,1,1,1
3,RM,4.219507705176107,9.873224455623452,Pave,,Reg,Lvl,AllPub,Inside,Gtl,Sawyer,RRAe,Norm,Duplex,1.5Fin,6,5,32,32,Gable,CompShg,VinylSd,VinylSd,,0.0,3,3,Slab,,,,,0,,0,0,0,GasA,3,Y,,7.183870715062453,584,0,7.550661243105336,0,0,2,0,4,2,3,8,Typ,0,,,32.0,,2,539,,,Y,0,0,0,0,0,0,,,,0,4,WD,Normal,0,1,1,0,1,1,1,1,1,1,1,1,0,1,1,1,1,1,1
11,RL,,8.676760950298469,Pave,,Reg,Lvl,AllPub,Inside,Gtl,Blmngtn,Norm,Norm,TwnhsE,1Story,7,5,3,2,Gable,CompShg,VinylSd,VinylSd,,18.0,4,3,PConc,,,,,0,,0,1374,1374,GasA,5,Y,,7.350516171833998,0,0,7.350516171833998,0,0,2,0,2,1,4,7,Typ,1,,,3.0,,2,420,,,Y,143,20,0,0,0,0,,,,0,10,WD,Normal,1,1,1,0,1,1,1,1,1,1,1,1,0,1,1,1,1,1,1
12,RL,4.060443010546419,10.617969207843602,Pave,,IR2,Lvl,AllPub,CulDSac,Gtl,NoRidge,Norm,Norm,1Fam,2Story,7,5,12,12,Gable,CompShg,VinylSd,VinylSd,,30.0,4,3,PConc,,,,,0,,0,1195,1195,GasA,4,Y,,7.085901464365611,644,0,7.516977224604321,0,0,2,1,4,1,3,7,Typ,0,,,12.0,,2,486,,,Y,0,81,0,0,0,0,,,,0,6,WD,Normal,0,1,1,0,1,1,1,1,1,1,1,1,0,1,1,1,1,1,1
